Gene	Score
9606.ENSP00000000233	0.0
9606.ENSP00000158762	0.0
9606.ENSP00000357048	0.0
9606.ENSP00000262305	0.0
9606.ENSP00000329419	0.0
9606.ENSP00000469035	0.0
9606.ENSP00000256682	0.0
9606.ENSP00000314615	0.0
9606.ENSP00000331342	0.0
9606.ENSP00000389095	0.0
9606.ENSP00000480301	0.0
9606.ENSP00000261890	0.0
9606.ENSP00000434442	0.0
9606.ENSP00000249923	0.0
9606.ENSP00000306010	0.0
9606.ENSP00000429900	0.0
9606.ENSP00000482620	0.0
9606.ENSP00000356737	0.0
9606.ENSP00000324287	0.0
9606.ENSP00000263245	0.0
9606.ENSP00000296557	0.0
9606.ENSP00000440005	0.0
9606.ENSP00000418915	0.0
9606.ENSP00000359000	0.0
9606.ENSP00000484121	0.0
9606.ENSP00000307634	0.0
9606.ENSP00000281419	0.0
9606.ENSP00000449270	0.0
9606.ENSP00000000412	0.0
9606.ENSP00000438085	0.0
9606.ENSP00000376792	0.0
9606.ENSP00000386443	0.0
9606.ENSP00000311962	0.0
9606.ENSP00000371175	0.0
9606.ENSP00000349437	0.0
9606.ENSP00000221957	0.0
9606.ENSP00000001008	0.0
9606.ENSP00000351646	0.0
9606.ENSP00000350815	0.0
9606.ENSP00000444810	0.0
9606.ENSP00000401645	0.0
9606.ENSP00000437125	0.0
9606.ENSP00000359385	0.0
9606.ENSP00000431512	0.0
9606.ENSP00000378199	0.0
9606.ENSP00000354558	0.0
9606.ENSP00000451828	0.0
9606.ENSP00000482075	0.0
9606.ENSP00000254322	0.0
9606.ENSP00000303754	0.0
9606.ENSP00000360609	0.0
9606.ENSP00000302961	0.0
9606.ENSP00000371278	0.0
9606.ENSP00000222005	0.0
9606.ENSP00000231509	0.0
9606.ENSP00000335153	0.0
9606.ENSP00000263038	0.0
9606.ENSP00000325120	0.0
9606.ENSP00000292169	0.0
9606.ENSP00000216479	0.0
9606.ENSP00000408910	0.0
9606.ENSP00000262719	0.0
9606.ENSP00000234701	0.0
9606.ENSP00000485525	0.0
9606.ENSP00000364802	0.0
9606.ENSP00000405330	0.0
9606.ENSP00000363822	0.0
9606.ENSP00000364801	0.0
9606.ENSP00000359424	0.0
9606.ENSP00000001146	0.0
9606.ENSP00000260682	0.0
9606.ENSP00000360958	0.0
9606.ENSP00000337450	0.0
9606.ENSP00000222982	0.0
9606.ENSP00000299529	0.0
9606.ENSP00000360317	0.0
9606.ENSP00000308032	0.0
9606.ENSP00000240285	0.0
9606.ENSP00000297785	0.0
9606.ENSP00000224356	0.0
9606.ENSP00000498424	0.0
9606.ENSP00000480571	0.0
9606.ENSP00000342007	0.0
9606.ENSP00000498939	0.0
9606.ENSP00000378488	0.0
9606.ENSP00000363832	0.0
9606.ENSP00000285979	0.0
9606.ENSP00000301141	0.0
9606.ENSP00000304811	0.0
9606.ENSP00000324648	0.0
9606.ENSP00000311095	0.0
9606.ENSP00000475028	0.0
9606.ENSP00000275764	0.0
9606.ENSP00000332256	0.0
9606.ENSP00000249750	0.0
9606.ENSP00000341021	0.0
9606.ENSP00000303174	0.0
9606.ENSP00000002125	0.0
9606.ENSP00000323076	0.0
9606.ENSP00000379430	0.0
9606.ENSP00000301457	0.0
9606.ENSP00000263774	0.0
9606.ENSP00000356972	0.0
9606.ENSP00000418803	0.0
9606.ENSP00000252711	0.0
9606.ENSP00000315774	0.0
9606.ENSP00000358272	0.0
9606.ENSP00000233627	0.0
9606.ENSP00000260361	0.0
9606.ENSP00000351737	0.0
9606.ENSP00000367346	0.0
9606.ENSP00000281081	0.0
9606.ENSP00000296597	0.0
9606.ENSP00000259037	0.0
9606.ENSP00000423673	0.0
9606.ENSP00000349142	0.0
9606.ENSP00000312618	0.0
9606.ENSP00000270517	0.0
9606.ENSP00000331640	0.0
9606.ENSP00000417142	0.0
9606.ENSP00000002165	0.0
9606.ENSP00000363603	0.0
9606.ENSP00000306920	0.0
9606.ENSP00000002596	0.0
9606.ENSP00000359581	0.0
9606.ENSP00000333310	0.0
9606.ENSP00000356433	0.0
9606.ENSP00000261858	0.0
9606.ENSP00000308770	0.0
9606.ENSP00000272452	0.0
9606.ENSP00000259241	0.0
9606.ENSP00000002829	0.0
9606.ENSP00000352882	0.0
9606.ENSP00000377061	0.0
9606.ENSP00000368314	0.0
9606.ENSP00000265371	0.0
9606.ENSP00000317128	0.0
9606.ENSP00000353582	0.0
9606.ENSP00000358696	0.0
9606.ENSP00000003084	0.0
9606.ENSP00000366488	0.0
9606.ENSP00000364235	0.0
9606.ENSP00000247461	0.0
9606.ENSP00000308720	0.0
9606.ENSP00000357484	0.0
9606.ENSP00000359596	0.0
9606.ENSP00000345751	0.0
9606.ENSP00000347742	0.0
9606.ENSP00000356102	0.0
9606.ENSP00000494017	0.0
9606.ENSP00000248553	0.0
9606.ENSP00000361930	0.0
9606.ENSP00000397133	0.0
9606.ENSP00000259512	0.0
9606.ENSP00000348416	0.0
9606.ENSP00000309591	0.0
9606.ENSP00000320508	0.0
9606.ENSP00000347778	0.0
9606.ENSP00000365116	0.0
9606.ENSP00000488437	0.0
9606.ENSP00000345873	0.0
9606.ENSP00000449404	0.0
9606.ENSP00000262461	0.0
9606.ENSP00000323867	0.0
9606.ENSP00000300061	0.0
9606.ENSP00000359594	0.0
9606.ENSP00000313391	0.0
9606.ENSP00000261170	0.0
9606.ENSP00000254101	0.0
9606.ENSP00000304783	0.0
9606.ENSP00000498246	0.0
9606.ENSP00000361662	0.0
9606.ENSP00000408005	0.0
9606.ENSP00000392330	0.0
9606.ENSP00000441369	0.0
9606.ENSP00000376432	0.0
9606.ENSP00000349493	0.0
9606.ENSP00000358866	0.0
9606.ENSP00000287878	0.0
9606.ENSP00000306330	0.0
9606.ENSP00000347454	0.0
9606.ENSP00000353292	0.0
9606.ENSP00000346148	0.0
9606.ENSP00000359719	0.0
9606.ENSP00000351777	0.0
9606.ENSP00000360290	0.0
9606.ENSP00000296695	0.0
9606.ENSP00000290649	0.0
9606.ENSP00000238738	0.0
9606.ENSP00000378920	0.0
9606.ENSP00000342143	0.0
9606.ENSP00000383199	0.0
9606.ENSP00000457411	0.0
9606.ENSP00000234160	0.0
9606.ENSP00000369127	0.0
9606.ENSP00000338934	0.0
9606.ENSP00000373489	0.0
9606.ENSP00000379287	0.0
9606.ENSP00000331915	0.0
9606.ENSP00000494750	0.0
9606.ENSP00000365804	0.0
9606.ENSP00000262613	0.0
9606.ENSP00000264938	0.0
9606.ENSP00000219548	0.0
9606.ENSP00000003100	0.0
9606.ENSP00000359297	0.0
9606.ENSP00000344741	0.0
9606.ENSP00000417052	0.0
9606.ENSP00000360316	0.0
9606.ENSP00000354468	0.0
9606.ENSP00000277010	0.0
9606.ENSP00000228510	0.0
9606.ENSP00000358421	0.0
9606.ENSP00000322706	0.0
9606.ENSP00000419970	0.0
9606.ENSP00000349078	0.0
9606.ENSP00000256319	0.0
9606.ENSP00000242480	0.0
9606.ENSP00000297679	0.0
9606.ENSP00000264027	0.0
9606.ENSP00000491537	0.0
9606.ENSP00000254521	0.0
9606.ENSP00000445122	0.0
9606.ENSP00000348069	0.0
9606.ENSP00000217971	0.0
9606.ENSP00000301012	0.0
9606.ENSP00000354476	0.0
9606.ENSP00000332407	0.0
9606.ENSP00000347717	0.0
9606.ENSP00000339883	0.0
9606.ENSP00000380837	0.0
9606.ENSP00000358414	0.0
9606.ENSP00000341625	0.0
9606.ENSP00000360918	0.0
9606.ENSP00000277517	0.0
9606.ENSP00000320604	0.0
9606.ENSP00000370748	0.0
9606.ENSP00000260970	0.0
9606.ENSP00000265896	0.0
9606.ENSP00000356015	0.0
9606.ENSP00000287936	0.0
9606.ENSP00000308430	0.0
9606.ENSP00000279263	0.0
9606.ENSP00000261507	0.0
9606.ENSP00000003302	0.0
9606.ENSP00000444357	0.0
9606.ENSP00000280377	0.0
9606.ENSP00000272317	0.0
9606.ENSP00000383042	0.0
9606.ENSP00000313811	0.0
9606.ENSP00000371475	0.0
9606.ENSP00000229268	0.0
9606.ENSP00000441543	0.0
9606.ENSP00000260187	0.0
9606.ENSP00000263966	0.0
9606.ENSP00000265560	0.0
9606.ENSP00000388107	0.0
9606.ENSP00000478771	0.0
9606.ENSP00000261601	0.0
9606.ENSP00000478887	0.0
9606.ENSP00000372023	0.0
9606.ENSP00000312995	0.0
9606.ENSP00000379721	0.0
9606.ENSP00000474725	0.0
9606.ENSP00000269305	0.0
9606.ENSP00000004531	0.0
9606.ENSP00000261783	0.0
9606.ENSP00000349446	0.0
9606.ENSP00000004982	0.0
9606.ENSP00000281938	0.0
9606.ENSP00000251968	0.0
9606.ENSP00000315182	0.0
9606.ENSP00000340989	0.0
9606.ENSP00000358081	0.0
9606.ENSP00000340019	0.0
9606.ENSP00000005178	0.0
9606.ENSP00000301455	0.0
9606.ENSP00000280346	0.0
9606.ENSP00000420927	0.0
9606.ENSP00000264867	0.0
9606.ENSP00000379011	0.0
9606.ENSP00000378487	0.0
9606.ENSP00000310928	0.0
9606.ENSP00000323740	0.0
9606.ENSP00000306253	0.0
9606.ENSP00000369134	0.0
9606.ENSP00000297185	0.0
9606.ENSP00000307786	0.0
9606.ENSP00000227868	0.0
9606.ENSP00000380432	0.0
9606.ENSP00000309548	0.0
9606.ENSP00000498864	0.0
9606.ENSP00000320935	0.0
9606.ENSP00000363435	0.0
9606.ENSP00000385523	0.0
9606.ENSP00000005226	0.0
9606.ENSP00000495481	0.0
9606.ENSP00000382323	0.0
9606.ENSP00000384582	0.0
9606.ENSP00000372295	0.0
9606.ENSP00000386331	0.0
9606.ENSP00000305941	0.0
9606.ENSP00000415090	0.0
9606.ENSP00000424565	0.0
9606.ENSP00000410083	0.0
9606.ENSP00000494684	0.0
9606.ENSP00000363068	0.0
9606.ENSP00000265965	0.0
9606.ENSP00000354623	0.0
9606.ENSP00000252597	0.0
9606.ENSP00000382670	0.0
9606.ENSP00000496593	0.0
9606.ENSP00000258930	0.0
9606.ENSP00000329158	0.0
9606.ENSP00000498322	0.0
9606.ENSP00000480489	0.0
9606.ENSP00000390394	0.0
9606.ENSP00000224721	0.0
9606.ENSP00000380676	0.0
9606.ENSP00000351732	0.0
9606.ENSP00000480279	0.0
9606.ENSP00000308772	0.0
9606.ENSP00000494321	0.0
9606.ENSP00000005257	0.0
9606.ENSP00000262879	0.0
9606.ENSP00000420213	0.0
9606.ENSP00000394560	0.0
9606.ENSP00000484855	0.0
9606.ENSP00000400175	0.0
9606.ENSP00000342793	0.0
9606.ENSP00000377075	0.0
9606.ENSP00000355605	0.0
9606.ENSP00000274376	0.0
9606.ENSP00000372924	0.0
9606.ENSP00000368824	0.0
9606.ENSP00000290691	0.0
9606.ENSP00000356231	0.0
9606.ENSP00000256366	0.0
9606.ENSP00000298316	0.0
9606.ENSP00000202677	0.0
9606.ENSP00000489442	0.0
9606.ENSP00000351255	0.0
9606.ENSP00000425587	0.0
9606.ENSP00000378974	0.0
9606.ENSP00000311344	0.0
9606.ENSP00000291295	0.0
9606.ENSP00000249071	0.0
9606.ENSP00000272519	0.0
9606.ENSP00000256078	0.0
9606.ENSP00000349824	0.0
9606.ENSP00000304283	0.0
9606.ENSP00000369689	0.0
9606.ENSP00000420211	0.0
9606.ENSP00000315299	0.0
9606.ENSP00000304643	0.0
9606.ENSP00000300935	0.0
9606.ENSP00000407586	0.0
9606.ENSP00000370695	0.0
9606.ENSP00000253861	0.0
9606.ENSP00000356607	0.0
9606.ENSP00000497444	0.0
9606.ENSP00000419081	0.0
9606.ENSP00000430344	0.0
9606.ENSP00000499717	0.0
9606.ENSP00000401888	0.0
9606.ENSP00000228251	0.0
9606.ENSP00000327145	0.0
9606.ENSP00000362680	0.0
9606.ENSP00000260762	0.0
9606.ENSP00000334100	0.0
9606.ENSP00000361120	0.0
9606.ENSP00000230449	0.0
9606.ENSP00000263088	0.0
9606.ENSP00000303192	0.0
9606.ENSP00000005260	0.0
9606.ENSP00000223023	0.0
9606.ENSP00000365891	0.0
9606.ENSP00000239891	0.0
9606.ENSP00000494689	0.0
9606.ENSP00000483313	0.0
9606.ENSP00000380793	0.0
9606.ENSP00000497733	0.0
9606.ENSP00000316338	0.0
9606.ENSP00000333813	0.0
9606.ENSP00000005284	0.0
9606.ENSP00000320025	0.0
9606.ENSP00000282499	0.0
9606.ENSP00000454468	0.0
9606.ENSP00000371180	0.0
9606.ENSP00000375647	0.0
9606.ENSP00000349320	0.0
9606.ENSP00000365441	0.0
9606.ENSP00000360608	0.0
9606.ENSP00000390423	0.0
9606.ENSP00000352608	0.0
9606.ENSP00000355192	0.0
9606.ENSP00000226021	0.0
9606.ENSP00000282611	0.0
9606.ENSP00000288139	0.0
9606.ENSP00000371037	0.0
9606.ENSP00000309052	0.0
9606.ENSP00000481554	0.0
9606.ENSP00000264833	0.0
9606.ENSP00000310003	0.0
9606.ENSP00000428994	0.0
9606.ENSP00000266376	0.0
9606.ENSP00000438949	0.0
9606.ENSP00000355492	0.0
9606.ENSP00000381247	0.0
9606.ENSP00000365503	0.0
9606.ENSP00000347754	0.0
9606.ENSP00000293190	0.0
9606.ENSP00000436836	0.0
9606.ENSP00000379098	0.0
9606.ENSP00000454014	0.0
9606.ENSP00000390084	0.0
9606.ENSP00000491717	0.0
9606.ENSP00000432459	0.0
9606.ENSP00000355155	0.0
9606.ENSP00000270458	0.0
9606.ENSP00000262138	0.0
9606.ENSP00000234389	0.0
9606.ENSP00000256343	0.0
9606.ENSP00000383003	0.0
9606.ENSP00000500386	0.0
9606.ENSP00000489829	0.0
9606.ENSP00000329200	0.0
9606.ENSP00000372169	0.0
9606.ENSP00000377840	0.0
9606.ENSP00000272133	0.0
9606.ENSP00000296526	0.0
9606.ENSP00000263269	0.0
9606.ENSP00000252729	0.0
9606.ENSP00000386962	0.0
9606.ENSP00000334198	0.0
9606.ENSP00000301050	0.0
9606.ENSP00000332549	0.0
9606.ENSP00000477455	0.0
9606.ENSP00000300105	0.0
9606.ENSP00000005286	0.0
9606.ENSP00000324173	0.0
9606.ENSP00000005340	0.0
9606.ENSP00000378248	0.0
9606.ENSP00000286548	0.0
9606.ENSP00000360060	0.0
9606.ENSP00000352069	0.0
9606.ENSP00000263388	0.0
9606.ENSP00000284523	0.0
9606.ENSP00000347672	0.0
9606.ENSP00000403362	0.0
9606.ENSP00000316054	0.0
9606.ENSP00000356230	0.0
9606.ENSP00000240093	0.0
9606.ENSP00000337439	0.0
9606.ENSP00000343129	0.0
9606.ENSP00000354607	0.0
9606.ENSP00000457230	0.0
9606.ENSP00000360058	0.0
9606.ENSP00000473553	0.0
9606.ENSP00000495360	0.0
9606.ENSP00000368166	0.0
9606.ENSP00000302625	0.0
9606.ENSP00000337443	0.0
9606.ENSP00000498587	0.0
9606.ENSP00000296849	0.0
9606.ENSP00000262435	0.0
9606.ENSP00000427793	0.0
9606.ENSP00000345064	0.0
9606.ENSP00000293549	0.0
9606.ENSP00000419465	0.0
9606.ENSP00000403701	0.0
9606.ENSP00000365042	0.0
9606.ENSP00000434034	0.0
9606.ENSP00000470248	0.0
9606.ENSP00000286201	0.0
9606.ENSP00000323901	0.0
9606.ENSP00000256646	0.0
9606.ENSP00000387739	0.0
9606.ENSP00000262506	0.0
9606.ENSP00000381531	0.0
9606.ENSP00000374507	0.0
9606.ENSP00000426653	0.0
9606.ENSP00000262738	0.0
9606.ENSP00000268459	0.0
9606.ENSP00000261349	0.0
9606.ENSP00000363826	0.0
9606.ENSP00000361027	0.0
9606.ENSP00000374455	0.0
9606.ENSP00000257430	0.0
9606.ENSP00000287934	0.0
9606.ENSP00000298910	0.0
9606.ENSP00000364683	0.0
9606.ENSP00000261798	0.0
9606.ENSP00000229030	0.0
9606.ENSP00000324806	0.0
9606.ENSP00000499786	0.0
9606.ENSP00000262320	0.0
9606.ENSP00000264634	0.0
9606.ENSP00000256474	0.0
9606.ENSP00000217244	0.0
9606.ENSP00000219255	0.0
9606.ENSP00000296257	0.0
9606.ENSP00000380044	0.0
9606.ENSP00000300093	0.0
9606.ENSP00000409581	0.0
9606.ENSP00000492363	0.0
9606.ENSP00000264414	0.0
9606.ENSP00000364163	0.0
9606.ENSP00000351605	0.0
9606.ENSP00000404911	0.0
9606.ENSP00000220772	0.0
9606.ENSP00000378557	0.0
9606.ENSP00000357040	0.0
9606.ENSP00000262457	0.0
9606.ENSP00000325526	0.0
9606.ENSP00000357459	0.0
9606.ENSP00000381876	0.0
9606.ENSP00000345785	0.0
9606.ENSP00000442954	0.0
9606.ENSP00000290167	0.0
9606.ENSP00000354621	0.0
9606.ENSP00000294304	0.0
9606.ENSP00000380379	0.0
9606.ENSP00000463069	0.0
9606.ENSP00000005386	0.0
9606.ENSP00000478396	0.0
9606.ENSP00000202017	0.0
9606.ENSP00000262319	0.0
9606.ENSP00000318297	0.0
9606.ENSP00000262265	0.0
9606.ENSP00000361446	0.0
9606.ENSP00000475224	0.0
9606.ENSP00000441930	0.0
9606.ENSP00000302478	0.0
9606.ENSP00000251871	0.0
9606.ENSP00000264718	0.0
9606.ENSP00000476948	0.0
9606.ENSP00000328327	0.0
9606.ENSP00000341779	0.0
9606.ENSP00000228347	0.0
9606.ENSP00000392094	0.0
9606.ENSP00000376097	0.0
9606.ENSP00000318641	0.0
9606.ENSP00000263857	0.0
9606.ENSP00000292614	0.0
9606.ENSP00000385725	0.0
9606.ENSP00000362547	0.0
9606.ENSP00000473172	0.0
9606.ENSP00000266987	0.0
9606.ENSP00000326031	0.0
9606.ENSP00000280350	0.0
9606.ENSP00000264279	0.0
9606.ENSP00000299853	0.0
9606.ENSP00000295121	0.0
9606.ENSP00000298552	0.0
9606.ENSP00000298292	0.0
9606.ENSP00000442770	0.0
9606.ENSP00000308548	0.0
9606.ENSP00000337393	0.0
9606.ENSP00000356989	0.0
9606.ENSP00000378563	0.0
9606.ENSP00000306123	0.0
9606.ENSP00000478303	0.0
9606.ENSP00000370625	0.0
9606.ENSP00000324124	0.0
9606.ENSP00000496044	0.0
9606.ENSP00000005587	0.0
9606.ENSP00000478763	0.0
9606.ENSP00000046794	0.0
9606.ENSP00000493623	0.0
9606.ENSP00000477713	0.0
9606.ENSP00000293379	0.0
9606.ENSP00000380227	0.0
9606.ENSP00000379350	0.0
9606.ENSP00000346671	0.0
9606.ENSP00000408342	0.0
9606.ENSP00000428924	0.0
9606.ENSP00000006015	0.0
9606.ENSP00000359319	0.0
9606.ENSP00000283921	0.0
9606.ENSP00000497112	0.0
9606.ENSP00000368880	0.0
9606.ENSP00000405890	0.0
9606.ENSP00000006053	0.0
9606.ENSP00000225844	0.0
9606.ENSP00000309968	0.0
9606.ENSP00000375086	0.0
9606.ENSP00000302234	0.0
9606.ENSP00000379140	0.0
9606.ENSP00000306512	0.0
9606.ENSP00000412237	0.0
9606.ENSP00000292303	0.0
9606.ENSP00000308815	0.0
9606.ENSP00000246657	0.0
9606.ENSP00000296871	0.0
9606.ENSP00000229135	0.0
9606.ENSP00000259607	0.0
9606.ENSP00000379110	0.0
9606.ENSP00000474412	0.0
9606.ENSP00000225474	0.0
9606.ENSP00000386559	0.0
9606.ENSP00000286758	0.0
9606.ENSP00000396198	0.0
9606.ENSP00000078429	0.0
9606.ENSP00000378365	0.0
9606.ENSP00000219244	0.0
9606.ENSP00000497260	0.0
9606.ENSP00000296026	0.0
9606.ENSP00000264498	0.0
9606.ENSP00000404131	0.0
9606.ENSP00000351671	0.0
9606.ENSP00000367872	0.0
9606.ENSP00000260408	0.0
9606.ENSP00000469613	0.0
9606.ENSP00000286301	0.0
9606.ENSP00000259631	0.0
9606.ENSP00000386884	0.0
9606.ENSP00000359663	0.0
9606.ENSP00000296027	0.0
9606.ENSP00000263341	0.0
9606.ENSP00000398698	0.0
9606.ENSP00000332504	0.0
9606.ENSP00000295683	0.0
9606.ENSP00000351059	0.0
9606.ENSP00000263851	0.0
9606.ENSP00000395704	0.0
9606.ENSP00000441600	0.0
9606.ENSP00000311035	0.0
9606.ENSP00000292301	0.0
9606.ENSP00000263339	0.0
9606.ENSP00000367832	0.0
9606.ENSP00000420298	0.0
9606.ENSP00000296140	0.0
9606.ENSP00000226730	0.0
9606.ENSP00000362795	0.0
9606.ENSP00000264832	0.0
9606.ENSP00000310405	0.0
9606.ENSP00000296029	0.0
9606.ENSP00000477908	0.0
9606.ENSP00000225831	0.0
9606.ENSP00000496959	0.0
9606.ENSP00000326432	0.0
9606.ENSP00000226317	0.0
9606.ENSP00000225842	0.0
9606.ENSP00000482259	0.0
9606.ENSP00000334448	0.0
9606.ENSP00000319635	0.0
9606.ENSP00000350256	0.0
9606.ENSP00000292174	0.0
9606.ENSP00000306884	0.0
9606.ENSP00000343952	0.0
9606.ENSP00000231449	0.0
9606.ENSP00000385675	0.0
9606.ENSP00000427279	0.0
9606.ENSP00000354901	0.0
9606.ENSP00000265171	0.0
9606.ENSP00000369554	0.0
9606.ENSP00000293778	0.0
9606.ENSP00000305651	0.0
9606.ENSP00000219235	0.0
9606.ENSP00000006275	0.0
9606.ENSP00000409231	0.0
9606.ENSP00000392495	0.0
9606.ENSP00000302783	0.0
9606.ENSP00000387286	0.0
9606.ENSP00000436005	0.0
9606.ENSP00000310226	0.0
9606.ENSP00000485615	0.0
9606.ENSP00000357591	0.0
9606.ENSP00000470262	0.0
9606.ENSP00000283351	0.0
9606.ENSP00000324318	0.0
9606.ENSP00000291574	0.0
9606.ENSP00000335371	0.0
9606.ENSP00000457728	0.0
9606.ENSP00000330289	0.0
9606.ENSP00000469888	0.0
9606.ENSP00000373979	0.0
9606.ENSP00000480332	0.0
9606.ENSP00000006526	0.0
9606.ENSP00000349052	0.0
9606.ENSP00000006658	0.0
9606.ENSP00000315644	0.0
9606.ENSP00000498786	0.0
9606.ENSP00000007390	0.0
9606.ENSP00000329858	0.0
9606.ENSP00000407613	0.0
9606.ENSP00000301364	0.0
9606.ENSP00000425048	0.0
9606.ENSP00000251250	0.0
9606.ENSP00000470560	0.0
9606.ENSP00000364293	0.0
9606.ENSP00000007414	0.0
9606.ENSP00000345656	0.0
9606.ENSP00000007699	0.0
9606.ENSP00000419457	0.0
9606.ENSP00000333097	0.0
9606.ENSP00000294638	0.0
9606.ENSP00000404438	0.0
9606.ENSP00000007735	0.0
9606.ENSP00000251646	0.0
9606.ENSP00000377570	0.0
9606.ENSP00000251645	0.0
9606.ENSP00000008391	0.0
9606.ENSP00000377265	0.0
9606.ENSP00000501092	0.0
9606.ENSP00000008527	0.0
9606.ENSP00000379682	0.0
9606.ENSP00000359206	0.0
9606.ENSP00000479168	0.0
9606.ENSP00000338283	0.0
9606.ENSP00000327025	0.0
9606.ENSP00000256495	0.0
9606.ENSP00000297689	0.0
9606.ENSP00000478187	0.0
9606.ENSP00000497274	0.0
9606.ENSP00000426983	0.0
9606.ENSP00000266304	0.0
9606.ENSP00000246672	0.0
9606.ENSP00000450607	0.0
9606.ENSP00000384517	0.0
9606.ENSP00000231487	0.0
9606.ENSP00000347834	0.0
9606.ENSP00000266503	0.0
9606.ENSP00000383067	0.0
9606.ENSP00000326804	0.0
9606.ENSP00000366093	0.0
9606.ENSP00000314420	0.0
9606.ENSP00000254657	0.0
9606.ENSP00000242728	0.0
9606.ENSP00000261523	0.0
9606.ENSP00000482093	0.0
9606.ENSP00000310006	0.0
9606.ENSP00000262178	0.0
9606.ENSP00000456340	0.0
9606.ENSP00000008938	0.0
9606.ENSP00000216336	0.0
9606.ENSP00000222823	0.0
9606.ENSP00000262865	0.0
9606.ENSP00000244709	0.0
9606.ENSP00000297435	0.0
9606.ENSP00000300589	0.0
9606.ENSP00000236826	0.0
9606.ENSP00000231751	0.0
9606.ENSP00000296435	0.0
9606.ENSP00000009041	0.0
9606.ENSP00000337446	0.0
9606.ENSP00000417175	0.0
9606.ENSP00000451206	0.0
9606.ENSP00000369860	0.0
9606.ENSP00000269228	0.0
9606.ENSP00000276449	0.0
9606.ENSP00000009105	0.0
9606.ENSP00000297494	0.0
9606.ENSP00000264773	0.0
9606.ENSP00000262053	0.0
9606.ENSP00000387699	0.0
9606.ENSP00000499797	0.0
9606.ENSP00000009530	0.0
9606.ENSP00000428085	0.0
9606.ENSP00000498019	0.0
9606.ENSP00000357494	0.0
9606.ENSP00000295822	0.0
9606.ENSP00000423399	0.0
9606.ENSP00000243253	0.0
9606.ENSP00000408146	0.0
9606.ENSP00000258955	0.0
9606.ENSP00000219252	0.0
9606.ENSP00000311430	0.0
9606.ENSP00000261708	0.0
9606.ENSP00000362744	0.0
9606.ENSP00000495273	0.0
9606.ENSP00000346037	0.0
9606.ENSP00000364080	0.0
9606.ENSP00000259951	0.0
9606.ENSP00000472985	0.0
9606.ENSP00000229829	0.0
9606.ENSP00000428223	0.0
9606.ENSP00000297579	0.0
9606.ENSP00000296102	0.0
9606.ENSP00000449544	0.0
9606.ENSP00000370589	0.0
9606.ENSP00000472469	0.0
9606.ENSP00000435096	0.0
9606.ENSP00000307567	0.0
9606.ENSP00000300651	0.0
9606.ENSP00000355541	0.0
9606.ENSP00000398632	0.0
9606.ENSP00000327179	0.0
9606.ENSP00000363018	0.0
9606.ENSP00000364076	0.0
9606.ENSP00000333837	0.0
9606.ENSP00000354580	0.0
9606.ENSP00000262584	0.0
9606.ENSP00000490263	0.0
9606.ENSP00000429374	0.0
9606.ENSP00000258455	0.0
9606.ENSP00000357981	0.0
9606.ENSP00000389103	0.0
9606.ENSP00000463842	0.0
9606.ENSP00000396330	0.0
9606.ENSP00000379888	0.0
9606.ENSP00000288022	0.0
9606.ENSP00000288937	0.0
9606.ENSP00000346080	0.0
9606.ENSP00000466010	0.0
9606.ENSP00000341885	0.0
9606.ENSP00000292574	0.0
9606.ENSP00000232905	0.0
9606.ENSP00000377640	0.0
9606.ENSP00000492441	0.0
9606.ENSP00000418082	0.0
9606.ENSP00000382250	0.0
9606.ENSP00000369757	0.0
9606.ENSP00000463784	0.0
9606.ENSP00000314193	0.0
9606.ENSP00000296792	0.0
9606.ENSP00000216554	0.0
9606.ENSP00000483484	0.0
9606.ENSP00000376911	0.0
9606.ENSP00000454786	0.0
9606.ENSP00000322439	0.0
9606.ENSP00000414321	0.0
9606.ENSP00000496250	0.0
9606.ENSP00000331019	0.0
9606.ENSP00000384952	0.0
9606.ENSP00000496832	0.0
9606.ENSP00000308897	0.0
9606.ENSP00000376055	0.0
9606.ENSP00000345957	0.0
9606.ENSP00000494697	0.0
9606.ENSP00000447001	0.0
9606.ENSP00000363976	0.0
9606.ENSP00000339795	0.0
9606.ENSP00000326981	0.0
9606.ENSP00000328854	0.0
9606.ENSP00000358140	0.0
9606.ENSP00000380948	0.0
9606.ENSP00000223324	0.0
9606.ENSP00000307889	0.0
9606.ENSP00000215754	0.0
9606.ENSP00000403172	0.0
9606.ENSP00000373404	0.0
9606.ENSP00000359018	0.0
9606.ENSP00000306902	0.0
9606.ENSP00000306548	0.0
9606.ENSP00000464342	0.0
9606.ENSP00000346015	0.0
9606.ENSP00000339398	0.0
9606.ENSP00000481646	0.0
9606.ENSP00000364320	0.0
9606.ENSP00000486252	0.0
9606.ENSP00000353099	0.0
9606.ENSP00000361076	0.0
9606.ENSP00000420311	0.0
9606.ENSP00000418221	0.0
9606.ENSP00000470972	0.0
9606.ENSP00000359571	0.0
9606.ENSP00000362036	0.0
9606.ENSP00000478982	0.0
9606.ENSP00000426909	0.0
9606.ENSP00000309334	0.0
9606.ENSP00000279242	0.0
9606.ENSP00000259469	0.0
9606.ENSP00000389351	0.0
9606.ENSP00000230050	0.0
9606.ENSP00000225430	0.0
9606.ENSP00000367806	0.0
9606.ENSP00000363308	0.0
9606.ENSP00000359345	0.0
9606.ENSP00000378163	0.0
9606.ENSP00000460871	0.0
9606.ENSP00000393241	0.0
9606.ENSP00000265195	0.0
9606.ENSP00000230340	0.0
9606.ENSP00000413436	0.0
9606.ENSP00000386134	0.0
9606.ENSP00000264995	0.0
9606.ENSP00000364398	0.0
9606.ENSP00000363746	0.0
9606.ENSP00000360034	0.0
9606.ENSP00000229214	0.0
9606.ENSP00000343867	0.0
9606.ENSP00000354739	0.0
9606.ENSP00000345672	0.0
9606.ENSP00000383949	0.0
9606.ENSP00000431240	0.0
9606.ENSP00000318646	0.0
9606.ENSP00000371169	0.0
9606.ENSP00000349274	0.0
9606.ENSP00000321449	0.0
9606.ENSP00000395590	0.0
9606.ENSP00000272418	0.0
9606.ENSP00000375632	0.0
9606.ENSP00000366798	0.0
9606.ENSP00000381736	0.0
9606.ENSP00000081029	0.0
9606.ENSP00000306788	0.0
9606.ENSP00000309830	0.0
9606.ENSP00000419449	0.0
9606.ENSP00000355315	0.0
9606.ENSP00000375730	0.0
9606.ENSP00000298283	0.0
9606.ENSP00000463379	0.0
9606.ENSP00000355890	0.0
9606.ENSP00000284981	0.0
9606.ENSP00000315017	0.0
9606.ENSP00000296674	0.0
9606.ENSP00000254803	0.0
9606.ENSP00000481697	0.0
9606.ENSP00000341082	0.0
9606.ENSP00000386655	0.0
9606.ENSP00000232888	0.0
9606.ENSP00000357320	0.0
9606.ENSP00000398890	0.0
9606.ENSP00000370950	0.0
9606.ENSP00000360498	0.0
9606.ENSP00000431822	0.0
9606.ENSP00000358812	0.0
9606.ENSP00000363642	0.0
9606.ENSP00000404375	0.0
9606.ENSP00000346088	0.0
9606.ENSP00000333401	0.0
9606.ENSP00000294189	0.0
9606.ENSP00000248342	0.0
9606.ENSP00000464813	0.0
9606.ENSP00000300648	0.0
9606.ENSP00000444136	0.0
9606.ENSP00000477781	0.0
9606.ENSP00000449328	0.0
9606.ENSP00000411010	0.0
9606.ENSP00000416429	0.0
9606.ENSP00000431040	0.0
9606.ENSP00000377814	0.0
9606.ENSP00000268206	0.0
9606.ENSP00000354722	0.0
9606.ENSP00000454836	0.0
9606.ENSP00000263629	0.0
9606.ENSP00000423067	0.0
9606.ENSP00000261637	0.0
9606.ENSP00000496848	0.0
9606.ENSP00000300151	0.0
9606.ENSP00000336702	0.0
9606.ENSP00000346050	0.0
9606.ENSP00000364114	0.0
9606.ENSP00000454370	0.0
9606.ENSP00000345344	0.0
9606.ENSP00000435777	0.0
9606.ENSP00000438788	0.0
9606.ENSP00000354525	0.0
9606.ENSP00000362105	0.0
9606.ENSP00000365817	0.0
9606.ENSP00000360850	0.0
9606.ENSP00000278572	0.0
9606.ENSP00000497910	0.0
9606.ENSP00000268661	0.0
9606.ENSP00000393566	0.0
9606.ENSP00000456218	0.0
9606.ENSP00000250784	0.0
9606.ENSP00000454746	0.0
9606.ENSP00000283109	0.0
9606.ENSP00000332604	0.0
9606.ENSP00000399168	0.0
9606.ENSP00000365402	0.0
9606.ENSP00000292586	0.0
9606.ENSP00000270625	0.0
9606.ENSP00000325002	0.0
9606.ENSP00000402346	0.0
9606.ENSP00000255631	0.0
9606.ENSP00000252602	0.0
9606.ENSP00000370201	0.0
9606.ENSP00000452763	0.0
9606.ENSP00000499044	0.0
9606.ENSP00000410746	0.0
9606.ENSP00000364119	0.0
9606.ENSP00000289371	0.0
9606.ENSP00000356548	0.0
9606.ENSP00000244230	0.0
9606.ENSP00000357823	0.0
9606.ENSP00000346001	0.0
9606.ENSP00000384302	0.0
9606.ENSP00000485010	0.0
9606.ENSP00000297990	0.0
9606.ENSP00000386717	0.0
9606.ENSP00000274242	0.0
9606.ENSP00000225969	0.0
9606.ENSP00000371101	0.0
9606.ENSP00000296577	0.0
9606.ENSP00000495672	0.0
9606.ENSP00000053468	0.0
9606.ENSP00000301585	0.0
9606.ENSP00000377486	0.0
9606.ENSP00000348849	0.0
9606.ENSP00000379873	0.0
9606.ENSP00000339844	0.0
9606.ENSP00000222247	0.0
9606.ENSP00000344393	0.0
9606.ENSP00000368927	0.0
9606.ENSP00000264263	0.0
9606.ENSP00000405068	0.0
9606.ENSP00000307940	0.0
9606.ENSP00000430706	0.0
9606.ENSP00000313877	0.0
9606.ENSP00000225298	0.0
9606.ENSP00000378786	0.0
9606.ENSP00000216190	0.0
9606.ENSP00000477848	0.0
9606.ENSP00000308179	0.0
9606.ENSP00000355228	0.0
9606.ENSP00000259239	0.0
9606.ENSP00000346027	0.0
9606.ENSP00000257829	0.0
9606.ENSP00000389356	0.0
9606.ENSP00000379506	0.0
9606.ENSP00000256383	0.0
9606.ENSP00000312311	0.0
9606.ENSP00000417602	0.0
9606.ENSP00000298428	0.0
9606.ENSP00000420714	0.0
9606.ENSP00000381386	0.0
9606.ENSP00000346012	0.0
9606.ENSP00000229769	0.0
9606.ENSP00000245539	0.0
9606.ENSP00000362208	0.0
9606.ENSP00000379339	0.0
9606.ENSP00000370125	0.0
9606.ENSP00000011292	0.0
9606.ENSP00000365075	0.0
9606.ENSP00000222481	0.0
9606.ENSP00000466009	0.0
9606.ENSP00000352639	0.0
9606.ENSP00000259938	0.0
9606.ENSP00000358223	0.0
9606.ENSP00000433933	0.0
9606.ENSP00000501111	0.0
9606.ENSP00000354294	0.0
9606.ENSP00000303963	0.0
9606.ENSP00000417222	0.0
9606.ENSP00000296046	0.0
9606.ENSP00000290122	0.0
9606.ENSP00000325564	0.0
9606.ENSP00000293636	0.0
9606.ENSP00000338369	0.0
9606.ENSP00000365687	0.0
9606.ENSP00000458537	0.0
9606.ENSP00000011473	0.0
9606.ENSP00000418572	0.0
9606.ENSP00000011619	0.0
9606.ENSP00000498603	0.0
9606.ENSP00000424838	0.0
9606.ENSP00000268719	0.0
9606.ENSP00000355388	0.0
9606.ENSP00000431418	0.0
9606.ENSP00000266069	0.0
9606.ENSP00000420875	0.0
9606.ENSP00000368835	0.0
9606.ENSP00000225792	0.0
9606.ENSP00000301178	0.0
9606.ENSP00000302830	0.0
9606.ENSP00000316589	0.0
9606.ENSP00000283632	0.0
9606.ENSP00000419413	0.0
9606.ENSP00000384675	0.0
9606.ENSP00000317272	0.0
9606.ENSP00000323527	0.0
9606.ENSP00000359077	0.0
9606.ENSP00000011653	0.0
9606.ENSP00000498466	0.0
9606.ENSP00000338010	0.0
9606.ENSP00000438038	0.0
9606.ENSP00000231454	0.0
9606.ENSP00000356713	0.0
9606.ENSP00000380855	0.0
9606.ENSP00000369581	0.0
9606.ENSP00000302569	0.0
9606.ENSP00000386380	0.0
9606.ENSP00000443432	0.0
9606.ENSP00000331736	0.0
9606.ENSP00000351497	0.0
9606.ENSP00000265162	0.0
9606.ENSP00000489597	0.0
9606.ENSP00000433847	0.0
9606.ENSP00000358490	0.0
9606.ENSP00000376197	0.0
9606.ENSP00000381775	0.0
9606.ENSP00000361405	0.0
9606.ENSP00000398568	0.0
9606.ENSP00000162749	0.0
9606.ENSP00000353874	0.0
9606.ENSP00000281834	0.0
9606.ENSP00000320084	0.0
9606.ENSP00000291009	0.0
9606.ENSP00000313419	0.0
9606.ENSP00000370989	0.0
9606.ENSP00000310036	0.0
9606.ENSP00000262262	0.0
9606.ENSP00000384371	0.0
9606.ENSP00000356946	0.0
9606.ENSP00000378845	0.0
9606.ENSP00000356024	0.0
9606.ENSP00000263379	0.0
9606.ENSP00000085219	0.0
9606.ENSP00000360216	0.0
9606.ENSP00000328207	0.0
9606.ENSP00000352071	0.0
9606.ENSP00000431254	0.0
9606.ENSP00000291890	0.0
9606.ENSP00000263025	0.0
9606.ENSP00000264246	0.0
9606.ENSP00000333298	0.0
9606.ENSP00000215637	0.0
9606.ENSP00000419945	0.0
9606.ENSP00000416996	0.0
9606.ENSP00000227507	0.0
9606.ENSP00000265070	0.0
9606.ENSP00000370542	0.0
9606.ENSP00000357152	0.0
9606.ENSP00000221132	0.0
9606.ENSP00000365437	0.0
9606.ENSP00000294728	0.0
9606.ENSP00000316329	0.0
9606.ENSP00000398655	0.0
9606.ENSP00000370842	0.0
9606.ENSP00000293328	0.0
9606.ENSP00000354782	0.0
9606.ENSP00000295897	0.0
9606.ENSP00000226279	0.0
9606.ENSP00000495530	0.0
9606.ENSP00000431445	0.0
9606.ENSP00000361359	0.0
9606.ENSP00000265094	0.0
9606.ENSP00000389326	0.0
9606.ENSP00000244007	0.0
9606.ENSP00000240618	0.0
9606.ENSP00000296870	0.0
9606.ENSP00000498251	0.0
9606.ENSP00000216341	0.0
9606.ENSP00000266041	0.0
9606.ENSP00000353731	0.0
9606.ENSP00000349967	0.0
9606.ENSP00000349252	0.0
9606.ENSP00000252593	0.0
9606.ENSP00000255030	0.0
9606.ENSP00000368538	0.0
9606.ENSP00000356694	0.0
9606.ENSP00000300134	0.0
9606.ENSP00000227752	0.0
9606.ENSP00000442424	0.0
9606.ENSP00000379330	0.0
9606.ENSP00000369293	0.0
9606.ENSP00000378408	0.0
9606.ENSP00000312082	0.0
9606.ENSP00000324890	0.0
9606.ENSP00000296511	0.0
9606.ENSP00000306157	0.0
9606.ENSP00000391592	0.0
9606.ENSP00000160262	0.0
9606.ENSP00000501245	0.0
9606.ENSP00000432511	0.0
9606.ENSP00000276927	0.0
9606.ENSP00000481848	0.0
9606.ENSP00000312002	0.0
9606.ENSP00000288135	0.0
9606.ENSP00000355896	0.0
9606.ENSP00000363318	0.0
9606.ENSP00000360250	0.0
9606.ENSP00000321345	0.0
9606.ENSP00000320936	0.0
9606.ENSP00000227155	0.0
9606.ENSP00000339186	0.0
9606.ENSP00000296795	0.0
9606.ENSP00000323280	0.0
9606.ENSP00000455897	0.0
9606.ENSP00000419085	0.0
9606.ENSP00000433642	0.0
9606.ENSP00000328359	0.0
9606.ENSP00000266551	0.0
9606.ENSP00000363089	0.0
9606.ENSP00000358165	0.0
9606.ENSP00000203629	0.0
9606.ENSP00000496416	0.0
9606.ENSP00000267082	0.0
9606.ENSP00000472929	0.0
9606.ENSP00000312326	0.0
9606.ENSP00000289429	0.0
9606.ENSP00000411355	0.0
9606.ENSP00000499900	0.0
9606.ENSP00000498321	0.0
9606.ENSP00000480132	0.0
9606.ENSP00000357149	0.0
9606.ENSP00000319476	0.0
9606.ENSP00000485129	0.0
9606.ENSP00000481841	0.0
9606.ENSP00000299440	0.0
9606.ENSP00000454623	0.0
9606.ENSP00000263087	0.0
9606.ENSP00000312027	0.0
9606.ENSP00000260356	0.0
9606.ENSP00000478672	0.0
9606.ENSP00000365230	0.0
9606.ENSP00000252804	0.0
9606.ENSP00000335062	0.0
9606.ENSP00000221972	0.0
9606.ENSP00000229402	0.0
9606.ENSP00000327890	0.0
9606.ENSP00000315477	0.0
9606.ENSP00000354566	0.0
9606.ENSP00000257770	0.0
9606.ENSP00000332049	0.0
9606.ENSP00000380958	0.0
9606.ENSP00000354394	0.0
9606.ENSP00000284240	0.0
9606.ENSP00000364898	0.0
9606.ENSP00000263932	0.0
9606.ENSP00000332659	0.0
9606.ENSP00000264896	0.0
9606.ENSP00000497102	0.0
9606.ENSP00000228434	0.0
9606.ENSP00000315997	0.0
9606.ENSP00000280357	0.0
9606.ENSP00000300692	0.0
9606.ENSP00000371958	0.0
9606.ENSP00000250092	0.0
9606.ENSP00000380070	0.0
9606.ENSP00000311032	0.0
9606.ENSP00000423463	0.0
9606.ENSP00000226574	0.0
9606.ENSP00000478699	0.0
9606.ENSP00000365048	0.0
9606.ENSP00000380638	0.0
9606.ENSP00000457421	0.0
9606.ENSP00000313875	0.0
9606.ENSP00000263645	0.0
9606.ENSP00000381185	0.0
9606.ENSP00000480012	0.0
9606.ENSP00000216225	0.0
9606.ENSP00000274520	0.0
9606.ENSP00000402758	0.0
9606.ENSP00000433138	0.0
9606.ENSP00000337432	0.0
9606.ENSP00000430950	0.0
9606.ENSP00000498227	0.0
9606.ENSP00000274306	0.0
9606.ENSP00000262345	0.0
9606.ENSP00000352833	0.0
9606.ENSP00000379111	0.0
9606.ENSP00000304915	0.0
9606.ENSP00000341208	0.0
9606.ENSP00000295756	0.0
9606.ENSP00000331172	0.0
9606.ENSP00000403495	0.0
9606.ENSP00000216223	0.0
9606.ENSP00000365380	0.0
9606.ENSP00000260010	0.0
9606.ENSP00000368632	0.0
9606.ENSP00000385057	0.0
9606.ENSP00000177694	0.0
9606.ENSP00000497915	0.0
9606.ENSP00000391594	0.0
9606.ENSP00000411940	0.0
9606.ENSP00000370343	0.0
9606.ENSP00000351484	0.0
9606.ENSP00000483552	0.0
9606.ENSP00000220809	0.0
9606.ENSP00000225275	0.0
9606.ENSP00000330341	0.0
9606.ENSP00000354003	0.0
9606.ENSP00000366091	0.0
9606.ENSP00000296545	0.0
9606.ENSP00000346839	0.0
9606.ENSP00000420174	0.0
9606.ENSP00000357150	0.0
9606.ENSP00000356792	0.0
9606.ENSP00000342681	0.0
9606.ENSP00000375629	0.0
9606.ENSP00000221930	0.0
9606.ENSP00000484431	0.0
9606.ENSP00000339804	0.0
9606.ENSP00000262102	0.0
9606.ENSP00000338130	0.0
9606.ENSP00000378856	0.0
9606.ENSP00000263636	0.0
9606.ENSP00000368450	0.0
9606.ENSP00000332602	0.0
9606.ENSP00000438406	0.0
9606.ENSP00000341189	0.0
9606.ENSP00000264972	0.0
9606.ENSP00000271450	0.0
9606.ENSP00000372136	0.0
9606.ENSP00000498852	0.0
9606.ENSP00000263686	0.0
9606.ENSP00000478289	0.0
9606.ENSP00000302935	0.0
9606.ENSP00000348645	0.0
9606.ENSP00000470788	0.0
9606.ENSP00000418525	0.0
9606.ENSP00000370034	0.0
9606.ENSP00000351602	0.0
9606.ENSP00000388620	0.0
9606.ENSP00000497968	0.0
9606.ENSP00000266557	0.0
9606.ENSP00000386378	0.0
9606.ENSP00000252486	0.0
9606.ENSP00000264657	0.0
9606.ENSP00000300060	0.0
9606.ENSP00000011898	0.0
9606.ENSP00000182290	0.0
9606.ENSP00000012049	0.0
9606.ENSP00000467494	0.0
9606.ENSP00000012443	0.0
9606.ENSP00000247020	0.0
9606.ENSP00000351908	0.0
9606.ENSP00000286788	0.0
9606.ENSP00000329915	0.0
9606.ENSP00000299300	0.0
9606.ENSP00000377958	0.0
9606.ENSP00000258091	0.0
9606.ENSP00000290277	0.0
9606.ENSP00000419060	0.0
9606.ENSP00000317334	0.0
9606.ENSP00000295688	0.0
9606.ENSP00000327191	0.0
9606.ENSP00000414398	0.0
9606.ENSP00000280326	0.0
9606.ENSP00000248958	0.0
9606.ENSP00000362041	0.0
9606.ENSP00000325919	0.0
9606.ENSP00000275603	0.0
9606.ENSP00000417659	0.0
9606.ENSP00000013070	0.0
9606.ENSP00000255120	0.0
9606.ENSP00000480826	0.0
9606.ENSP00000396068	0.0
9606.ENSP00000013125	0.0
9606.ENSP00000346300	0.0
9606.ENSP00000300574	0.0
9606.ENSP00000376345	0.0
9606.ENSP00000013222	0.0
9606.ENSP00000403644	0.0
9606.ENSP00000367309	0.0
9606.ENSP00000250615	0.0
9606.ENSP00000340684	0.0
9606.ENSP00000411613	0.0
9606.ENSP00000013807	0.0
9606.ENSP00000260810	0.0
9606.ENSP00000494957	0.0
9606.ENSP00000375809	0.0
9606.ENSP00000467024	0.0
9606.ENSP00000406490	0.0
9606.ENSP00000351284	0.0
9606.ENSP00000274400	0.0
9606.ENSP00000265038	0.0
9606.ENSP00000330875	0.0
9606.ENSP00000250416	0.0
9606.ENSP00000254719	0.0
9606.ENSP00000343741	0.0
9606.ENSP00000360682	0.0
9606.ENSP00000382218	0.0
9606.ENSP00000298139	0.0
9606.ENSP00000262241	0.0
9606.ENSP00000382628	0.0
9606.ENSP00000289081	0.0
9606.ENSP00000348020	0.0
9606.ENSP00000265963	0.0
9606.ENSP00000267430	0.0
9606.ENSP00000421491	0.0
9606.ENSP00000498215	0.0
9606.ENSP00000263274	0.0
9606.ENSP00000466121	0.0
9606.ENSP00000498881	0.0
9606.ENSP00000354497	0.0
9606.ENSP00000265433	0.0
9606.ENSP00000333376	0.0
9606.ENSP00000328940	0.0
9606.ENSP00000285021	0.0
9606.ENSP00000493712	0.0
9606.ENSP00000484288	0.0
9606.ENSP00000351185	0.0
9606.ENSP00000363017	0.0
9606.ENSP00000233146	0.0
9606.ENSP00000310520	0.0
9606.ENSP00000364270	0.0
9606.ENSP00000375978	0.0
9606.ENSP00000256443	0.0
9606.ENSP00000256996	0.0
9606.ENSP00000285398	0.0
9606.ENSP00000262887	0.0
9606.ENSP00000335557	0.0
9606.ENSP00000352257	0.0
9606.ENSP00000265081	0.0
9606.ENSP00000231790	0.0
9606.ENSP00000325863	0.0
9606.ENSP00000476100	0.0
9606.ENSP00000234420	0.0
9606.ENSP00000305480	0.0
9606.ENSP00000261584	0.0
9606.ENSP00000445162	0.0
9606.ENSP00000472445	0.0
9606.ENSP00000385021	0.0
9606.ENSP00000310842	0.0
9606.ENSP00000369497	0.0
9606.ENSP00000350708	0.0
9606.ENSP00000498042	0.0
9606.ENSP00000265849	0.0
9606.ENSP00000367527	0.0
9606.ENSP00000465099	0.0
9606.ENSP00000223129	0.0
9606.ENSP00000343526	0.0
9606.ENSP00000457703	0.0
9606.ENSP00000351697	0.0
9606.ENSP00000251303	0.0
9606.ENSP00000307853	0.0
9606.ENSP00000259008	0.0
9606.ENSP00000310008	0.0
9606.ENSP00000278616	0.0
9606.ENSP00000426191	0.0
9606.ENSP00000301764	0.0
9606.ENSP00000313420	0.0
9606.ENSP00000348089	0.0
9606.ENSP00000306561	0.0
9606.ENSP00000355759	0.0
9606.ENSP00000349313	0.0
9606.ENSP00000367910	0.0
9606.ENSP00000451974	0.0
9606.ENSP00000398824	0.0
9606.ENSP00000300145	0.0
9606.ENSP00000359300	0.0
9606.ENSP00000491742	0.0
9606.ENSP00000287647	0.0
9606.ENSP00000376952	0.0
9606.ENSP00000355506	0.0
9606.ENSP00000347232	0.0
9606.ENSP00000259895	0.0
9606.ENSP00000355185	0.0
9606.ENSP00000216714	0.0
9606.ENSP00000300738	0.0
9606.ENSP00000418960	0.0
9606.ENSP00000373952	0.0
9606.ENSP00000294008	0.0
9606.ENSP00000014914	0.0
9606.ENSP00000378492	0.0
9606.ENSP00000014930	0.0
9606.ENSP00000468897	0.0
9606.ENSP00000341821	0.0
9606.ENSP00000016171	0.0
9606.ENSP00000258424	0.0
9606.ENSP00000306397	0.0
9606.ENSP00000355046	0.0
9606.ENSP00000429707	0.0
9606.ENSP00000296684	0.0
9606.ENSP00000354876	0.0
9606.ENSP00000361042	0.0
9606.ENSP00000229379	0.0
9606.ENSP00000444433	0.0
9606.ENSP00000365243	0.0
9606.ENSP00000354632	0.0
9606.ENSP00000317159	0.0
9606.ENSP00000268379	0.0
9606.ENSP00000457513	0.0
9606.ENSP00000260665	0.0
9606.ENSP00000470539	0.0
9606.ENSP00000255390	0.0
9606.ENSP00000359098	0.0
9606.ENSP00000261643	0.0
9606.ENSP00000425759	0.0
9606.ENSP00000466818	0.0
9606.ENSP00000354982	0.0
9606.ENSP00000332887	0.0
9606.ENSP00000354762	0.0
9606.ENSP00000367939	0.0
9606.ENSP00000354499	0.0
9606.ENSP00000497474	0.0
9606.ENSP00000349456	0.0
9606.ENSP00000339720	0.0
9606.ENSP00000397881	0.0
9606.ENSP00000354554	0.0
9606.ENSP00000317780	0.0
9606.ENSP00000287490	0.0
9606.ENSP00000261070	0.0
9606.ENSP00000413908	0.0
9606.ENSP00000340568	0.0
9606.ENSP00000354813	0.0
9606.ENSP00000299335	0.0
9606.ENSP00000258975	0.0
9606.ENSP00000355574	0.0
9606.ENSP00000330737	0.0
9606.ENSP00000203407	0.0
9606.ENSP00000370139	0.0
9606.ENSP00000430494	0.0
9606.ENSP00000016913	0.0
9606.ENSP00000383563	0.0
9606.ENSP00000499123	0.0
9606.ENSP00000300182	0.0
9606.ENSP00000219660	0.0
9606.ENSP00000016946	0.0
9606.ENSP00000444425	0.0
9606.ENSP00000401470	0.0
9606.ENSP00000446215	0.0
9606.ENSP00000336712	0.0
9606.ENSP00000381098	0.0
9606.ENSP00000384863	0.0
9606.ENSP00000017003	0.0
9606.ENSP00000346298	0.0
9606.ENSP00000261381	0.0
9606.ENSP00000368496	0.0
9606.ENSP00000029410	0.0
9606.ENSP00000265471	0.0
9606.ENSP00000220562	0.0
9606.ENSP00000205557	0.0
9606.ENSP00000019103	0.0
9606.ENSP00000376384	0.0
9606.ENSP00000387662	0.0
9606.ENSP00000360141	0.0
9606.ENSP00000356213	0.0
9606.ENSP00000433208	0.0
9606.ENSP00000324510	0.0
9606.ENSP00000176195	0.0
9606.ENSP00000199280	0.0
9606.ENSP00000350005	0.0
9606.ENSP00000478725	0.0
9606.ENSP00000409126	0.0
9606.ENSP00000462647	0.0
9606.ENSP00000020926	0.0
9606.ENSP00000385142	0.0
9606.ENSP00000020945	0.0
9606.ENSP00000362649	0.0
9606.ENSP00000262160	0.0
9606.ENSP00000269141	0.0
9606.ENSP00000341551	0.0
9606.ENSP00000360266	0.0
9606.ENSP00000320147	0.0
9606.ENSP00000261769	0.0
9606.ENSP00000245479	0.0
9606.ENSP00000378402	0.0
9606.ENSP00000265165	0.0
9606.ENSP00000494686	0.0
9606.ENSP00000446007	0.0
9606.ENSP00000375921	0.0
9606.ENSP00000360157	0.0
9606.ENSP00000316578	0.0
9606.ENSP00000482581	0.0
9606.ENSP00000258149	0.0
9606.ENSP00000364524	0.0
9606.ENSP00000335615	0.0
9606.ENSP00000290921	0.0
9606.ENSP00000244050	0.0
9606.ENSP00000430432	0.0
9606.ENSP00000219070	0.0
9606.ENSP00000391803	0.0
9606.ENSP00000437621	0.0
9606.ENSP00000478927	0.0
9606.ENSP00000365851	0.0
9606.ENSP00000380093	0.0
9606.ENSP00000497759	0.0
9606.ENSP00000323588	0.0
9606.ENSP00000242261	0.0
9606.ENSP00000023064	0.0
9606.ENSP00000367123	0.0
9606.ENSP00000291582	0.0
9606.ENSP00000260649	0.0
9606.ENSP00000305302	0.0
9606.ENSP00000023939	0.0
9606.ENSP00000466967	0.0
9606.ENSP00000374280	0.0
9606.ENSP00000025008	0.0
9606.ENSP00000379612	0.0
9606.ENSP00000355231	0.0
9606.ENSP00000219476	0.0
9606.ENSP00000378914	0.0
9606.ENSP00000037243	0.0
9606.ENSP00000324560	0.0
9606.ENSP00000353010	0.0
9606.ENSP00000450742	0.0
9606.ENSP00000403400	0.0
9606.ENSP00000358072	0.0
9606.ENSP00000457870	0.0
9606.ENSP00000262139	0.0
9606.ENSP00000346437	0.0
9606.ENSP00000343479	0.0
9606.ENSP00000425107	0.0
9606.ENSP00000375873	0.0
9606.ENSP00000488361	0.0
9606.ENSP00000363970	0.0
9606.ENSP00000482753	0.0
9606.ENSP00000262291	0.0
9606.ENSP00000329507	0.0
9606.ENSP00000288828	0.0
9606.ENSP00000306866	0.0
9606.ENSP00000326340	0.0
9606.ENSP00000498476	0.0
9606.ENSP00000262187	0.0
9606.ENSP00000340883	0.0
9606.ENSP00000410452	0.0
9606.ENSP00000348455	0.0
9606.ENSP00000247178	0.0
9606.ENSP00000253063	0.0
9606.ENSP00000354777	0.0
9606.ENSP00000385025	0.0
9606.ENSP00000368022	0.0
9606.ENSP00000262039	0.0
9606.ENSP00000277746	0.0
9606.ENSP00000398523	0.0
9606.ENSP00000411256	0.0
9606.ENSP00000366475	0.0
9606.ENSP00000431926	0.0
9606.ENSP00000375711	0.0
9606.ENSP00000329967	0.0
9606.ENSP00000282185	0.0
9606.ENSP00000384259	0.0
9606.ENSP00000349205	0.0
9606.ENSP00000259400	0.0
9606.ENSP00000338990	0.0
9606.ENSP00000349785	0.0
9606.ENSP00000432412	0.0
9606.ENSP00000400312	0.0
9606.ENSP00000386710	0.0
9606.ENSP00000283290	0.0
9606.ENSP00000364204	0.0
9606.ENSP00000307272	0.0
9606.ENSP00000025301	0.0
9606.ENSP00000478212	0.0
9606.ENSP00000376475	0.0
9606.ENSP00000482393	0.0
9606.ENSP00000331608	0.0
9606.ENSP00000274364	0.0
9606.ENSP00000265717	0.0
9606.ENSP00000265563	0.0
9606.ENSP00000026218	0.0
9606.ENSP00000420037	0.0
9606.ENSP00000405573	0.0
9606.ENSP00000216452	0.0
9606.ENSP00000356702	0.0
9606.ENSP00000359848	0.0
9606.ENSP00000347206	0.0
9606.ENSP00000273968	0.0
9606.ENSP00000415203	0.0
9606.ENSP00000413405	0.0
9606.ENSP00000322181	0.0
9606.ENSP00000279036	0.0
9606.ENSP00000164305	0.0
9606.ENSP00000367880	0.0
9606.ENSP00000363260	0.0
9606.ENSP00000492233	0.0
9606.ENSP00000357069	0.0
9606.ENSP00000369820	0.0
9606.ENSP00000250111	0.0
9606.ENSP00000219789	0.0
9606.ENSP00000250263	0.0
9606.ENSP00000482202	0.0
9606.ENSP00000432688	0.0
9606.ENSP00000225609	0.0
9606.ENSP00000027335	0.0
9606.ENSP00000307134	0.0
9606.ENSP00000211998	0.0
9606.ENSP00000360683	0.0
9606.ENSP00000263207	0.0
9606.ENSP00000385477	0.0
9606.ENSP00000312987	0.0
9606.ENSP00000355771	0.0
9606.ENSP00000256103	0.0
9606.ENSP00000308908	0.0
9606.ENSP00000366513	0.0
9606.ENSP00000268182	0.0
9606.ENSP00000347379	0.0
9606.ENSP00000500409	0.0
9606.ENSP00000369129	0.0
9606.ENSP00000263923	0.0
9606.ENSP00000378400	0.0
9606.ENSP00000453508	0.0
9606.ENSP00000316029	0.0
9606.ENSP00000326366	0.0
9606.ENSP00000275493	0.0
9606.ENSP00000363921	0.0
9606.ENSP00000382004	0.0
9606.ENSP00000384638	0.0
9606.ENSP00000377508	0.0
9606.ENSP00000289746	0.0
9606.ENSP00000374409	0.0
9606.ENSP00000389714	0.0
9606.ENSP00000451300	0.0
9606.ENSP00000246080	0.0
9606.ENSP00000304669	0.0
9606.ENSP00000463325	0.0
9606.ENSP00000334941	0.0
9606.ENSP00000252891	0.0
9606.ENSP00000497290	0.0
9606.ENSP00000299441	0.0
9606.ENSP00000264025	0.0
9606.ENSP00000302100	0.0
9606.ENSP00000269571	0.0
9606.ENSP00000268603	0.0
9606.ENSP00000264012	0.0
9606.ENSP00000349486	0.0
9606.ENSP00000219022	0.0
9606.ENSP00000354689	0.0
9606.ENSP00000307297	0.0
9606.ENSP00000377401	0.0
9606.ENSP00000035307	0.0
9606.ENSP00000363590	0.0
9606.ENSP00000411816	0.0
9606.ENSP00000254190	0.0
9606.ENSP00000243776	0.0
9606.ENSP00000302629	0.0
9606.ENSP00000389913	0.0
9606.ENSP00000237642	0.0
9606.ENSP00000480836	0.0
9606.ENSP00000344215	0.0
9606.ENSP00000296755	0.0
9606.ENSP00000300231	0.0
9606.ENSP00000212015	0.0
9606.ENSP00000352510	0.0
9606.ENSP00000368970	0.0
9606.ENSP00000449960	0.0
9606.ENSP00000311318	0.0
9606.ENSP00000402935	0.0
9606.ENSP00000367050	0.0
9606.ENSP00000325313	0.0
9606.ENSP00000238616	0.0
9606.ENSP00000303511	0.0
9606.ENSP00000288774	0.0
9606.ENSP00000357625	0.0
9606.ENSP00000367284	0.0
9606.ENSP00000357876	0.0
9606.ENSP00000396628	0.0
9606.ENSP00000448182	0.0
9606.ENSP00000322159	0.0
9606.ENSP00000250495	0.0
9606.ENSP00000304642	0.0
9606.ENSP00000295452	0.0
9606.ENSP00000428220	0.0
9606.ENSP00000264318	0.0
9606.ENSP00000354340	0.0
9606.ENSP00000501135	0.0
9606.ENSP00000370003	0.0
9606.ENSP00000361306	0.0
9606.ENSP00000221543	0.0
9606.ENSP00000382953	0.0
9606.ENSP00000313050	0.0
9606.ENSP00000463027	0.0
9606.ENSP00000296137	0.0
9606.ENSP00000359337	0.0
9606.ENSP00000450731	0.0
9606.ENSP00000225724	0.0
9606.ENSP00000363943	0.0
9606.ENSP00000365962	0.0
9606.ENSP00000216121	0.0
9606.ENSP00000295888	0.0
9606.ENSP00000348565	0.0
9606.ENSP00000479113	0.0
9606.ENSP00000274545	0.0
9606.ENSP00000393097	0.0
9606.ENSP00000479580	0.0
9606.ENSP00000381844	0.0
9606.ENSP00000365576	0.0
9606.ENSP00000359353	0.0
9606.ENSP00000037502	0.0
9606.ENSP00000478561	0.0
9606.ENSP00000365569	0.0
9606.ENSP00000391601	0.0
9606.ENSP00000414856	0.0
9606.ENSP00000469455	0.0
9606.ENSP00000347451	0.0
9606.ENSP00000361087	0.0
9606.ENSP00000325527	0.0
9606.ENSP00000391137	0.0
9606.ENSP00000345192	0.0
9606.ENSP00000039007	0.0
9606.ENSP00000384296	0.0
9606.ENSP00000342056	0.0
9606.ENSP00000417161	0.0
9606.ENSP00000298198	0.0
9606.ENSP00000379678	0.0
9606.ENSP00000293404	0.0
9606.ENSP00000371393	0.0
9606.ENSP00000447731	0.0
9606.ENSP00000410833	0.0
9606.ENSP00000477999	0.0
9606.ENSP00000265594	0.0
9606.ENSP00000360124	0.0
9606.ENSP00000364986	0.0
9606.ENSP00000327251	0.0
9606.ENSP00000164139	0.0
9606.ENSP00000425809	0.0
9606.ENSP00000365462	0.0
9606.ENSP00000264705	0.0
9606.ENSP00000261195	0.0
9606.ENSP00000216962	0.0
9606.ENSP00000216392	0.0
9606.ENSP00000361471	0.0
9606.ENSP00000357838	0.0
9606.ENSP00000396527	0.0
9606.ENSP00000402608	0.0
9606.ENSP00000307188	0.0
9606.ENSP00000040584	0.0
9606.ENSP00000423861	0.0
9606.ENSP00000288840	0.0
9606.ENSP00000385347	0.0
9606.ENSP00000243108	0.0
9606.ENSP00000350049	0.0
9606.ENSP00000040663	0.0
9606.ENSP00000348381	0.0
9606.ENSP00000264436	0.0
9606.ENSP00000264990	0.0
9606.ENSP00000376823	0.0
9606.ENSP00000333666	0.0
9606.ENSP00000273920	0.0
9606.ENSP00000354532	0.0
9606.ENSP00000389813	0.0
9606.ENSP00000494373	0.0
9606.ENSP00000379133	0.0
9606.ENSP00000264758	0.0
9606.ENSP00000040738	0.0
9606.ENSP00000229330	0.0
9606.ENSP00000390475	0.0
9606.ENSP00000262519	0.0
9606.ENSP00000351446	0.0
9606.ENSP00000384048	0.0
9606.ENSP00000474253	0.0
9606.ENSP00000264515	0.0
9606.ENSP00000340896	0.0
9606.ENSP00000040877	0.0
9606.ENSP00000373176	0.0
9606.ENSP00000230640	0.0
9606.ENSP00000339063	0.0
9606.ENSP00000326948	0.0
9606.ENSP00000298746	0.0
9606.ENSP00000351644	0.0
9606.ENSP00000463058	0.0
9606.ENSP00000314441	0.0
9606.ENSP00000043402	0.0
9606.ENSP00000247271	0.0
9606.ENSP00000369328	0.0
9606.ENSP00000360858	0.0
9606.ENSP00000172229	0.0
9606.ENSP00000337838	0.0
9606.ENSP00000430945	0.0
9606.ENSP00000414303	0.0
9606.ENSP00000376048	0.0
9606.ENSP00000318406	0.0
9606.ENSP00000371693	0.0
9606.ENSP00000384716	0.0
9606.ENSP00000044462	0.0
9606.ENSP00000216802	0.0
9606.ENSP00000215071	0.0
9606.ENSP00000484998	0.0
9606.ENSP00000216797	0.0
9606.ENSP00000483688	0.0
9606.ENSP00000419834	0.0
9606.ENSP00000370222	0.0
9606.ENSP00000263256	0.0
9606.ENSP00000216455	0.0
9606.ENSP00000261303	0.0
9606.ENSP00000364016	0.0
9606.ENSP00000386541	0.0
9606.ENSP00000363993	0.0
9606.ENSP00000309474	0.0
9606.ENSP00000362334	0.0
9606.ENSP00000315602	0.0
9606.ENSP00000271308	0.0
9606.ENSP00000261751	0.0
9606.ENSP00000471735	0.0
9606.ENSP00000257787	0.0
9606.ENSP00000310129	0.0
9606.ENSP00000311121	0.0
9606.ENSP00000219313	0.0
9606.ENSP00000262193	0.0
9606.ENSP00000396937	0.0
9606.ENSP00000210313	0.0
9606.ENSP00000261479	0.0
9606.ENSP00000299565	0.0
9606.ENSP00000348442	0.0
9606.ENSP00000355865	0.0
9606.ENSP00000357292	0.0
9606.ENSP00000414359	0.0
9606.ENSP00000293362	0.0
9606.ENSP00000270586	0.0
9606.ENSP00000372155	0.0
9606.ENSP00000478877	0.0
9606.ENSP00000437955	0.0
9606.ENSP00000290541	0.0
9606.ENSP00000355325	0.0
9606.ENSP00000418695	0.0
9606.ENSP00000258886	0.0
9606.ENSP00000259457	0.0
9606.ENSP00000356421	0.0
9606.ENSP00000386212	0.0
9606.ENSP00000338039	0.0
9606.ENSP00000358474	0.0
9606.ENSP00000373640	0.0
9606.ENSP00000351314	0.0
9606.ENSP00000428209	0.0
9606.ENSP00000264639	0.0
9606.ENSP00000256637	0.0
9606.ENSP00000223321	0.0
9606.ENSP00000296786	0.0
9606.ENSP00000270142	0.0
9606.ENSP00000296328	0.0
9606.ENSP00000391211	0.0
9606.ENSP00000359910	0.0
9606.ENSP00000481029	0.0
9606.ENSP00000157812	0.0
9606.ENSP00000310572	0.0
9606.ENSP00000384211	0.0
9606.ENSP00000418734	0.0
9606.ENSP00000261712	0.0
9606.ENSP00000045083	0.0
9606.ENSP00000046087	0.0
9606.ENSP00000237201	0.0
9606.ENSP00000341765	0.0
9606.ENSP00000432305	0.0
9606.ENSP00000315988	0.0
9606.ENSP00000381492	0.0
9606.ENSP00000320176	0.0
9606.ENSP00000262629	0.0
9606.ENSP00000233154	0.0
9606.ENSP00000370912	0.0
9606.ENSP00000465039	0.0
9606.ENSP00000359073	0.0
9606.ENSP00000284273	0.0
9606.ENSP00000264316	0.0
9606.ENSP00000317327	0.0
9606.ENSP00000310244	0.0
9606.ENSP00000250559	0.0
9606.ENSP00000428056	0.0
9606.ENSP00000376330	0.0
9606.ENSP00000365411	0.0
9606.ENSP00000365012	0.0
9606.ENSP00000224337	0.0
9606.ENSP00000497382	0.0
9606.ENSP00000482457	0.0
9606.ENSP00000216373	0.0
9606.ENSP00000308782	0.0
9606.ENSP00000358723	0.0
9606.ENSP00000401303	0.0
9606.ENSP00000363117	0.0
9606.ENSP00000483570	0.0
9606.ENSP00000289902	0.0
9606.ENSP00000417273	0.0
9606.ENSP00000362205	0.0
9606.ENSP00000405338	0.0
9606.ENSP00000245932	0.0
9606.ENSP00000298527	0.0
9606.ENSP00000284154	0.0
9606.ENSP00000264033	0.0
9606.ENSP00000429283	0.0
9606.ENSP00000338171	0.0
9606.ENSP00000360916	0.0
9606.ENSP00000234313	0.0
9606.ENSP00000052754	0.0
9606.ENSP00000355751	0.0
9606.ENSP00000308208	0.0
9606.ENSP00000250160	0.0
9606.ENSP00000243077	0.0
9606.ENSP00000267843	0.0
9606.ENSP00000387356	0.0
9606.ENSP00000221515	0.0
9606.ENSP00000368678	0.0
9606.ENSP00000355180	0.0
9606.ENSP00000364685	0.0
9606.ENSP00000257290	0.0
9606.ENSP00000369071	0.0
9606.ENSP00000265077	0.0
9606.ENSP00000311697	0.0
9606.ENSP00000321797	0.0
9606.ENSP00000226284	0.0
9606.ENSP00000222390	0.0
9606.ENSP00000226218	0.0
9606.ENSP00000295755	0.0
9606.ENSP00000352414	0.0
9606.ENSP00000299855	0.0
9606.ENSP00000215530	0.0
9606.ENSP00000266718	0.0
9606.ENSP00000342235	0.0
9606.ENSP00000371790	0.0
9606.ENSP00000260227	0.0
9606.ENSP00000312506	0.0
9606.ENSP00000357255	0.0
9606.ENSP00000331210	0.0
9606.ENSP00000356954	0.0
9606.ENSP00000331544	0.0
9606.ENSP00000264039	0.0
9606.ENSP00000222271	0.0
9606.ENSP00000362122	0.0
9606.ENSP00000231061	0.0
9606.ENSP00000260950	0.0
9606.ENSP00000274625	0.0
9606.ENSP00000327336	0.0
9606.ENSP00000361366	0.0
9606.ENSP00000264187	0.0
9606.ENSP00000378517	0.0
9606.ENSP00000228837	0.0
9606.ENSP00000297268	0.0
9606.ENSP00000361818	0.0
9606.ENSP00000180166	0.0
9606.ENSP00000356791	0.0
9606.ENSP00000334122	0.0
9606.ENSP00000361626	0.0
9606.ENSP00000304408	0.0
9606.ENSP00000384964	0.0
9606.ENSP00000416330	0.0
9606.ENSP00000307046	0.0
9606.ENSP00000267101	0.0
9606.ENSP00000364711	0.0
9606.ENSP00000168712	0.0
9606.ENSP00000351807	0.0
9606.ENSP00000347041	0.0
9606.ENSP00000297848	0.0
9606.ENSP00000478600	0.0
9606.ENSP00000225964	0.0
9606.ENSP00000363827	0.0
9606.ENSP00000238682	0.0
9606.ENSP00000376637	0.0
9606.ENSP00000399324	0.0
9606.ENSP00000264664	0.0
9606.ENSP00000053243	0.0
9606.ENSP00000354691	0.0
9606.ENSP00000395294	0.0
9606.ENSP00000343505	0.0
9606.ENSP00000261652	0.0
9606.ENSP00000440066	0.0
9606.ENSP00000491969	0.0
9606.ENSP00000376786	0.0
9606.ENSP00000291232	0.0
9606.ENSP00000303920	0.0
9606.ENSP00000290299	0.0
9606.ENSP00000320184	0.0
9606.ENSP00000354125	0.0
9606.ENSP00000276585	0.0
9606.ENSP00000352706	0.0
9606.ENSP00000363999	0.0
9606.ENSP00000318158	0.0
9606.ENSP00000229238	0.0
9606.ENSP00000370508	0.0
9606.ENSP00000320567	0.0
9606.ENSP00000253686	0.0
9606.ENSP00000305682	0.0
9606.ENSP00000315397	0.0
9606.ENSP00000418008	0.0
9606.ENSP00000290429	0.0
9606.ENSP00000256404	0.0
9606.ENSP00000361206	0.0
9606.ENSP00000498819	0.0
9606.ENSP00000256441	0.0
9606.ENSP00000356001	0.0
9606.ENSP00000254928	0.0
9606.ENSP00000498510	0.0
9606.ENSP00000369682	0.0
9606.ENSP00000264230	0.0
9606.ENSP00000331849	0.0
9606.ENSP00000254630	0.0
9606.ENSP00000473980	0.0
9606.ENSP00000384369	0.0
9606.ENSP00000323063	0.0
9606.ENSP00000498945	0.0
9606.ENSP00000297994	0.0
9606.ENSP00000484903	0.0
9606.ENSP00000498801	0.0
9606.ENSP00000305696	0.0
9606.ENSP00000317376	0.0
9606.ENSP00000361084	0.0
9606.ENSP00000258105	0.0
9606.ENSP00000310726	0.0
9606.ENSP00000403614	0.0
9606.ENSP00000426941	0.0
9606.ENSP00000424328	0.0
9606.ENSP00000338389	0.0
9606.ENSP00000323065	0.0
9606.ENSP00000258383	0.0
9606.ENSP00000390331	0.0
9606.ENSP00000338057	0.0
9606.ENSP00000497004	0.0
9606.ENSP00000499200	0.0
9606.ENSP00000419665	0.0
9606.ENSP00000364261	0.0
9606.ENSP00000394107	0.0
9606.ENSP00000216254	0.0
9606.ENSP00000342676	0.0
9606.ENSP00000285848	0.0
9606.ENSP00000217182	0.0
9606.ENSP00000285298	0.0
9606.ENSP00000260102	0.0
9606.ENSP00000446252	0.0
9606.ENSP00000372445	0.0
9606.ENSP00000461930	0.0
9606.ENSP00000253108	0.0
9606.ENSP00000290208	0.0
9606.ENSP00000308275	0.0
9606.ENSP00000385958	0.0
9606.ENSP00000308717	0.0
9606.ENSP00000449884	0.0
9606.ENSP00000259873	0.0
9606.ENSP00000356134	0.0
9606.ENSP00000261313	0.0
9606.ENSP00000274606	0.0
9606.ENSP00000281543	0.0
9606.ENSP00000177742	0.0
9606.ENSP00000498497	0.0
9606.ENSP00000347277	0.0
9606.ENSP00000380466	0.0
9606.ENSP00000418751	0.0
9606.ENSP00000261868	0.0
9606.ENSP00000280557	0.0
9606.ENSP00000478035	0.0
9606.ENSP00000295491	0.0
9606.ENSP00000442920	0.0
9606.ENSP00000361923	0.0
9606.ENSP00000387111	0.0
9606.ENSP00000053469	0.0
9606.ENSP00000370521	0.0
9606.ENSP00000261047	0.0
9606.ENSP00000355969	0.0
9606.ENSP00000251102	0.0
9606.ENSP00000230361	0.0
9606.ENSP00000384264	0.0
9606.ENSP00000254854	0.0
9606.ENSP00000218006	0.0
9606.ENSP00000317310	0.0
9606.ENSP00000334876	0.0
9606.ENSP00000053867	0.0
9606.ENSP00000329715	0.0
9606.ENSP00000379901	0.0
9606.ENSP00000240185	0.0
9606.ENSP00000340820	0.0
9606.ENSP00000441786	0.0
9606.ENSP00000342082	0.0
9606.ENSP00000263780	0.0
9606.ENSP00000378394	0.0
9606.ENSP00000215882	0.0
9606.ENSP00000403987	0.0
9606.ENSP00000236671	0.0
9606.ENSP00000254108	0.0
9606.ENSP00000216367	0.0
9606.ENSP00000365435	0.0
9606.ENSP00000054650	0.0
9606.ENSP00000304689	0.0
9606.ENSP00000260045	0.0
9606.ENSP00000054666	0.0
9606.ENSP00000249647	0.0
9606.ENSP00000464383	0.0
9606.ENSP00000236192	0.0
9606.ENSP00000377015	0.0
9606.ENSP00000479606	0.0
9606.ENSP00000461784	0.0
9606.ENSP00000258301	0.0
9606.ENSP00000356918	0.0
9606.ENSP00000355651	0.0
9606.ENSP00000223369	0.0
9606.ENSP00000263354	0.0
9606.ENSP00000222812	0.0
9606.ENSP00000215730	0.0
9606.ENSP00000263897	0.0
9606.ENSP00000381293	0.0
9606.ENSP00000254976	0.0
9606.ENSP00000305810	0.0
9606.ENSP00000263864	0.0
9606.ENSP00000379602	0.0
9606.ENSP00000317714	0.0
9606.ENSP00000376178	0.0
9606.ENSP00000363054	0.0
9606.ENSP00000362639	0.0
9606.ENSP00000324419	0.0
9606.ENSP00000359025	0.0
9606.ENSP00000352544	0.0
9606.ENSP00000262640	0.0
9606.ENSP00000360183	0.0
9606.ENSP00000463393	0.0
9606.ENSP00000420127	0.0
9606.ENSP00000251775	0.0
9606.ENSP00000482826	0.0
9606.ENSP00000261205	0.0
9606.ENSP00000222547	0.0
9606.ENSP00000356540	0.0
9606.ENSP00000320679	0.0
9606.ENSP00000305613	0.0
9606.ENSP00000338562	0.0
9606.ENSP00000466298	0.0
9606.ENSP00000356237	0.0
9606.ENSP00000305255	0.0
9606.ENSP00000231668	0.0
9606.ENSP00000372210	0.0
9606.ENSP00000215095	0.0
9606.ENSP00000324628	0.0
9606.ENSP00000321826	0.0
9606.ENSP00000314157	0.0
9606.ENSP00000294179	0.0
9606.ENSP00000054668	0.0
9606.ENSP00000323516	0.0
9606.ENSP00000287641	0.0
9606.ENSP00000296099	0.0
9606.ENSP00000368683	0.0
9606.ENSP00000255008	0.0
9606.ENSP00000355627	0.0
9606.ENSP00000340526	0.0
9606.ENSP00000054950	0.0
9606.ENSP00000363055	0.0
9606.ENSP00000329471	0.0
9606.ENSP00000055077	0.0
9606.ENSP00000311360	0.0
9606.ENSP00000323099	0.0
9606.ENSP00000224950	0.0
9606.ENSP00000265339	0.0
9606.ENSP00000484105	0.0
9606.ENSP00000376440	0.0
9606.ENSP00000363286	0.0
9606.ENSP00000322570	0.0
9606.ENSP00000408295	0.0
9606.ENSP00000371321	0.0
9606.ENSP00000306999	0.0
9606.ENSP00000408367	0.0
9606.ENSP00000262105	0.0
9606.ENSP00000265465	0.0
9606.ENSP00000376272	0.0
9606.ENSP00000314505	0.0
9606.ENSP00000216122	0.0
9606.ENSP00000263681	0.0
9606.ENSP00000264926	0.0
9606.ENSP00000368358	0.0
9606.ENSP00000263377	0.0
9606.ENSP00000264156	0.0
9606.ENSP00000269214	0.0
9606.ENSP00000480987	0.0
9606.ENSP00000322180	0.0
9606.ENSP00000350491	0.0
9606.ENSP00000209728	0.0
9606.ENSP00000371469	0.0
9606.ENSP00000368458	0.0
9606.ENSP00000223398	0.0
9606.ENSP00000405726	0.0
9606.ENSP00000221486	0.0
9606.ENSP00000307288	0.0
9606.ENSP00000354720	0.0
9606.ENSP00000391090	0.0
9606.ENSP00000369411	0.0
9606.ENSP00000258774	0.0
9606.ENSP00000480186	0.0
9606.ENSP00000313171	0.0
9606.ENSP00000262315	0.0
9606.ENSP00000383986	0.0
9606.ENSP00000055335	0.0
9606.ENSP00000317904	0.0
9606.ENSP00000284601	0.0
9606.ENSP00000408288	0.0
9606.ENSP00000378769	0.0
9606.ENSP00000238994	0.0
9606.ENSP00000308318	0.0
9606.ENSP00000360035	0.0
9606.ENSP00000055682	0.0
9606.ENSP00000328059	0.0
9606.ENSP00000370697	0.0
9606.ENSP00000056217	0.0
9606.ENSP00000339467	0.0
9606.ENSP00000056233	0.0
9606.ENSP00000344903	0.0
9606.ENSP00000306245	0.0
9606.ENSP00000350369	0.0
9606.ENSP00000327048	0.0
9606.ENSP00000252818	0.0
9606.ENSP00000442060	0.0
9606.ENSP00000061240	0.0
9606.ENSP00000204604	0.0
9606.ENSP00000386170	0.0
9606.ENSP00000064724	0.0
9606.ENSP00000396304	0.0
9606.ENSP00000295522	0.0
9606.ENSP00000465419	0.0
9606.ENSP00000299339	0.0
9606.ENSP00000380131	0.0
9606.ENSP00000382090	0.0
9606.ENSP00000308937	0.0
9606.ENSP00000398017	0.0
9606.ENSP00000278927	0.0
9606.ENSP00000286808	0.0
9606.ENSP00000428780	0.0
9606.ENSP00000403980	0.0
9606.ENSP00000336571	0.0
9606.ENSP00000264734	0.0
9606.ENSP00000409544	0.0
9606.ENSP00000382783	0.0
9606.ENSP00000378577	0.0
9606.ENSP00000287916	0.0
9606.ENSP00000064778	0.0
9606.ENSP00000064780	0.0
9606.ENSP00000362994	0.0
9606.ENSP00000311713	0.0
9606.ENSP00000351905	0.0
9606.ENSP00000070846	0.0
9606.ENSP00000257198	0.0
9606.ENSP00000261590	0.0
9606.ENSP00000282561	0.0
9606.ENSP00000328968	0.0
9606.ENSP00000331678	0.0
9606.ENSP00000355533	0.0
9606.ENSP00000353608	0.0
9606.ENSP00000280904	0.0
9606.ENSP00000257189	0.0
9606.ENSP00000357283	0.0
9606.ENSP00000408695	0.0
9606.ENSP00000442795	0.0
9606.ENSP00000303992	0.0
9606.ENSP00000257192	0.0
9606.ENSP00000411397	0.0
9606.ENSP00000072644	0.0
9606.ENSP00000361499	0.0
9606.ENSP00000428205	0.0
9606.ENSP00000417573	0.0
9606.ENSP00000363390	0.0
9606.ENSP00000238831	0.0
9606.ENSP00000372274	0.0
9606.ENSP00000072869	0.0
9606.ENSP00000315118	0.0
9606.ENSP00000355741	0.0
9606.ENSP00000254759	0.0
9606.ENSP00000074304	0.0
9606.ENSP00000345752	0.0
9606.ENSP00000265970	0.0
9606.ENSP00000264380	0.0
9606.ENSP00000298229	0.0
9606.ENSP00000409667	0.0
9606.ENSP00000357583	0.0
9606.ENSP00000262644	0.0
9606.ENSP00000267615	0.0
9606.ENSP00000422793	0.0
9606.ENSP00000376142	0.0
9606.ENSP00000273047	0.0
9606.ENSP00000356155	0.0
9606.ENSP00000408526	0.0
9606.ENSP00000362115	0.0
9606.ENSP00000371221	0.0
9606.ENSP00000445381	0.0
9606.ENSP00000361021	0.0
9606.ENSP00000359423	0.0
9606.ENSP00000384651	0.0
9606.ENSP00000222254	0.0
9606.ENSP00000230124	0.0
9606.ENSP00000296003	0.0
9606.ENSP00000360154	0.0
9606.ENSP00000414178	0.0
9606.ENSP00000262741	0.0
9606.ENSP00000360777	0.0
9606.ENSP00000363985	0.0
9606.ENSP00000180173	0.0
9606.ENSP00000347792	0.0
9606.ENSP00000325285	0.0
9606.ENSP00000337746	0.0
9606.ENSP00000269159	0.0
9606.ENSP00000075120	0.0
9606.ENSP00000494664	0.0
9606.ENSP00000445175	0.0
9606.ENSP00000463978	0.0
9606.ENSP00000445929	0.0
9606.ENSP00000395535	0.0
9606.ENSP00000290573	0.0
9606.ENSP00000492001	0.0
9606.ENSP00000075503	0.0
9606.ENSP00000222644	0.0
9606.ENSP00000235382	0.0
9606.ENSP00000421710	0.0
9606.ENSP00000369643	0.0
9606.ENSP00000282018	0.0
9606.ENSP00000372750	0.0
9606.ENSP00000335560	0.0
9606.ENSP00000306138	0.0
9606.ENSP00000232564	0.0
9606.ENSP00000360021	0.0
9606.ENSP00000261837	0.0
9606.ENSP00000368766	0.0
9606.ENSP00000276198	0.0
9606.ENSP00000417132	0.0
9606.ENSP00000363411	0.0
9606.ENSP00000315011	0.0
9606.ENSP00000371594	0.0
9606.ENSP00000380247	0.0
9606.ENSP00000402723	0.0
9606.ENSP00000420194	0.0
9606.ENSP00000299178	0.0
9606.ENSP00000275364	0.0
9606.ENSP00000280155	0.0
9606.ENSP00000258400	0.0
9606.ENSP00000306662	0.0
9606.ENSP00000246115	0.0
9606.ENSP00000377446	0.0
9606.ENSP00000246553	0.0
9606.ENSP00000366416	0.0
9606.ENSP00000442837	0.0
9606.ENSP00000241256	0.0
9606.ENSP00000369960	0.0
9606.ENSP00000356094	0.0
9606.ENSP00000305260	0.0
9606.ENSP00000263967	0.0
9606.ENSP00000367762	0.0
9606.ENSP00000393333	0.0
9606.ENSP00000363255	0.0
9606.ENSP00000321326	0.0
9606.ENSP00000437737	0.0
9606.ENSP00000306490	0.0
9606.ENSP00000295589	0.0
9606.ENSP00000226413	0.0
9606.ENSP00000294117	0.0
9606.ENSP00000255380	0.0
9606.ENSP00000386069	0.0
9606.ENSP00000359675	0.0
9606.ENSP00000248564	0.0
9606.ENSP00000300873	0.0
9606.ENSP00000380942	0.0
9606.ENSP00000260402	0.0
9606.ENSP00000398832	0.0
9606.ENSP00000282753	0.0
9606.ENSP00000378483	0.0
9606.ENSP00000312262	0.0
9606.ENSP00000358548	0.0
9606.ENSP00000443631	0.0
9606.ENSP00000356429	0.0
9606.ENSP00000338185	0.0
9606.ENSP00000262958	0.0
9606.ENSP00000234371	0.0
9606.ENSP00000248150	0.0
9606.ENSP00000248572	0.0
9606.ENSP00000450482	0.0
9606.ENSP00000470176	0.0
9606.ENSP00000229264	0.0
9606.ENSP00000480573	0.0
9606.ENSP00000398629	0.0
9606.ENSP00000324270	0.0
9606.ENSP00000216629	0.0
9606.ENSP00000362401	0.0
9606.ENSP00000365807	0.0
9606.ENSP00000078445	0.0
9606.ENSP00000364349	0.0
9606.ENSP00000347184	0.0
9606.ENSP00000479667	0.0
9606.ENSP00000466775	0.0
9606.ENSP00000265372	0.0
9606.ENSP00000264110	0.0
9606.ENSP00000481956	0.0
9606.ENSP00000282356	0.0
9606.ENSP00000263253	0.0
9606.ENSP00000271889	0.0
9606.ENSP00000471477	0.0
9606.ENSP00000350425	0.0
9606.ENSP00000342136	0.0
9606.ENSP00000329140	0.0
9606.ENSP00000262367	0.0
9606.ENSP00000252996	0.0
9606.ENSP00000336790	0.0
9606.ENSP00000350359	0.0
9606.ENSP00000356919	0.0
9606.ENSP00000215832	0.0
9606.ENSP00000373328	0.0
9606.ENSP00000357622	0.0
9606.ENSP00000368798	0.0
9606.ENSP00000344223	0.0
9606.ENSP00000255040	0.0
9606.ENSP00000462980	0.0
9606.ENSP00000471894	0.0
9606.ENSP00000445002	0.0
9606.ENSP00000080059	0.0
9606.ENSP00000289316	0.0
9606.ENSP00000481622	0.0
9606.ENSP00000360493	0.0
9606.ENSP00000371267	0.0
9606.ENSP00000440542	0.0
9606.ENSP00000332194	0.0
9606.ENSP00000495192	0.0
9606.ENSP00000453095	0.0
9606.ENSP00000362592	0.0
9606.ENSP00000369424	0.0
9606.ENSP00000354723	0.0
9606.ENSP00000366618	0.0
9606.ENSP00000263754	0.0
9606.ENSP00000302967	0.0
9606.ENSP00000348056	0.0
9606.ENSP00000434024	0.0
9606.ENSP00000340330	0.0
9606.ENSP00000445831	0.0
9606.ENSP00000308405	0.0
9606.ENSP00000271555	0.0
9606.ENSP00000477527	0.0
9606.ENSP00000476136	0.0
9606.ENSP00000340874	0.0
9606.ENSP00000321744	0.0
9606.ENSP00000292599	0.0
9606.ENSP00000347119	0.0
9606.ENSP00000279441	0.0
9606.ENSP00000483903	0.0
9606.ENSP00000349430	0.0
9606.ENSP00000479284	0.0
9606.ENSP00000384018	0.0
9606.ENSP00000225916	0.0
9606.ENSP00000479169	0.0
9606.ENSP00000296417	0.0
9606.ENSP00000274764	0.0
9606.ENSP00000268058	0.0
9606.ENSP00000358155	0.0
9606.ENSP00000482674	0.0
9606.ENSP00000357979	0.0
9606.ENSP00000358151	0.0
9606.ENSP00000250448	0.0
9606.ENSP00000437775	0.0
9606.ENSP00000477907	0.0
9606.ENSP00000268712	0.0
9606.ENSP00000490412	0.0
9606.ENSP00000301057	0.0
9606.ENSP00000477141	0.0
9606.ENSP00000425979	0.0
9606.ENSP00000437256	0.0
9606.ENSP00000083182	0.0
9606.ENSP00000307298	0.0
9606.ENSP00000365360	0.0
9606.ENSP00000274457	0.0
9606.ENSP00000269856	0.0
9606.ENSP00000306682	0.0
9606.ENSP00000445675	0.0
9606.ENSP00000478121	0.0
9606.ENSP00000294353	0.0
9606.ENSP00000291900	0.0
9606.ENSP00000298307	0.0
9606.ENSP00000321388	0.0
9606.ENSP00000262306	0.0
9606.ENSP00000308236	0.0
9606.ENSP00000334140	0.0
9606.ENSP00000365322	0.0
9606.ENSP00000313995	0.0
9606.ENSP00000414095	0.0
9606.ENSP00000085068	0.0
9606.ENSP00000401508	0.0
9606.ENSP00000381857	0.0
9606.ENSP00000480476	0.0
9606.ENSP00000263593	0.0
9606.ENSP00000329684	0.0
9606.ENSP00000325708	0.0
9606.ENSP00000328230	0.0
9606.ENSP00000376544	0.0
9606.ENSP00000248948	0.0
9606.ENSP00000259089	0.0
9606.ENSP00000433277	0.0
9606.ENSP00000473212	0.0
9606.ENSP00000299727	0.0
9606.ENSP00000350844	0.0
9606.ENSP00000259633	0.0
9606.ENSP00000373518	0.0
9606.ENSP00000333919	0.0
9606.ENSP00000473159	0.0
9606.ENSP00000374125	0.0
9606.ENSP00000265643	0.0
9606.ENSP00000086933	0.0
9606.ENSP00000481127	0.0
9606.ENSP00000331791	0.0
9606.ENSP00000331313	0.0
9606.ENSP00000155093	0.0
9606.ENSP00000442047	0.0
9606.ENSP00000403304	0.0
9606.ENSP00000342812	0.0
9606.ENSP00000227322	0.0
9606.ENSP00000498737	0.0
9606.ENSP00000495612	0.0
9606.ENSP00000353284	0.0
9606.ENSP00000372547	0.0
9606.ENSP00000368486	0.0
9606.ENSP00000370088	0.0
9606.ENSP00000284856	0.0
9606.ENSP00000372505	0.0
9606.ENSP00000322408	0.0
9606.ENSP00000348169	0.0
9606.ENSP00000372499	0.0
9606.ENSP00000155840	0.0
9606.ENSP00000457807	0.0
9606.ENSP00000486891	0.0
9606.ENSP00000281830	0.0
9606.ENSP00000415011	0.0
9606.ENSP00000384484	0.0
9606.ENSP00000332293	0.0
9606.ENSP00000331087	0.0
9606.ENSP00000290310	0.0
9606.ENSP00000463778	0.0
9606.ENSP00000391826	0.0
9606.ENSP00000319231	0.0
9606.ENSP00000380308	0.0
9606.ENSP00000419952	0.0
9606.ENSP00000373648	0.0
9606.ENSP00000306497	0.0
9606.ENSP00000348573	0.0
9606.ENSP00000433295	0.0
9606.ENSP00000369948	0.0
9606.ENSP00000488024	0.0
9606.ENSP00000233826	0.0
9606.ENSP00000282728	0.0
9606.ENSP00000367323	0.0
9606.ENSP00000352527	0.0
9606.ENSP00000496939	0.0
9606.ENSP00000310557	0.0
9606.ENSP00000345708	0.0
9606.ENSP00000345055	0.0
9606.ENSP00000262916	0.0
9606.ENSP00000243457	0.0
9606.ENSP00000322460	0.0
9606.ENSP00000361173	0.0
9606.ENSP00000262186	0.0
9606.ENSP00000410242	0.0
9606.ENSP00000382226	0.0
9606.ENSP00000352035	0.0
9606.ENSP00000413720	0.0
9606.ENSP00000294016	0.0
9606.ENSP00000477875	0.0
9606.ENSP00000375756	0.0
9606.ENSP00000274695	0.0
9606.ENSP00000155858	0.0
9606.ENSP00000480090	0.0
9606.ENSP00000344411	0.0
9606.ENSP00000303575	0.0
9606.ENSP00000342222	0.0
9606.ENSP00000260264	0.0
9606.ENSP00000459962	0.0
9606.ENSP00000331867	0.0
9606.ENSP00000329926	0.0
9606.ENSP00000262209	0.0
9606.ENSP00000325296	0.0
9606.ENSP00000419313	0.0
9606.ENSP00000381339	0.0
9606.ENSP00000353846	0.0
9606.ENSP00000364520	0.0
9606.ENSP00000155926	0.0
9606.ENSP00000254436	0.0
9606.ENSP00000356641	0.0
9606.ENSP00000312150	0.0
9606.ENSP00000303709	0.0
9606.ENSP00000483356	0.0
9606.ENSP00000362222	0.0
9606.ENSP00000156084	0.0
9606.ENSP00000218348	0.0
9606.ENSP00000376500	0.0
9606.ENSP00000429084	0.0
9606.ENSP00000357565	0.0
9606.ENSP00000305926	0.0
9606.ENSP00000464030	0.0
9606.ENSP00000156109	0.0
9606.ENSP00000416269	0.0
9606.ENSP00000460348	0.0
9606.ENSP00000263694	0.0
9606.ENSP00000286175	0.0
9606.ENSP00000387006	0.0
9606.ENSP00000497641	0.0
9606.ENSP00000366557	0.0
9606.ENSP00000292314	0.0
9606.ENSP00000368066	0.0
9606.ENSP00000267812	0.0
9606.ENSP00000356541	0.0
9606.ENSP00000393388	0.0
9606.ENSP00000360497	0.0
9606.ENSP00000346892	0.0
9606.ENSP00000339090	0.0
9606.ENSP00000370460	0.0
9606.ENSP00000357901	0.0
9606.ENSP00000421592	0.0
9606.ENSP00000365625	0.0
9606.ENSP00000271628	0.0
9606.ENSP00000300413	0.0
9606.ENSP00000342374	0.0
9606.ENSP00000424417	0.0
9606.ENSP00000238892	0.0
9606.ENSP00000357928	0.0
9606.ENSP00000233468	0.0
9606.ENSP00000335321	0.0
9606.ENSP00000265732	0.0
9606.ENSP00000328848	0.0
9606.ENSP00000268655	0.0
9606.ENSP00000301740	0.0
9606.ENSP00000260210	0.0
9606.ENSP00000333657	0.0
9606.ENSP00000216252	0.0
9606.ENSP00000451129	0.0
9606.ENSP00000318861	0.0
9606.ENSP00000363313	0.0
9606.ENSP00000296215	0.0
9606.ENSP00000317123	0.0
9606.ENSP00000266735	0.0
9606.ENSP00000364858	0.0
9606.ENSP00000305790	0.0
9606.ENSP00000499569	0.0
9606.ENSP00000480421	0.0
9606.ENSP00000245543	0.0
9606.ENSP00000486725	0.0
9606.ENSP00000268482	0.0
9606.ENSP00000400591	0.0
9606.ENSP00000412566	0.0
9606.ENSP00000215829	0.0
9606.ENSP00000360532	0.0
9606.ENSP00000362803	0.0
9606.ENSP00000326261	0.0
9606.ENSP00000475615	0.0
9606.ENSP00000156471	0.0
9606.ENSP00000246071	0.0
9606.ENSP00000263384	0.0
9606.ENSP00000271526	0.0
9606.ENSP00000262415	0.0
9606.ENSP00000361918	0.0
9606.ENSP00000261308	0.0
9606.ENSP00000351137	0.0
9606.ENSP00000282251	0.0
9606.ENSP00000368881	0.0
9606.ENSP00000262962	0.0
9606.ENSP00000419270	0.0
9606.ENSP00000411822	0.0
9606.ENSP00000272091	0.0
9606.ENSP00000199814	0.0
9606.ENSP00000273541	0.0
9606.ENSP00000351492	0.0
9606.ENSP00000355050	0.0
9606.ENSP00000360464	0.0
9606.ENSP00000336741	0.0
9606.ENSP00000402653	0.0
9606.ENSP00000335808	0.0
9606.ENSP00000257181	0.0
9606.ENSP00000358554	0.0
9606.ENSP00000236273	0.0
9606.ENSP00000226798	0.0
9606.ENSP00000386023	0.0
9606.ENSP00000265107	0.0
9606.ENSP00000354518	0.0
9606.ENSP00000297151	0.0
9606.ENSP00000478070	0.0
9606.ENSP00000364289	0.0
9606.ENSP00000227524	0.0
9606.ENSP00000264645	0.0
9606.ENSP00000319240	0.0
9606.ENSP00000362110	0.0
9606.ENSP00000221494	0.0
9606.ENSP00000274712	0.0
9606.ENSP00000215793	0.0
9606.ENSP00000415078	0.0
9606.ENSP00000254193	0.0
9606.ENSP00000360525	0.0
9606.ENSP00000334148	0.0
9606.ENSP00000156626	0.0
9606.ENSP00000377257	0.0
9606.ENSP00000348668	0.0
9606.ENSP00000421725	0.0
9606.ENSP00000416787	0.0
9606.ENSP00000329846	0.0
9606.ENSP00000364150	0.0
9606.ENSP00000436604	0.0
9606.ENSP00000423313	0.0
9606.ENSP00000336729	0.0
9606.ENSP00000415454	0.0
9606.ENSP00000489061	0.0
9606.ENSP00000269195	0.0
9606.ENSP00000389176	0.0
9606.ENSP00000259056	0.0
9606.ENSP00000227756	0.0
9606.ENSP00000484640	0.0
9606.ENSP00000479207	0.0
9606.ENSP00000344260	0.0
9606.ENSP00000329033	0.0
9606.ENSP00000265000	0.0
9606.ENSP00000376465	0.0
9606.ENSP00000329654	0.0
9606.ENSP00000355632	0.0
9606.ENSP00000252318	0.0
9606.ENSP00000428540	0.0
9606.ENSP00000417583	0.0
9606.ENSP00000297107	0.0
9606.ENSP00000304364	0.0
9606.ENSP00000157600	0.0
9606.ENSP00000269216	0.0
9606.ENSP00000481021	0.0
9606.ENSP00000497594	0.0
9606.ENSP00000217958	0.0
9606.ENSP00000438071	0.0
9606.ENSP00000379217	0.0
9606.ENSP00000238156	0.0
9606.ENSP00000259335	0.0
9606.ENSP00000356405	0.0
9606.ENSP00000440485	0.0
9606.ENSP00000308873	0.0
9606.ENSP00000500990	0.0
9606.ENSP00000229340	0.0
9606.ENSP00000158771	0.0
9606.ENSP00000264065	0.0
9606.ENSP00000333283	0.0
9606.ENSP00000327801	0.0
9606.ENSP00000420608	0.0
9606.ENSP00000383911	0.0
9606.ENSP00000259963	0.0
9606.ENSP00000338348	0.0
9606.ENSP00000337053	0.0
9606.ENSP00000220853	0.0
9606.ENSP00000353270	0.0
9606.ENSP00000366395	0.0
9606.ENSP00000256497	0.0
9606.ENSP00000384744	0.0
9606.ENSP00000366748	0.0
9606.ENSP00000185150	0.0
9606.ENSP00000263202	0.0
9606.ENSP00000416066	0.0
9606.ENSP00000331487	0.0
9606.ENSP00000451261	0.0
9606.ENSP00000261942	0.0
9606.ENSP00000274140	0.0
9606.ENSP00000245046	0.0
9606.ENSP00000381282	0.0
9606.ENSP00000318165	0.0
9606.ENSP00000223641	0.0
9606.ENSP00000304051	0.0
9606.ENSP00000267113	0.0
9606.ENSP00000159060	0.0
9606.ENSP00000309714	0.0
9606.ENSP00000348215	0.0
9606.ENSP00000356505	0.0
9606.ENSP00000342848	0.0
9606.ENSP00000380334	0.0
9606.ENSP00000254627	0.0
9606.ENSP00000380450	0.0
9606.ENSP00000373691	0.0
9606.ENSP00000261623	0.0
9606.ENSP00000289473	0.0
9606.ENSP00000367851	0.0
9606.ENSP00000263317	0.0
9606.ENSP00000362057	0.0
9606.ENSP00000317997	0.0
9606.ENSP00000159111	0.0
9606.ENSP00000386660	0.0
9606.ENSP00000254846	0.0
9606.ENSP00000343896	0.0
9606.ENSP00000361473	0.0
9606.ENSP00000326563	0.0
9606.ENSP00000244537	0.0
9606.ENSP00000254810	0.0
9606.ENSP00000355657	0.0
9606.ENSP00000366271	0.0
9606.ENSP00000352252	0.0
9606.ENSP00000382204	0.0
9606.ENSP00000333277	0.0
9606.ENSP00000316228	0.0
9606.ENSP00000353408	0.0
9606.ENSP00000415283	0.0
9606.ENSP00000160373	0.0
9606.ENSP00000221138	0.0
9606.ENSP00000358810	0.0
9606.ENSP00000350071	0.0
9606.ENSP00000365730	0.0
9606.ENSP00000376506	0.0
9606.ENSP00000249344	0.0
9606.ENSP00000271277	0.0
9606.ENSP00000350673	0.0
9606.ENSP00000324804	0.0
9606.ENSP00000418447	0.0
9606.ENSP00000499241	0.0
9606.ENSP00000315702	0.0
9606.ENSP00000263918	0.0
9606.ENSP00000325748	0.0
9606.ENSP00000377867	0.0
9606.ENSP00000365745	0.0
9606.ENSP00000375777	0.0
9606.ENSP00000333496	0.0
9606.ENSP00000160382	0.0
9606.ENSP00000445868	0.0
9606.ENSP00000406037	0.0
9606.ENSP00000496168	0.0
9606.ENSP00000386593	0.0
9606.ENSP00000411073	0.0
9606.ENSP00000341805	0.0
9606.ENSP00000362166	0.0
9606.ENSP00000287820	0.0
9606.ENSP00000458162	0.0
9606.ENSP00000374212	0.0
9606.ENSP00000335044	0.0
9606.ENSP00000347602	0.0
9606.ENSP00000320566	0.0
9606.ENSP00000262518	0.0
9606.ENSP00000369674	0.0
9606.ENSP00000267163	0.0
9606.ENSP00000378181	0.0
9606.ENSP00000347716	0.0
9606.ENSP00000449396	0.0
9606.ENSP00000304593	0.0
9606.ENSP00000313933	0.0
9606.ENSP00000371638	0.0
9606.ENSP00000264183	0.0
9606.ENSP00000414516	0.0
9606.ENSP00000419765	0.0
9606.ENSP00000346464	0.0
9606.ENSP00000361363	0.0
9606.ENSP00000323967	0.0
9606.ENSP00000394417	0.0
9606.ENSP00000336842	0.0
9606.ENSP00000352925	0.0
9606.ENSP00000247843	0.0
9606.ENSP00000433760	0.0
9606.ENSP00000379946	0.0
9606.ENSP00000263062	0.0
9606.ENSP00000349723	0.0
9606.ENSP00000479526	0.0
9606.ENSP00000254480	0.0
9606.ENSP00000258484	0.0
9606.ENSP00000490491	0.0
9606.ENSP00000392617	0.0
9606.ENSP00000359518	0.0
9606.ENSP00000252268	0.0
9606.ENSP00000386786	0.0
9606.ENSP00000397552	0.0
9606.ENSP00000320485	0.0
9606.ENSP00000333012	0.0
9606.ENSP00000378414	0.0
9606.ENSP00000262188	0.0
9606.ENSP00000331310	0.0
9606.ENSP00000160827	0.0
9606.ENSP00000404190	0.0
9606.ENSP00000393963	0.0
9606.ENSP00000442008	0.0
9606.ENSP00000342097	0.0
9606.ENSP00000240423	0.0
9606.ENSP00000348838	0.0
9606.ENSP00000465992	0.0
9606.ENSP00000219782	0.0
9606.ENSP00000279392	0.0
9606.ENSP00000378295	0.0
9606.ENSP00000481380	0.0
9606.ENSP00000300403	0.0
9606.ENSP00000260363	0.0
9606.ENSP00000378356	0.0
9606.ENSP00000362146	0.0
9606.ENSP00000326550	0.0
9606.ENSP00000377793	0.0
9606.ENSP00000363524	0.0
9606.ENSP00000216911	0.0
9606.ENSP00000354878	0.0
9606.ENSP00000361540	0.0
9606.ENSP00000345179	0.0
9606.ENSP00000360793	0.0
9606.ENSP00000263598	0.0
9606.ENSP00000385000	0.0
9606.ENSP00000387875	0.0
9606.ENSP00000361298	0.0
9606.ENSP00000301633	0.0
9606.ENSP00000324020	0.0
9606.ENSP00000287598	0.0
9606.ENSP00000428489	0.0
9606.ENSP00000484615	0.0
9606.ENSP00000260731	0.0
9606.ENSP00000442068	0.0
9606.ENSP00000268919	0.0
9606.ENSP00000301332	0.0
9606.ENSP00000356319	0.0
9606.ENSP00000161559	0.0
9606.ENSP00000329932	0.0
9606.ENSP00000244336	0.0
9606.ENSP00000475924	0.0
9606.ENSP00000221992	0.0
9606.ENSP00000315564	0.0
9606.ENSP00000199764	0.0
9606.ENSP00000161863	0.0
9606.ENSP00000346694	0.0
9606.ENSP00000359645	0.0
9606.ENSP00000418823	0.0
9606.ENSP00000386452	0.0
9606.ENSP00000336752	0.0
9606.ENSP00000358799	0.0
9606.ENSP00000401277	0.0
9606.ENSP00000290341	0.0
9606.ENSP00000351141	0.0
9606.ENSP00000451291	0.0
9606.ENSP00000315791	0.0
9606.ENSP00000242848	0.0
9606.ENSP00000264951	0.0
9606.ENSP00000263092	0.0
9606.ENSP00000297591	0.0
9606.ENSP00000216489	0.0
9606.ENSP00000382091	0.0
9606.ENSP00000217109	0.0
9606.ENSP00000298717	0.0
9606.ENSP00000298875	0.0
9606.ENSP00000258729	0.0
9606.ENSP00000484669	0.0
9606.ENSP00000300291	0.0
9606.ENSP00000359364	0.0
9606.ENSP00000434995	0.0
9606.ENSP00000373474	0.0
9606.ENSP00000454545	0.0
9606.ENSP00000365201	0.0
9606.ENSP00000162391	0.0
9606.ENSP00000329170	0.0
9606.ENSP00000318822	0.0
9606.ENSP00000351273	0.0
9606.ENSP00000312664	0.0
9606.ENSP00000382423	0.0
9606.ENSP00000286186	0.0
9606.ENSP00000258443	0.0
9606.ENSP00000216160	0.0
9606.ENSP00000384273	0.0
9606.ENSP00000477613	0.0
9606.ENSP00000357470	0.0
9606.ENSP00000216274	0.0
9606.ENSP00000310933	0.0
9606.ENSP00000261464	0.0
9606.ENSP00000392025	0.0
9606.ENSP00000317891	0.0
9606.ENSP00000258080	0.0
9606.ENSP00000365926	0.0
9606.ENSP00000371067	0.0
9606.ENSP00000341268	0.0
9606.ENSP00000433623	0.0
9606.ENSP00000266000	0.0
9606.ENSP00000245817	0.0
9606.ENSP00000430684	0.0
9606.ENSP00000276431	0.0
9606.ENSP00000359013	0.0
9606.ENSP00000308351	0.0
9606.ENSP00000326737	0.0
9606.ENSP00000410481	0.0
9606.ENSP00000259808	0.0
9606.ENSP00000360242	0.0
9606.ENSP00000358327	0.0
9606.ENSP00000295981	0.0
9606.ENSP00000416799	0.0
9606.ENSP00000356426	0.0
9606.ENSP00000247668	0.0
9606.ENSP00000263464	0.0
9606.ENSP00000296861	0.0
9606.ENSP00000259075	0.0
9606.ENSP00000368215	0.0
9606.ENSP00000381698	0.0
9606.ENSP00000348632	0.0
9606.ENSP00000252015	0.0
9606.ENSP00000287322	0.0
9606.ENSP00000367013	0.0
9606.ENSP00000228918	0.0
9606.ENSP00000312455	0.0
9606.ENSP00000481570	0.0
9606.ENSP00000347948	0.0
9606.ENSP00000376077	0.0
9606.ENSP00000411012	0.0
9606.ENSP00000241261	0.0
9606.ENSP00000321203	0.0
9606.ENSP00000483825	0.0
9606.ENSP00000218388	0.0
9606.ENSP00000358335	0.0
9606.ENSP00000301838	0.0
9606.ENSP00000220751	0.0
9606.ENSP00000293825	0.0
9606.ENSP00000315112	0.0
9606.ENSP00000363157	0.0
9606.ENSP00000163416	0.0
9606.ENSP00000258654	0.0
9606.ENSP00000356782	0.0
9606.ENSP00000267622	0.0
9606.ENSP00000299886	0.0
9606.ENSP00000497669	0.0
9606.ENSP00000305442	0.0
9606.ENSP00000353401	0.0
9606.ENSP00000377275	0.0
9606.ENSP00000313869	0.0
9606.ENSP00000355629	0.0
9606.ENSP00000362656	0.0
9606.ENSP00000315775	0.0
9606.ENSP00000417354	0.0
9606.ENSP00000297135	0.0
9606.ENSP00000397441	0.0
9606.ENSP00000416097	0.0
9606.ENSP00000164024	0.0
9606.ENSP00000164133	0.0
9606.ENSP00000216037	0.0
9606.ENSP00000412324	0.0
9606.ENSP00000377036	0.0
9606.ENSP00000375892	0.0
9606.ENSP00000264977	0.0
9606.ENSP00000380878	0.0
9606.ENSP00000417963	0.0
9606.ENSP00000383402	0.0
9606.ENSP00000399970	0.0
9606.ENSP00000375080	0.0
9606.ENSP00000259874	0.0
9606.ENSP00000279387	0.0
9606.ENSP00000372042	0.0
9606.ENSP00000341838	0.0
9606.ENSP00000325074	0.0
9606.ENSP00000378323	0.0
9606.ENSP00000261461	0.0
9606.ENSP00000354859	0.0
9606.ENSP00000257905	0.0
9606.ENSP00000279168	0.0
9606.ENSP00000482546	0.0
9606.ENSP00000263753	0.0
9606.ENSP00000500582	0.0
9606.ENSP00000377936	0.0
9606.ENSP00000337641	0.0
9606.ENSP00000378306	0.0
9606.ENSP00000223366	0.0
9606.ENSP00000278833	0.0
9606.ENSP00000352835	0.0
9606.ENSP00000354610	0.0
9606.ENSP00000330484	0.0
9606.ENSP00000455607	0.0
9606.ENSP00000310170	0.0
9606.ENSP00000364512	0.0
9606.ENSP00000422007	0.0
9606.ENSP00000313504	0.0
9606.ENSP00000431984	0.0
9606.ENSP00000445440	0.0
9606.ENSP00000406261	0.0
9606.ENSP00000396452	0.0
9606.ENSP00000362643	0.0
9606.ENSP00000294724	0.0
9606.ENSP00000324105	0.0
9606.ENSP00000338703	0.0
9606.ENSP00000337088	0.0
9606.ENSP00000481450	0.0
9606.ENSP00000369274	0.0
9606.ENSP00000297283	0.0
9606.ENSP00000269097	0.0
9606.ENSP00000485952	0.0
9606.ENSP00000378046	0.0
9606.ENSP00000420449	0.0
9606.ENSP00000498074	0.0
9606.ENSP00000278282	0.0
9606.ENSP00000309597	0.0
9606.ENSP00000385751	0.0
9606.ENSP00000473348	0.0
9606.ENSP00000366604	0.0
9606.ENSP00000340736	0.0
9606.ENSP00000496597	0.0
9606.ENSP00000253801	0.0
9606.ENSP00000498991	0.0
9606.ENSP00000367263	0.0
9606.ENSP00000370555	0.0
9606.ENSP00000496166	0.0
9606.ENSP00000273550	0.0
9606.ENSP00000447378	0.0
9606.ENSP00000321260	0.0
9606.ENSP00000164227	0.0
9606.ENSP00000350512	0.0
9606.ENSP00000221452	0.0
9606.ENSP00000295025	0.0
9606.ENSP00000369786	0.0
9606.ENSP00000358983	0.0
9606.ENSP00000281382	0.0
9606.ENSP00000357384	0.0
9606.ENSP00000165524	0.0
9606.ENSP00000267017	0.0
9606.ENSP00000307822	0.0
9606.ENSP00000302150	0.0
9606.ENSP00000239032	0.0
9606.ENSP00000485512	0.0
9606.ENSP00000222674	0.0
9606.ENSP00000166139	0.0
9606.ENSP00000295228	0.0
9606.ENSP00000242208	0.0
9606.ENSP00000257868	0.0
9606.ENSP00000368104	0.0
9606.ENSP00000166244	0.0
9606.ENSP00000493716	0.0
9606.ENSP00000350896	0.0
9606.ENSP00000204961	0.0
9606.ENSP00000226091	0.0
9606.ENSP00000215368	0.0
9606.ENSP00000357392	0.0
9606.ENSP00000357393	0.0
9606.ENSP00000414378	0.0
9606.ENSP00000328777	0.0
9606.ENSP00000264051	0.0
9606.ENSP00000361423	0.0
9606.ENSP00000166345	0.0
9606.ENSP00000357858	0.0
9606.ENSP00000296509	0.0
9606.ENSP00000285116	0.0
9606.ENSP00000414109	0.0
9606.ENSP00000499238	0.0
9606.ENSP00000378699	0.0
9606.ENSP00000216024	0.0
9606.ENSP00000356379	0.0
9606.ENSP00000468425	0.0
9606.ENSP00000298048	0.0
9606.ENSP00000251496	0.0
9606.ENSP00000355966	0.0
9606.ENSP00000247191	0.0
9606.ENSP00000424007	0.0
9606.ENSP00000313950	0.0
9606.ENSP00000342307	0.0
9606.ENSP00000265748	0.0
9606.ENSP00000355167	0.0
9606.ENSP00000235310	0.0
9606.ENSP00000311083	0.0
9606.ENSP00000360310	0.0
9606.ENSP00000410818	0.0
9606.ENSP00000256442	0.0
9606.ENSP00000355922	0.0
9606.ENSP00000377492	0.0
9606.ENSP00000302530	0.0
9606.ENSP00000288207	0.0
9606.ENSP00000271452	0.0
9606.ENSP00000358813	0.0
9606.ENSP00000411532	0.0
9606.ENSP00000385055	0.0
9606.ENSP00000360540	0.0
9606.ENSP00000275517	0.0
9606.ENSP00000167106	0.0
9606.ENSP00000439020	0.0
9606.ENSP00000251089	0.0
9606.ENSP00000320295	0.0
9606.ENSP00000361599	0.0
9606.ENSP00000167586	0.0
9606.ENSP00000264731	0.0
9606.ENSP00000252242	0.0
9606.ENSP00000357753	0.0
9606.ENSP00000200181	0.0
9606.ENSP00000413479	0.0
9606.ENSP00000263946	0.0
9606.ENSP00000252252	0.0
9606.ENSP00000323856	0.0
9606.ENSP00000308452	0.0
9606.ENSP00000357731	0.0
9606.ENSP00000377546	0.0
9606.ENSP00000301653	0.0
9606.ENSP00000357789	0.0
9606.ENSP00000386896	0.0
9606.ENSP00000497653	0.0
9606.ENSP00000369317	0.0
9606.ENSP00000167588	0.0
9606.ENSP00000406861	0.0
9606.ENSP00000484824	0.0
9606.ENSP00000216492	0.0
9606.ENSP00000370408	0.0
9606.ENSP00000307508	0.0
9606.ENSP00000263334	0.0
9606.ENSP00000263233	0.0
9606.ENSP00000246662	0.0
9606.ENSP00000437402	0.0
9606.ENSP00000253719	0.0
9606.ENSP00000216211	0.0
9606.ENSP00000346879	0.0
9606.ENSP00000368370	0.0
9606.ENSP00000494061	0.0
9606.ENSP00000264031	0.0
9606.ENSP00000485659	0.0
9606.ENSP00000168148	0.0
9606.ENSP00000273784	0.0
9606.ENSP00000228938	0.0
9606.ENSP00000168216	0.0
9606.ENSP00000370023	0.0
9606.ENSP00000389182	0.0
9606.ENSP00000346173	0.0
9606.ENSP00000325136	0.0
9606.ENSP00000465213	0.0
9606.ENSP00000362306	0.0
9606.ENSP00000409799	0.0
9606.ENSP00000304353	0.0
9606.ENSP00000312356	0.0
9606.ENSP00000220592	0.0
9606.ENSP00000369391	0.0
9606.ENSP00000285093	0.0
9606.ENSP00000440915	0.0
9606.ENSP00000362287	0.0
9606.ENSP00000412894	0.0
9606.ENSP00000474560	0.0
9606.ENSP00000401445	0.0
9606.ENSP00000385787	0.0
9606.ENSP00000482704	0.0
9606.ENSP00000340648	0.0
9606.ENSP00000350098	0.0
9606.ENSP00000333664	0.0
9606.ENSP00000348965	0.0
9606.ENSP00000357535	0.0
9606.ENSP00000362300	0.0
9606.ENSP00000302801	0.0
9606.ENSP00000263209	0.0
9606.ENSP00000280236	0.0
9606.ENSP00000317691	0.0
9606.ENSP00000231887	0.0
9606.ENSP00000318176	0.0
9606.ENSP00000301729	0.0
9606.ENSP00000356520	0.0
9606.ENSP00000393312	0.0
9606.ENSP00000294312	0.0
9606.ENSP00000229307	0.0
9606.ENSP00000369442	0.0
9606.ENSP00000480791	0.0
9606.ENSP00000292408	0.0
9606.ENSP00000497069	0.0
9606.ENSP00000357189	0.0
9606.ENSP00000259915	0.0
9606.ENSP00000369375	0.0
9606.ENSP00000277120	0.0
9606.ENSP00000371770	0.0
9606.ENSP00000381498	0.0
9606.ENSP00000498748	0.0
9606.ENSP00000237837	0.0
9606.ENSP00000261799	0.0
9606.ENSP00000447241	0.0
9606.ENSP00000352798	0.0
9606.ENSP00000339824	0.0
9606.ENSP00000351209	0.0
9606.ENSP00000297261	0.0
9606.ENSP00000257408	0.0
9606.ENSP00000303830	0.0
9606.ENSP00000282397	0.0
9606.ENSP00000279147	0.0
9606.ENSP00000261937	0.0
9606.ENSP00000241453	0.0
9606.ENSP00000245451	0.0
9606.ENSP00000410294	0.0
9606.ENSP00000169298	0.0
9606.ENSP00000369055	0.0
9606.ENSP00000480428	0.0
9606.ENSP00000281923	0.0
9606.ENSP00000386942	0.0
9606.ENSP00000310696	0.0
9606.ENSP00000353910	0.0
9606.ENSP00000169551	0.0
9606.ENSP00000345445	0.0
9606.ENSP00000329558	0.0
9606.ENSP00000320236	0.0
9606.ENSP00000378588	0.0
9606.ENSP00000257245	0.0
9606.ENSP00000370808	0.0
9606.ENSP00000295767	0.0
9606.ENSP00000410339	0.0
9606.ENSP00000270538	0.0
9606.ENSP00000216034	0.0
9606.ENSP00000464522	0.0
9606.ENSP00000356256	0.0
9606.ENSP00000351214	0.0
9606.ENSP00000372005	0.0
9606.ENSP00000379218	0.0
9606.ENSP00000445806	0.0
9606.ENSP00000363191	0.0
9606.ENSP00000363211	0.0
9606.ENSP00000284320	0.0
9606.ENSP00000379999	0.0
9606.ENSP00000315693	0.0
9606.ENSP00000299166	0.0
9606.ENSP00000360782	0.0
9606.ENSP00000264954	0.0
9606.ENSP00000368523	0.0
9606.ENSP00000170150	0.0
9606.ENSP00000253362	0.0
9606.ENSP00000253354	0.0
9606.ENSP00000346251	0.0
9606.ENSP00000170168	0.0
9606.ENSP00000261377	0.0
9606.ENSP00000428426	0.0
9606.ENSP00000222329	0.0
9606.ENSP00000353769	0.0
9606.ENSP00000480535	0.0
9606.ENSP00000395574	0.0
9606.ENSP00000170447	0.0
9606.ENSP00000380514	0.0
9606.ENSP00000302768	0.0
9606.ENSP00000170564	0.0
9606.ENSP00000219281	0.0
9606.ENSP00000250454	0.0
9606.ENSP00000171887	0.0
9606.ENSP00000276297	0.0
9606.ENSP00000391669	0.0
9606.ENSP00000343706	0.0
9606.ENSP00000297904	0.0
9606.ENSP00000501150	0.0
9606.ENSP00000262395	0.0
9606.ENSP00000409007	0.0
9606.ENSP00000397297	0.0
9606.ENSP00000428340	0.0
9606.ENSP00000228945	0.0
9606.ENSP00000358525	0.0
9606.ENSP00000359532	0.0
9606.ENSP00000258052	0.0
9606.ENSP00000311127	0.0
9606.ENSP00000354207	0.0
9606.ENSP00000451040	0.0
9606.ENSP00000495951	0.0
9606.ENSP00000361728	0.0
9606.ENSP00000422185	0.0
9606.ENSP00000376943	0.0
9606.ENSP00000358997	0.0
9606.ENSP00000480043	0.0
9606.ENSP00000479889	0.0
9606.ENSP00000497916	0.0
9606.ENSP00000484810	0.0
9606.ENSP00000364847	0.0
9606.ENSP00000463939	0.0
9606.ENSP00000256458	0.0
9606.ENSP00000346508	0.0
9606.ENSP00000314897	0.0
9606.ENSP00000327513	0.0
9606.ENSP00000228437	0.0
9606.ENSP00000219409	0.0
9606.ENSP00000366563	0.0
9606.ENSP00000261233	0.0
9606.ENSP00000304895	0.0
9606.ENSP00000330382	0.0
9606.ENSP00000173229	0.0
9606.ENSP00000265362	0.0
9606.ENSP00000332737	0.0
9606.ENSP00000385143	0.0
9606.ENSP00000316809	0.0
9606.ENSP00000485033	0.0
9606.ENSP00000383303	0.0
9606.ENSP00000334329	0.0
9606.ENSP00000420321	0.0
9606.ENSP00000266058	0.0
9606.ENSP00000304501	0.0
9606.ENSP00000389140	0.0
9606.ENSP00000380903	0.0
9606.ENSP00000406022	0.0
9606.ENSP00000417335	0.0
9606.ENSP00000308219	0.0
9606.ENSP00000341198	0.0
9606.ENSP00000332164	0.0
9606.ENSP00000294485	0.0
9606.ENSP00000422591	0.0
9606.ENSP00000173527	0.0
9606.ENSP00000173898	0.0
9606.ENSP00000257909	0.0
9606.ENSP00000174618	0.0
9606.ENSP00000351490	0.0
9606.ENSP00000246912	0.0
9606.ENSP00000320886	0.0
9606.ENSP00000337889	0.0
9606.ENSP00000281043	0.0
9606.ENSP00000401867	0.0
9606.ENSP00000264444	0.0
9606.ENSP00000175091	0.0
9606.ENSP00000402301	0.0
9606.ENSP00000294507	0.0
9606.ENSP00000424827	0.0
9606.ENSP00000175756	0.0
9606.ENSP00000452746	0.0
9606.ENSP00000176183	0.0
9606.ENSP00000358867	0.0
9606.ENSP00000312999	0.0
9606.ENSP00000359285	0.0
9606.ENSP00000354511	0.0
9606.ENSP00000250018	0.0
9606.ENSP00000306678	0.0
9606.ENSP00000261707	0.0
9606.ENSP00000376776	0.0
9606.ENSP00000370571	0.0
9606.ENSP00000373169	0.0
9606.ENSP00000270349	0.0
9606.ENSP00000320180	0.0
9606.ENSP00000311545	0.0
9606.ENSP00000327246	0.0
9606.ENSP00000379472	0.0
9606.ENSP00000362716	0.0
9606.ENSP00000483721	0.0
9606.ENSP00000242786	0.0
9606.ENSP00000384092	0.0
9606.ENSP00000383558	0.0
9606.ENSP00000276571	0.0
9606.ENSP00000362353	0.0
9606.ENSP00000256857	0.0
9606.ENSP00000256010	0.0
9606.ENSP00000388825	0.0
9606.ENSP00000353198	0.0
9606.ENSP00000331358	0.0
9606.ENSP00000352561	0.0
9606.ENSP00000176763	0.0
9606.ENSP00000367203	0.0
9606.ENSP00000286639	0.0
9606.ENSP00000358092	0.0
9606.ENSP00000382800	0.0
9606.ENSP00000355870	0.0
9606.ENSP00000340347	0.0
9606.ENSP00000274031	0.0
9606.ENSP00000349365	0.0
9606.ENSP00000268638	0.0
9606.ENSP00000376436	0.0
9606.ENSP00000300305	0.0
9606.ENSP00000417763	0.0
9606.ENSP00000178638	0.0
9606.ENSP00000216862	0.0
9606.ENSP00000367608	0.0
9606.ENSP00000178640	0.0
9606.ENSP00000343200	0.0
9606.ENSP00000387246	0.0
9606.ENSP00000354927	0.0
9606.ENSP00000367830	0.0
9606.ENSP00000311005	0.0
9606.ENSP00000179259	0.0
9606.ENSP00000292432	0.0
9606.ENSP00000318318	0.0
9606.ENSP00000479719	0.0
9606.ENSP00000346643	0.0
9606.ENSP00000269848	0.0
9606.ENSP00000364486	0.0
9606.ENSP00000229270	0.0
9606.ENSP00000408025	0.0
9606.ENSP00000370517	0.0
9606.ENSP00000356047	0.0
9606.ENSP00000232375	0.0
9606.ENSP00000362413	0.0
9606.ENSP00000320171	0.0
9606.ENSP00000364145	0.0
9606.ENSP00000371811	0.0
9606.ENSP00000321455	0.0
9606.ENSP00000497527	0.0
9606.ENSP00000479636	0.0
9606.ENSP00000221086	0.0
9606.ENSP00000381102	0.0
9606.ENSP00000285419	0.0
9606.ENSP00000284486	0.0
9606.ENSP00000181383	0.0
9606.ENSP00000216968	0.0
9606.ENSP00000223642	0.0
9606.ENSP00000205948	0.0
9606.ENSP00000360281	0.0
9606.ENSP00000356671	0.0
9606.ENSP00000334145	0.0
9606.ENSP00000336829	0.0
9606.ENSP00000215727	0.0
9606.ENSP00000384957	0.0
9606.ENSP00000493985	0.0
9606.ENSP00000321853	0.0
9606.ENSP00000364731	0.0
9606.ENSP00000323929	0.0
9606.ENSP00000308938	0.0
9606.ENSP00000245907	0.0
9606.ENSP00000223095	0.0
9606.ENSP00000366307	0.0
9606.ENSP00000254722	0.0
9606.ENSP00000308541	0.0
9606.ENSP00000386104	0.0
9606.ENSP00000361850	0.0
9606.ENSP00000234071	0.0
9606.ENSP00000359446	0.0
9606.ENSP00000326159	0.0
9606.ENSP00000232003	0.0
9606.ENSP00000181796	0.0
9606.ENSP00000263257	0.0
9606.ENSP00000438875	0.0
9606.ENSP00000181839	0.0
9606.ENSP00000225504	0.0
9606.ENSP00000299601	0.0
9606.ENSP00000357748	0.0
9606.ENSP00000357798	0.0
9606.ENSP00000261245	0.0
9606.ENSP00000362361	0.0
9606.ENSP00000355013	0.0
9606.ENSP00000348308	0.0
9606.ENSP00000264157	0.0
9606.ENSP00000319104	0.0
9606.ENSP00000364578	0.0
9606.ENSP00000461879	0.0
9606.ENSP00000261900	0.0
9606.ENSP00000498750	0.0
9606.ENSP00000374529	0.0
9606.ENSP00000398880	0.0
9606.ENSP00000470252	0.0
9606.ENSP00000406541	0.0
9606.ENSP00000447730	0.0
9606.ENSP00000324101	0.0
9606.ENSP00000182527	0.0
9606.ENSP00000350132	0.0
9606.ENSP00000360158	0.0
9606.ENSP00000435380	0.0
9606.ENSP00000353072	0.0
9606.ENSP00000355958	0.0
9606.ENSP00000184183	0.0
9606.ENSP00000483621	0.0
9606.ENSP00000228850	0.0
9606.ENSP00000289013	0.0
9606.ENSP00000426271	0.0
9606.ENSP00000184266	0.0
9606.ENSP00000354961	0.0
9606.ENSP00000355206	0.0
9606.ENSP00000281031	0.0
9606.ENSP00000354665	0.0
9606.ENSP00000498408	0.0
9606.ENSP00000407336	0.0
9606.ENSP00000306003	0.0
9606.ENSP00000458770	0.0
9606.ENSP00000392709	0.0
9606.ENSP00000327268	0.0
9606.ENSP00000441126	0.0
9606.ENSP00000266544	0.0
9606.ENSP00000300688	0.0
9606.ENSP00000292475	0.0
9606.ENSP00000478766	0.0
9606.ENSP00000377411	0.0
9606.ENSP00000276062	0.0
9606.ENSP00000482543	0.0
9606.ENSP00000274137	0.0
9606.ENSP00000498656	0.0
9606.ENSP00000358840	0.0
9606.ENSP00000356953	0.0
9606.ENSP00000419087	0.0
9606.ENSP00000421076	0.0
9606.ENSP00000338641	0.0
9606.ENSP00000354687	0.0
9606.ENSP00000497587	0.0
9606.ENSP00000354728	0.0
9606.ENSP00000418438	0.0
9606.ENSP00000276689	0.0
9606.ENSP00000450909	0.0
9606.ENSP00000360492	0.0
9606.ENSP00000389160	0.0
9606.ENSP00000215565	0.0
9606.ENSP00000301587	0.0
9606.ENSP00000364699	0.0
9606.ENSP00000483888	0.0
9606.ENSP00000292907	0.0
9606.ENSP00000369176	0.0
9606.ENSP00000497305	0.0
9606.ENSP00000362873	0.0
9606.ENSP00000252102	0.0
9606.ENSP00000306362	0.0
9606.ENSP00000362058	0.0
9606.ENSP00000467262	0.0
9606.ENSP00000268668	0.0
9606.ENSP00000389649	0.0
9606.ENSP00000309565	0.0
9606.ENSP00000263578	0.0
9606.ENSP00000346196	0.0
9606.ENSP00000184956	0.0
9606.ENSP00000361066	0.0
9606.ENSP00000320866	0.0
9606.ENSP00000380401	0.0
9606.ENSP00000363616	0.0
9606.ENSP00000318147	0.0
9606.ENSP00000259253	0.0
9606.ENSP00000360645	0.0
9606.ENSP00000304422	0.0
9606.ENSP00000428112	0.0
9606.ENSP00000299767	0.0
9606.ENSP00000228506	0.0
9606.ENSP00000185206	0.0
9606.ENSP00000337168	0.0
9606.ENSP00000334665	0.0
9606.ENSP00000496954	0.0
9606.ENSP00000363500	0.0
9606.ENSP00000449428	0.0
9606.ENSP00000216181	0.0
9606.ENSP00000386840	0.0
9606.ENSP00000387100	0.0
9606.ENSP00000336831	0.0
9606.ENSP00000259698	0.0
9606.ENSP00000358460	0.0
9606.ENSP00000367214	0.0
9606.ENSP00000496414	0.0
9606.ENSP00000186436	0.0
9606.ENSP00000187762	0.0
9606.ENSP00000361338	0.0
9606.ENSP00000188312	0.0
9606.ENSP00000233331	0.0
9606.ENSP00000283882	0.0
9606.ENSP00000463154	0.0
9606.ENSP00000188790	0.0
9606.ENSP00000361965	0.0
9606.ENSP00000192314	0.0
9606.ENSP00000338783	0.0
9606.ENSP00000320318	0.0
9606.ENSP00000304802	0.0
9606.ENSP00000193322	0.0
9606.ENSP00000465500	0.0
9606.ENSP00000265686	0.0
9606.ENSP00000395474	0.0
9606.ENSP00000372193	0.0
9606.ENSP00000285379	0.0
9606.ENSP00000234488	0.0
9606.ENSP00000261514	0.0
9606.ENSP00000193391	0.0
9606.ENSP00000495537	0.0
9606.ENSP00000482504	0.0
9606.ENSP00000297157	0.0
9606.ENSP00000318373	0.0
9606.ENSP00000399709	0.0
9606.ENSP00000454062	0.0
9606.ENSP00000357265	0.0
9606.ENSP00000359245	0.0
9606.ENSP00000328412	0.0
9606.ENSP00000341159	0.0
9606.ENSP00000255266	0.0
9606.ENSP00000324122	0.0
9606.ENSP00000482306	0.0
9606.ENSP00000353735	0.0
9606.ENSP00000359655	0.0
9606.ENSP00000332809	0.0
9606.ENSP00000229771	0.0
9606.ENSP00000449079	0.0
9606.ENSP00000467661	0.0
9606.ENSP00000315379	0.0
9606.ENSP00000482773	0.0
9606.ENSP00000230381	0.0
9606.ENSP00000194130	0.0
9606.ENSP00000354721	0.0
9606.ENSP00000286298	0.0
9606.ENSP00000194155	0.0
9606.ENSP00000231134	0.0
9606.ENSP00000194214	0.0
9606.ENSP00000238628	0.0
9606.ENSP00000393541	0.0
9606.ENSP00000264020	0.0
9606.ENSP00000362424	0.0
9606.ENSP00000264538	0.0
9606.ENSP00000314004	0.0
9606.ENSP00000314444	0.0
9606.ENSP00000242591	0.0
9606.ENSP00000261819	0.0
9606.ENSP00000426654	0.0
9606.ENSP00000348554	0.0
9606.ENSP00000312778	0.0
9606.ENSP00000339109	0.0
9606.ENSP00000320359	0.0
9606.ENSP00000386181	0.0
9606.ENSP00000243344	0.0
9606.ENSP00000362121	0.0
9606.ENSP00000406012	0.0
9606.ENSP00000344392	0.0
9606.ENSP00000260570	0.0
9606.ENSP00000419279	0.0
9606.ENSP00000296266	0.0
9606.ENSP00000382717	0.0
9606.ENSP00000404122	0.0
9606.ENSP00000323580	0.0
9606.ENSP00000464443	0.0
9606.ENSP00000347915	0.0
9606.ENSP00000194530	0.0
9606.ENSP00000357998	0.0
9606.ENSP00000497777	0.0
9606.ENSP00000324856	0.0
9606.ENSP00000355114	0.0
9606.ENSP00000388337	0.0
9606.ENSP00000258418	0.0
9606.ENSP00000479669	0.0
9606.ENSP00000336655	0.0
9606.ENSP00000337688	0.0
9606.ENSP00000328875	0.0
9606.ENSP00000196061	0.0
9606.ENSP00000347649	0.0
9606.ENSP00000282903	0.0
9606.ENSP00000252599	0.0
9606.ENSP00000244728	0.0
9606.ENSP00000353654	0.0
9606.ENSP00000369889	0.0
9606.ENSP00000263556	0.0
9606.ENSP00000367755	0.0
9606.ENSP00000331902	0.0
9606.ENSP00000456500	0.0
9606.ENSP00000236040	0.0
9606.ENSP00000359114	0.0
9606.ENSP00000354960	0.0
9606.ENSP00000378340	0.0
9606.ENSP00000295550	0.0
9606.ENSP00000325146	0.0
9606.ENSP00000384999	0.0
9606.ENSP00000496793	0.0
9606.ENSP00000364979	0.0
9606.ENSP00000364000	0.0
9606.ENSP00000360882	0.0
9606.ENSP00000375069	0.0
9606.ENSP00000231004	0.0
9606.ENSP00000300527	0.0
9606.ENSP00000395929	0.0
9606.ENSP00000419184	0.0
9606.ENSP00000223127	0.0
9606.ENSP00000196371	0.0
9606.ENSP00000324842	0.0
9606.ENSP00000361914	0.0
9606.ENSP00000381654	0.0
9606.ENSP00000364649	0.0
9606.ENSP00000264932	0.0
9606.ENSP00000398882	0.0
9606.ENSP00000376184	0.0
9606.ENSP00000265838	0.0
9606.ENSP00000363614	0.0
9606.ENSP00000296424	0.0
9606.ENSP00000196489	0.0
9606.ENSP00000299871	0.0
9606.ENSP00000198536	0.0
9606.ENSP00000391748	0.0
9606.ENSP00000480322	0.0
9606.ENSP00000259254	0.0
9606.ENSP00000370588	0.0
9606.ENSP00000327599	0.0
9606.ENSP00000442157	0.0
9606.ENSP00000375622	0.0
9606.ENSP00000360660	0.0
9606.ENSP00000383115	0.0
9606.ENSP00000198767	0.0
9606.ENSP00000342889	0.0
9606.ENSP00000367029	0.0
9606.ENSP00000221801	0.0
9606.ENSP00000302640	0.0
9606.ENSP00000415536	0.0
9606.ENSP00000339976	0.0
9606.ENSP00000462664	0.0
9606.ENSP00000410409	0.0
9606.ENSP00000253024	0.0
9606.ENSP00000222567	0.0
9606.ENSP00000379691	0.0
9606.ENSP00000331111	0.0
9606.ENSP00000455265	0.0
9606.ENSP00000263663	0.0
9606.ENSP00000230354	0.0
9606.ENSP00000198801	0.0
9606.ENSP00000329697	0.0
9606.ENSP00000385780	0.0
9606.ENSP00000223114	0.0
9606.ENSP00000299022	0.0
9606.ENSP00000360296	0.0
9606.ENSP00000392553	0.0
9606.ENSP00000216180	0.0
9606.ENSP00000482264	0.0
9606.ENSP00000406674	0.0
9606.ENSP00000265052	0.0
9606.ENSP00000487971	0.0
9606.ENSP00000497642	0.0
9606.ENSP00000228027	0.0
9606.ENSP00000497280	0.0
9606.ENSP00000397908	0.0
9606.ENSP00000381302	0.0
9606.ENSP00000288490	0.0
9606.ENSP00000337701	0.0
9606.ENSP00000261596	0.0
9606.ENSP00000369647	0.0
9606.ENSP00000332771	0.0
9606.ENSP00000498622	0.0
9606.ENSP00000219919	0.0
9606.ENSP00000495332	0.0
9606.ENSP00000318355	0.0
9606.ENSP00000297988	0.0
9606.ENSP00000402152	0.0
9606.ENSP00000311165	0.0
9606.ENSP00000318770	0.0
9606.ENSP00000496396	0.0
9606.ENSP00000379438	0.0
9606.ENSP00000297991	0.0
9606.ENSP00000405899	0.0
9606.ENSP00000199320	0.0
9606.ENSP00000359688	0.0
9606.ENSP00000354091	0.0
9606.ENSP00000368984	0.0
9606.ENSP00000317992	0.0
9606.ENSP00000268802	0.0
9606.ENSP00000258772	0.0
9606.ENSP00000402338	0.0
9606.ENSP00000366135	0.0
9606.ENSP00000395772	0.0
9606.ENSP00000482107	0.0
9606.ENSP00000405674	0.0
9606.ENSP00000311135	0.0
9606.ENSP00000359939	0.0
9606.ENSP00000401191	0.0
9606.ENSP00000333934	0.0
9606.ENSP00000339145	0.0
9606.ENSP00000371858	0.0
9606.ENSP00000387365	0.0
9606.ENSP00000338862	0.0
9606.ENSP00000363929	0.0
9606.ENSP00000396673	0.0
9606.ENSP00000354040	0.0
9606.ENSP00000253237	0.0
9606.ENSP00000291576	0.0
9606.ENSP00000261015	0.0
9606.ENSP00000260443	0.0
9606.ENSP00000333948	0.0
9606.ENSP00000377944	0.0
9606.ENSP00000254605	0.0
9606.ENSP00000322396	0.0
9606.ENSP00000348596	0.0
9606.ENSP00000253247	0.0
9606.ENSP00000223073	0.0
9606.ENSP00000353246	0.0
9606.ENSP00000455106	0.0
9606.ENSP00000263239	0.0
9606.ENSP00000350698	0.0
9606.ENSP00000428619	0.0
9606.ENSP00000238146	0.0
9606.ENSP00000308332	0.0
9606.ENSP00000254940	0.0
9606.ENSP00000263657	0.0
9606.ENSP00000346725	0.0
9606.ENSP00000351380	0.0
9606.ENSP00000374399	0.0
9606.ENSP00000407323	0.0
9606.ENSP00000318821	0.0
9606.ENSP00000291634	0.0
9606.ENSP00000362153	0.0
9606.ENSP00000438349	0.0
9606.ENSP00000446184	0.0
9606.ENSP00000285814	0.0
9606.ENSP00000199389	0.0
9606.ENSP00000497569	0.0
9606.ENSP00000360874	0.0
9606.ENSP00000380252	0.0
9606.ENSP00000253039	0.0
9606.ENSP00000396225	0.0
9606.ENSP00000396954	0.0
9606.ENSP00000360869	0.0
9606.ENSP00000199447	0.0
9606.ENSP00000265104	0.0
9606.ENSP00000216487	0.0
9606.ENSP00000311273	0.0
9606.ENSP00000436864	0.0
9606.ENSP00000312706	0.0
9606.ENSP00000229554	0.0
9606.ENSP00000452037	0.0
9606.ENSP00000381109	0.0
9606.ENSP00000342858	0.0
9606.ENSP00000431840	0.0
9606.ENSP00000313921	0.0
9606.ENSP00000475939	0.0
9606.ENSP00000458355	0.0
9606.ENSP00000262442	0.0
9606.ENSP00000353462	0.0
9606.ENSP00000254579	0.0
9606.ENSP00000417960	0.0
9606.ENSP00000261383	0.0
9606.ENSP00000356056	0.0
9606.ENSP00000363641	0.0
9606.ENSP00000263094	0.0
9606.ENSP00000288710	0.0
9606.ENSP00000391692	0.0
9606.ENSP00000318429	0.0
9606.ENSP00000348757	0.0
9606.ENSP00000380679	0.0
9606.ENSP00000367815	0.0
9606.ENSP00000401514	0.0
9606.ENSP00000374490	0.0
9606.ENSP00000400252	0.0
9606.ENSP00000435844	0.0
9606.ENSP00000360065	0.0
9606.ENSP00000367841	0.0
9606.ENSP00000361238	0.0
9606.ENSP00000374447	0.0
9606.ENSP00000484634	0.0
9606.ENSP00000312554	0.0
9606.ENSP00000333363	0.0
9606.ENSP00000260197	0.0
9606.ENSP00000480538	0.0
9606.ENSP00000294664	0.0
9606.ENSP00000199708	0.0
9606.ENSP00000494175	0.0
9606.ENSP00000251595	0.0
9606.ENSP00000307199	0.0
9606.ENSP00000292896	0.0
9606.ENSP00000348170	0.0
9606.ENSP00000413592	0.0
9606.ENSP00000338082	0.0
9606.ENSP00000293872	0.0
9606.ENSP00000327431	0.0
9606.ENSP00000497236	0.0
9606.ENSP00000252951	0.0
9606.ENSP00000349270	0.0
9606.ENSP00000494708	0.0
9606.ENSP00000384421	0.0
9606.ENSP00000494831	0.0
9606.ENSP00000302160	0.0
9606.ENSP00000243563	0.0
9606.ENSP00000261167	0.0
9606.ENSP00000310448	0.0
9606.ENSP00000258962	0.0
9606.ENSP00000296702	0.0
9606.ENSP00000266079	0.0
9606.ENSP00000430128	0.0
9606.ENSP00000367835	0.0
9606.ENSP00000410758	0.0
9606.ENSP00000469468	0.0
9606.ENSP00000326806	0.0
9606.ENSP00000307863	0.0
9606.ENSP00000252622	0.0
9606.ENSP00000296581	0.0
9606.ENSP00000339723	0.0
9606.ENSP00000357631	0.0
9606.ENSP00000249299	0.0
9606.ENSP00000344758	0.0
9606.ENSP00000364813	0.0
9606.ENSP00000291552	0.0
9606.ENSP00000413035	0.0
9606.ENSP00000199936	0.0
9606.ENSP00000320401	0.0
9606.ENSP00000304845	0.0
9606.ENSP00000225929	0.0
9606.ENSP00000411960	0.0
9606.ENSP00000226444	0.0
9606.ENSP00000274192	0.0
9606.ENSP00000451406	0.0
9606.ENSP00000369927	0.0
9606.ENSP00000362549	0.0
9606.ENSP00000278353	0.0
9606.ENSP00000358903	0.0
9606.ENSP00000477587	0.0
9606.ENSP00000292427	0.0
9606.ENSP00000364412	0.0
9606.ENSP00000362508	0.0
9606.ENSP00000379683	0.0
9606.ENSP00000363794	0.0
9606.ENSP00000242375	0.0
9606.ENSP00000343838	0.0
9606.ENSP00000264228	0.0
9606.ENSP00000341045	0.0
9606.ENSP00000325822	0.0
9606.ENSP00000200135	0.0
9606.ENSP00000264028	0.0
9606.ENSP00000354791	0.0
9606.ENSP00000311429	0.0
9606.ENSP00000385334	0.0
9606.ENSP00000261597	0.0
9606.ENSP00000257934	0.0
9606.ENSP00000281513	0.0
9606.ENSP00000384182	0.0
9606.ENSP00000265148	0.0
9606.ENSP00000328236	0.0
9606.ENSP00000389810	0.0
9606.ENSP00000265295	0.0
9606.ENSP00000257700	0.0
9606.ENSP00000397394	0.0
9606.ENSP00000390783	0.0
9606.ENSP00000478479	0.0
9606.ENSP00000478557	0.0
9606.ENSP00000375778	0.0
9606.ENSP00000426632	0.0
9606.ENSP00000258341	0.0
9606.ENSP00000327290	0.0
9606.ENSP00000400365	0.0
9606.ENSP00000379823	0.0
9606.ENSP00000251535	0.0
9606.ENSP00000351310	0.0
9606.ENSP00000252699	0.0
9606.ENSP00000230538	0.0
9606.ENSP00000366465	0.0
9606.ENSP00000296585	0.0
9606.ENSP00000252999	0.0
9606.ENSP00000283249	0.0
9606.ENSP00000452120	0.0
9606.ENSP00000261405	0.0
9606.ENSP00000307156	0.0
9606.ENSP00000264144	0.0
9606.ENSP00000358310	0.0
9606.ENSP00000334008	0.0
9606.ENSP00000261023	0.0
9606.ENSP00000384515	0.0
9606.ENSP00000307959	0.0
9606.ENSP00000452786	0.0
9606.ENSP00000262407	0.0
9606.ENSP00000222573	0.0
9606.ENSP00000357362	0.0
9606.ENSP00000282588	0.0
9606.ENSP00000377941	0.0
9606.ENSP00000379866	0.0
9606.ENSP00000324532	0.0
9606.ENSP00000374309	0.0
9606.ENSP00000354360	0.0
9606.ENSP00000316152	0.0
9606.ENSP00000222693	0.0
9606.ENSP00000315190	0.0
9606.ENSP00000339191	0.0
9606.ENSP00000264741	0.0
9606.ENSP00000296181	0.0
9606.ENSP00000391583	0.0
9606.ENSP00000363559	0.0
9606.ENSP00000367316	0.0
9606.ENSP00000222399	0.0
9606.ENSP00000339730	0.0
9606.ENSP00000200453	0.0
9606.ENSP00000344352	0.0
9606.ENSP00000448665	0.0
9606.ENSP00000356156	0.0
9606.ENSP00000379042	0.0
9606.ENSP00000239223	0.0
9606.ENSP00000307235	0.0
9606.ENSP00000358464	0.0
9606.ENSP00000360025	0.0
9606.ENSP00000447297	0.0
9606.ENSP00000443900	0.0
9606.ENSP00000478767	0.0
9606.ENSP00000355645	0.0
9606.ENSP00000262158	0.0
9606.ENSP00000200457	0.0
9606.ENSP00000443256	0.0
9606.ENSP00000368759	0.0
9606.ENSP00000273317	0.0
9606.ENSP00000374354	0.0
9606.ENSP00000220514	0.0
9606.ENSP00000394794	0.0
9606.ENSP00000200557	0.0
9606.ENSP00000312273	0.0
9606.ENSP00000360472	0.0
9606.ENSP00000200652	0.0
9606.ENSP00000270570	0.0
9606.ENSP00000364597	0.0
9606.ENSP00000326671	0.0
9606.ENSP00000200676	0.0
9606.ENSP00000274793	0.0
9606.ENSP00000387654	0.0
9606.ENSP00000356563	0.0
9606.ENSP00000227667	0.0
9606.ENSP00000375836	0.0
9606.ENSP00000233242	0.0
9606.ENSP00000384906	0.0
9606.ENSP00000264005	0.0
9606.ENSP00000477707	0.0
9606.ENSP00000441828	0.0
9606.ENSP00000365081	0.0
9606.ENSP00000465356	0.0
9606.ENSP00000321334	0.0
9606.ENSP00000486361	0.0
9606.ENSP00000354995	0.0
9606.ENSP00000315130	0.0
9606.ENSP00000301645	0.0
9606.ENSP00000261292	0.0
9606.ENSP00000356969	0.0
9606.ENSP00000236850	0.0
9606.ENSP00000371532	0.0
9606.ENSP00000222381	0.0
9606.ENSP00000289547	0.0
9606.ENSP00000381250	0.0
9606.ENSP00000317674	0.0
9606.ENSP00000436126	0.0
9606.ENSP00000261693	0.0
9606.ENSP00000363868	0.0
9606.ENSP00000417138	0.0
9606.ENSP00000303208	0.0
9606.ENSP00000468236	0.0
9606.ENSP00000200691	0.0
9606.ENSP00000476141	0.0
9606.ENSP00000328137	0.0
9606.ENSP00000201031	0.0
9606.ENSP00000276594	0.0
9606.ENSP00000384367	0.0
9606.ENSP00000444198	0.0
9606.ENSP00000482232	0.0
9606.ENSP00000301408	0.0
9606.ENSP00000356233	0.0
9606.ENSP00000201586	0.0
9606.ENSP00000496625	0.0
9606.ENSP00000356591	0.0
9606.ENSP00000353600	0.0
9606.ENSP00000385098	0.0
9606.ENSP00000268053	0.0
9606.ENSP00000337354	0.0
9606.ENSP00000440689	0.0
9606.ENSP00000217961	0.0
9606.ENSP00000378972	0.0
9606.ENSP00000301466	0.0
9606.ENSP00000310721	0.0
9606.ENSP00000201647	0.0
9606.ENSP00000365312	0.0
9606.ENSP00000447942	0.0
9606.ENSP00000261813	0.0
9606.ENSP00000360473	0.0
9606.ENSP00000286428	0.0
9606.ENSP00000202556	0.0
9606.ENSP00000367545	0.0
9606.ENSP00000341957	0.0
9606.ENSP00000384491	0.0
9606.ENSP00000299163	0.0
9606.ENSP00000380713	0.0
9606.ENSP00000202625	0.0
9606.ENSP00000284142	0.0
9606.ENSP00000368589	0.0
9606.ENSP00000303580	0.0
9606.ENSP00000202816	0.0
9606.ENSP00000366519	0.0
9606.ENSP00000419005	0.0
9606.ENSP00000274849	0.0
9606.ENSP00000314348	0.0
9606.ENSP00000481495	0.0
9606.ENSP00000360412	0.0
9606.ENSP00000386226	0.0
9606.ENSP00000368887	0.0
9606.ENSP00000275820	0.0
9606.ENSP00000247003	0.0
9606.ENSP00000234170	0.0
9606.ENSP00000332340	0.0
9606.ENSP00000267425	0.0
9606.ENSP00000365806	0.0
9606.ENSP00000361092	0.0
9606.ENSP00000498803	0.0
9606.ENSP00000226796	0.0
9606.ENSP00000305702	0.0
9606.ENSP00000265245	0.0
9606.ENSP00000483495	0.0
9606.ENSP00000479504	0.0
9606.ENSP00000363779	0.0
9606.ENSP00000380982	0.0
9606.ENSP00000417464	0.0
9606.ENSP00000355899	0.0
9606.ENSP00000246802	0.0
9606.ENSP00000358563	0.0
9606.ENSP00000202967	0.0
9606.ENSP00000277865	0.0
9606.ENSP00000222553	0.0
9606.ENSP00000230792	0.0
9606.ENSP00000366410	0.0
9606.ENSP00000372191	0.0
9606.ENSP00000249396	0.0
9606.ENSP00000371362	0.0
9606.ENSP00000360671	0.0
9606.ENSP00000476228	0.0
9606.ENSP00000295757	0.0
9606.ENSP00000327589	0.0
9606.ENSP00000265016	0.0
9606.ENSP00000441434	0.0
9606.ENSP00000287713	0.0
9606.ENSP00000337332	0.0
9606.ENSP00000326424	0.0
9606.ENSP00000265986	0.0
9606.ENSP00000264663	0.0
9606.ENSP00000203001	0.0
9606.ENSP00000273962	0.0
9606.ENSP00000264670	0.0
9606.ENSP00000369162	0.0
9606.ENSP00000417402	0.0
9606.ENSP00000381266	0.0
9606.ENSP00000361232	0.0
9606.ENSP00000442053	0.0
9606.ENSP00000302232	0.0
9606.ENSP00000476117	0.0
9606.ENSP00000261249	0.0
9606.ENSP00000365837	0.0
9606.ENSP00000242257	0.0
9606.ENSP00000390011	0.0
9606.ENSP00000432119	0.0
9606.ENSP00000242784	0.0
9606.ENSP00000355623	0.0
9606.ENSP00000205402	0.0
9606.ENSP00000378516	0.0
9606.ENSP00000367938	0.0
9606.ENSP00000332983	0.0
9606.ENSP00000441875	0.0
9606.ENSP00000467579	0.0
9606.ENSP00000464849	0.0
9606.ENSP00000327070	0.0
9606.ENSP00000358737	0.0
9606.ENSP00000215375	0.0
9606.ENSP00000371425	0.0
9606.ENSP00000307241	0.0
9606.ENSP00000446872	0.0
9606.ENSP00000485401	0.0
9606.ENSP00000262030	0.0
9606.ENSP00000245206	0.0
9606.ENSP00000281456	0.0
9606.ENSP00000467266	0.0
9606.ENSP00000225665	0.0
9606.ENSP00000379784	0.0
9606.ENSP00000345341	0.0
9606.ENSP00000203556	0.0
9606.ENSP00000252483	0.0
9606.ENSP00000481152	0.0
9606.ENSP00000378409	0.0
9606.ENSP00000358294	0.0
9606.ENSP00000381133	0.0
9606.ENSP00000283285	0.0
9606.ENSP00000402060	0.0
9606.ENSP00000357012	0.0
9606.ENSP00000436423	0.0
9606.ENSP00000221978	0.0
9606.ENSP00000355361	0.0
9606.ENSP00000216338	0.0
9606.ENSP00000254301	0.0
9606.ENSP00000231009	0.0
9606.ENSP00000203630	0.0
9606.ENSP00000367197	0.0
9606.ENSP00000262177	0.0
9606.ENSP00000364691	0.0
9606.ENSP00000203664	0.0
9606.ENSP00000316176	0.0
9606.ENSP00000363019	0.0
9606.ENSP00000255499	0.0
9606.ENSP00000204517	0.0
9606.ENSP00000310515	0.0
9606.ENSP00000307208	0.0
9606.ENSP00000384849	0.0
9606.ENSP00000356811	0.0
9606.ENSP00000204549	0.0
9606.ENSP00000372482	0.0
9606.ENSP00000303015	0.0
9606.ENSP00000339834	0.0
9606.ENSP00000344241	0.0
9606.ENSP00000403310	0.0
9606.ENSP00000266529	0.0
9606.ENSP00000432886	0.0
9606.ENSP00000204566	0.0
9606.ENSP00000414147	0.0
9606.ENSP00000355675	0.0
9606.ENSP00000407509	0.0
9606.ENSP00000261866	0.0
9606.ENSP00000324857	0.0
9606.ENSP00000293350	0.0
9606.ENSP00000251119	0.0
9606.ENSP00000337452	0.0
9606.ENSP00000495795	0.0
9606.ENSP00000497815	0.0
9606.ENSP00000221496	0.0
9606.ENSP00000318650	0.0
9606.ENSP00000361915	0.0
9606.ENSP00000305714	0.0
9606.ENSP00000497748	0.0
9606.ENSP00000434847	0.0
9606.ENSP00000363708	0.0
9606.ENSP00000256759	0.0
9606.ENSP00000363492	0.0
9606.ENSP00000341819	0.0
9606.ENSP00000350630	0.0
9606.ENSP00000287020	0.0
9606.ENSP00000328181	0.0
9606.ENSP00000327440	0.0
9606.ENSP00000359866	0.0
9606.ENSP00000379204	0.0
9606.ENSP00000262120	0.0
9606.ENSP00000272224	0.0
9606.ENSP00000283147	0.0
9606.ENSP00000204679	0.0
9606.ENSP00000340466	0.0
9606.ENSP00000310998	0.0
9606.ENSP00000299314	0.0
9606.ENSP00000204726	0.0
9606.ENSP00000350378	0.0
9606.ENSP00000355599	0.0
9606.ENSP00000264904	0.0
9606.ENSP00000349689	0.0
9606.ENSP00000355777	0.0
9606.ENSP00000374323	0.0
9606.ENSP00000480763	0.0
9606.ENSP00000337451	0.0
9606.ENSP00000381097	0.0
9606.ENSP00000332118	0.0
9606.ENSP00000353475	0.0
9606.ENSP00000281821	0.0
9606.ENSP00000347710	0.0
9606.ENSP00000314709	0.0
9606.ENSP00000362139	0.0
9606.ENSP00000355014	0.0
9606.ENSP00000378338	0.0
9606.ENSP00000481994	0.0
9606.ENSP00000275815	0.0
9606.ENSP00000358309	0.0
9606.ENSP00000383053	0.0
9606.ENSP00000428184	0.0
9606.ENSP00000205061	0.0
9606.ENSP00000357005	0.0
9606.ENSP00000228463	0.0
9606.ENSP00000205143	0.0
9606.ENSP00000342392	0.0
9606.ENSP00000345206	0.0
9606.ENSP00000222725	0.0
9606.ENSP00000367714	0.0
9606.ENSP00000355718	0.0
9606.ENSP00000249749	0.0
9606.ENSP00000205194	0.0
9606.ENSP00000354972	0.0
9606.ENSP00000320188	0.0
9606.ENSP00000205214	0.0
9606.ENSP00000348775	0.0
9606.ENSP00000367462	0.0
9606.ENSP00000341963	0.0
9606.ENSP00000348429	0.0
9606.ENSP00000271857	0.0
9606.ENSP00000440100	0.0
9606.ENSP00000386284	0.0
9606.ENSP00000280886	0.0
9606.ENSP00000267842	0.0
9606.ENSP00000350012	0.0
9606.ENSP00000422607	0.0
9606.ENSP00000339787	0.0
9606.ENSP00000278618	0.0
9606.ENSP00000419901	0.0
9606.ENSP00000364956	0.0
9606.ENSP00000297354	0.0
9606.ENSP00000360541	0.0
9606.ENSP00000309836	0.0
9606.ENSP00000401831	0.0
9606.ENSP00000496982	0.0
9606.ENSP00000479130	0.0
9606.ENSP00000293217	0.0
9606.ENSP00000265641	0.0
9606.ENSP00000304592	0.0
9606.ENSP00000376303	0.0
9606.ENSP00000438468	0.0
9606.ENSP00000310978	0.0
9606.ENSP00000326305	0.0
9606.ENSP00000359871	0.0
9606.ENSP00000300456	0.0
9606.ENSP00000301180	0.0
9606.ENSP00000498260	0.0
9606.ENSP00000302805	0.0
9606.ENSP00000371253	0.0
9606.ENSP00000405423	0.0
9606.ENSP00000252595	0.0
9606.ENSP00000303468	0.0
9606.ENSP00000392066	0.0
9606.ENSP00000331897	0.0
9606.ENSP00000269980	0.0
9606.ENSP00000318868	0.0
9606.ENSP00000335304	0.0
9606.ENSP00000310447	0.0
9606.ENSP00000378405	0.0
9606.ENSP00000391481	0.0
9606.ENSP00000494360	0.0
9606.ENSP00000419325	0.0
9606.ENSP00000364490	0.0
9606.ENSP00000263035	0.0
9606.ENSP00000359151	0.0
9606.ENSP00000249269	0.0
9606.ENSP00000423190	0.0
9606.ENSP00000377115	0.0
9606.ENSP00000443246	0.0
9606.ENSP00000388183	0.0
9606.ENSP00000466845	0.0
9606.ENSP00000350928	0.0
9606.ENSP00000217901	0.0
9606.ENSP00000295266	0.0
9606.ENSP00000452762	0.0
9606.ENSP00000363216	0.0
9606.ENSP00000307900	0.0
9606.ENSP00000379503	0.0
9606.ENSP00000318351	0.0
9606.ENSP00000492798	0.0
9606.ENSP00000390265	0.0
9606.ENSP00000273588	0.0
9606.ENSP00000302620	0.0
9606.ENSP00000299518	0.0
9606.ENSP00000355518	0.0
9606.ENSP00000317379	0.0
9606.ENSP00000319531	0.0
9606.ENSP00000333667	0.0
9606.ENSP00000370737	0.0
9606.ENSP00000346659	0.0
9606.ENSP00000491651	0.0
9606.ENSP00000477502	0.0
9606.ENSP00000378426	0.0
9606.ENSP00000233838	0.0
9606.ENSP00000205636	0.0
9606.ENSP00000268595	0.0
9606.ENSP00000368814	0.0
9606.ENSP00000335605	0.0
9606.ENSP00000400482	0.0
9606.ENSP00000307741	0.0
9606.ENSP00000344819	0.0
9606.ENSP00000264001	0.0
9606.ENSP00000265132	0.0
9606.ENSP00000346032	0.0
9606.ENSP00000306099	0.0
9606.ENSP00000498441	0.0
9606.ENSP00000351190	0.0
9606.ENSP00000265983	0.0
9606.ENSP00000303634	0.0
9606.ENSP00000259396	0.0
9606.ENSP00000415769	0.0
9606.ENSP00000368528	0.0
9606.ENSP00000295834	0.0
9606.ENSP00000379138	0.0
9606.ENSP00000263321	0.0
9606.ENSP00000226355	0.0
9606.ENSP00000292401	0.0
9606.ENSP00000454071	0.0
9606.ENSP00000278222	0.0
9606.ENSP00000206020	0.0
9606.ENSP00000317289	0.0
9606.ENSP00000206262	0.0
9606.ENSP00000337261	0.0
9606.ENSP00000334851	0.0
9606.ENSP00000430276	0.0
9606.ENSP00000457748	0.0
9606.ENSP00000400717	0.0
9606.ENSP00000357177	0.0
9606.ENSP00000206423	0.0
9606.ENSP00000359682	0.0
9606.ENSP00000206474	0.0
9606.ENSP00000260372	0.0
9606.ENSP00000251413	0.0
9606.ENSP00000253669	0.0
9606.ENSP00000359230	0.0
9606.ENSP00000369871	0.0
9606.ENSP00000439056	0.0
9606.ENSP00000282058	0.0
9606.ENSP00000243706	0.0
9606.ENSP00000327077	0.0
9606.ENSP00000206513	0.0
9606.ENSP00000227163	0.0
9606.ENSP00000466090	0.0
9606.ENSP00000427514	0.0
9606.ENSP00000419692	0.0
9606.ENSP00000365858	0.0
9606.ENSP00000254066	0.0
9606.ENSP00000279873	0.0
9606.ENSP00000299736	0.0
9606.ENSP00000206542	0.0
9606.ENSP00000272067	0.0
9606.ENSP00000306320	0.0
9606.ENSP00000349923	0.0
9606.ENSP00000262418	0.0
9606.ENSP00000296420	0.0
9606.ENSP00000377700	0.0
9606.ENSP00000361186	0.0
9606.ENSP00000479964	0.0
9606.ENSP00000342262	0.0
9606.ENSP00000325398	0.0
9606.ENSP00000362135	0.0
9606.ENSP00000206595	0.0
9606.ENSP00000206765	0.0
9606.ENSP00000314879	0.0
9606.ENSP00000330391	0.0
9606.ENSP00000311687	0.0
9606.ENSP00000264474	0.0
9606.ENSP00000357744	0.0
9606.ENSP00000306461	0.0
9606.ENSP00000357751	0.0
9606.ENSP00000340510	0.0
9606.ENSP00000382341	0.0
9606.ENSP00000365465	0.0
9606.ENSP00000497784	0.0
9606.ENSP00000378072	0.0
9606.ENSP00000393417	0.0
9606.ENSP00000357776	0.0
9606.ENSP00000269703	0.0
9606.ENSP00000272895	0.0
9606.ENSP00000465630	0.0
9606.ENSP00000269576	0.0
9606.ENSP00000373370	0.0
9606.ENSP00000288955	0.0
9606.ENSP00000317895	0.0
9606.ENSP00000220420	0.0
9606.ENSP00000207457	0.0
9606.ENSP00000262498	0.0
9606.ENSP00000295201	0.0
9606.ENSP00000332875	0.0
9606.ENSP00000477802	0.0
9606.ENSP00000260276	0.0
9606.ENSP00000382646	0.0
9606.ENSP00000391504	0.0
9606.ENSP00000339449	0.0
9606.ENSP00000356785	0.0
9606.ENSP00000260453	0.0
9606.ENSP00000286732	0.0
9606.ENSP00000238558	0.0
9606.ENSP00000382708	0.0
9606.ENSP00000340982	0.0
9606.ENSP00000456337	0.0
9606.ENSP00000356951	0.0
9606.ENSP00000343290	0.0
9606.ENSP00000358965	0.0
9606.ENSP00000334415	0.0
9606.ENSP00000361209	0.0
9606.ENSP00000379263	0.0
9606.ENSP00000341346	0.0
9606.ENSP00000360107	0.0
9606.ENSP00000331044	0.0
9606.ENSP00000341289	0.0
9606.ENSP00000337946	0.0
9606.ENSP00000262726	0.0
9606.ENSP00000357079	0.0
9606.ENSP00000366402	0.0
9606.ENSP00000357511	0.0
9606.ENSP00000295824	0.0
9606.ENSP00000381553	0.0
9606.ENSP00000395281	0.0
9606.ENSP00000404232	0.0
9606.ENSP00000207549	0.0
9606.ENSP00000255194	0.0
9606.ENSP00000357801	0.0
9606.ENSP00000413606	0.0
9606.ENSP00000360181	0.0
9606.ENSP00000374443	0.0
9606.ENSP00000262094	0.0
9606.ENSP00000386892	0.0
9606.ENSP00000379601	0.0
9606.ENSP00000207870	0.0
9606.ENSP00000308610	0.0
9606.ENSP00000321259	0.0
9606.ENSP00000335060	0.0
9606.ENSP00000280605	0.0
9606.ENSP00000278025	0.0
9606.ENSP00000352401	0.0
9606.ENSP00000289004	0.0
9606.ENSP00000273173	0.0
9606.ENSP00000310241	0.0
9606.ENSP00000358931	0.0
9606.ENSP00000267814	0.0
9606.ENSP00000476672	0.0
9606.ENSP00000209668	0.0
9606.ENSP00000345774	0.0
9606.ENSP00000358851	0.0
9606.ENSP00000381607	0.0
9606.ENSP00000335620	0.0
9606.ENSP00000420168	0.0
9606.ENSP00000379512	0.0
9606.ENSP00000305221	0.0
9606.ENSP00000356864	0.0
9606.ENSP00000360028	0.0
9606.ENSP00000501254	0.0
9606.ENSP00000337224	0.0
9606.ENSP00000362525	0.0
9606.ENSP00000346827	0.0
9606.ENSP00000306606	0.0
9606.ENSP00000305742	0.0
9606.ENSP00000426083	0.0
9606.ENSP00000367992	0.0
9606.ENSP00000295256	0.0
9606.ENSP00000360002	0.0
9606.ENSP00000241337	0.0
9606.ENSP00000358727	0.0
9606.ENSP00000379865	0.0
9606.ENSP00000370430	0.0
9606.ENSP00000261733	0.0
9606.ENSP00000334128	0.0
9606.ENSP00000387123	0.0
9606.ENSP00000411821	0.0
9606.ENSP00000211122	0.0
9606.ENSP00000295802	0.0
9606.ENSP00000366927	0.0
9606.ENSP00000378359	0.0
9606.ENSP00000258168	0.0
9606.ENSP00000421172	0.0
9606.ENSP00000473990	0.0
9606.ENSP00000290765	0.0
9606.ENSP00000311469	0.0
9606.ENSP00000429089	0.0
9606.ENSP00000320924	0.0
9606.ENSP00000266970	0.0
9606.ENSP00000355304	0.0
9606.ENSP00000230056	0.0
9606.ENSP00000383611	0.0
9606.ENSP00000265728	0.0
9606.ENSP00000255465	0.0
9606.ENSP00000418268	0.0
9606.ENSP00000276533	0.0
9606.ENSP00000413632	0.0
9606.ENSP00000274255	0.0
9606.ENSP00000360623	0.0
9606.ENSP00000368686	0.0
9606.ENSP00000287394	0.0
9606.ENSP00000368164	0.0
9606.ENSP00000257789	0.0
9606.ENSP00000297431	0.0
9606.ENSP00000354916	0.0
9606.ENSP00000341382	0.0
9606.ENSP00000345571	0.0
9606.ENSP00000378529	0.0
9606.ENSP00000478501	0.0
9606.ENSP00000262133	0.0
9606.ENSP00000434614	0.0
9606.ENSP00000346484	0.0
9606.ENSP00000398124	0.0
9606.ENSP00000365107	0.0
9606.ENSP00000268138	0.0
9606.ENSP00000250024	0.0
9606.ENSP00000286398	0.0
9606.ENSP00000441953	0.0
9606.ENSP00000265734	0.0
9606.ENSP00000380256	0.0
9606.ENSP00000257904	0.0
9606.ENSP00000353770	0.0
9606.ENSP00000259021	0.0
9606.ENSP00000262460	0.0
9606.ENSP00000393139	0.0
9606.ENSP00000273695	0.0
9606.ENSP00000353793	0.0
9606.ENSP00000219097	0.0
9606.ENSP00000303706	0.0
9606.ENSP00000402084	0.0
9606.ENSP00000401018	0.0
9606.ENSP00000321656	0.0
9606.ENSP00000253462	0.0
9606.ENSP00000377601	0.0
9606.ENSP00000498784	0.0
9606.ENSP00000363322	0.0
9606.ENSP00000262643	0.0
9606.ENSP00000261881	0.0
9606.ENSP00000265056	0.0
9606.ENSP00000301019	0.0
9606.ENSP00000234296	0.0
9606.ENSP00000349458	0.0
9606.ENSP00000378350	0.0
9606.ENSP00000323246	0.0
9606.ENSP00000209873	0.0
9606.ENSP00000245544	0.0
9606.ENSP00000373312	0.0
9606.ENSP00000295119	0.0
9606.ENSP00000310668	0.0
9606.ENSP00000371155	0.0
9606.ENSP00000345895	0.0
9606.ENSP00000367721	0.0
9606.ENSP00000448054	0.0
9606.ENSP00000283195	0.0
9606.ENSP00000379181	0.0
9606.ENSP00000229179	0.0
9606.ENSP00000444029	0.0
9606.ENSP00000355465	0.0
9606.ENSP00000258742	0.0
9606.ENSP00000254508	0.0
9606.ENSP00000316032	0.0
9606.ENSP00000261396	0.0
9606.ENSP00000361658	0.0
9606.ENSP00000290158	0.0
9606.ENSP00000458954	0.0
9606.ENSP00000381214	0.0
9606.ENSP00000356448	0.0
9606.ENSP00000352400	0.0
9606.ENSP00000360483	0.0
9606.ENSP00000264883	0.0
9606.ENSP00000471191	0.0
9606.ENSP00000285968	0.0
9606.ENSP00000481886	0.0
9606.ENSP00000308622	0.0
9606.ENSP00000231498	0.0
9606.ENSP00000382779	0.0
9606.ENSP00000209875	0.0
9606.ENSP00000328547	0.0
9606.ENSP00000336687	0.0
9606.ENSP00000468785	0.0
9606.ENSP00000358154	0.0
9606.ENSP00000336868	0.0
9606.ENSP00000484095	0.0
9606.ENSP00000483283	0.0
9606.ENSP00000370557	0.0
9606.ENSP00000385479	0.0
9606.ENSP00000255613	0.0
9606.ENSP00000496699	0.0
9606.ENSP00000484638	0.0
9606.ENSP00000301280	0.0
9606.ENSP00000360662	0.0
9606.ENSP00000344504	0.0
9606.ENSP00000271715	0.0
9606.ENSP00000366999	0.0
9606.ENSP00000264709	0.0
9606.ENSP00000417980	0.0
9606.ENSP00000339835	0.0
9606.ENSP00000484841	0.0
9606.ENSP00000358160	0.0
9606.ENSP00000305899	0.0
9606.ENSP00000271640	0.0
9606.ENSP00000469534	0.0
9606.ENSP00000346997	0.0
9606.ENSP00000282516	0.0
9606.ENSP00000357256	0.0
9606.ENSP00000441641	0.0
9606.ENSP00000484658	0.0
9606.ENSP00000337976	0.0
9606.ENSP00000358778	0.0
9606.ENSP00000362441	0.0
9606.ENSP00000377060	0.0
9606.ENSP00000343023	0.0
9606.ENSP00000315700	0.0
9606.ENSP00000377655	0.0
9606.ENSP00000355944	0.0
9606.ENSP00000499501	0.0
9606.ENSP00000307705	0.0
9606.ENSP00000379078	0.0
9606.ENSP00000489282	0.0
9606.ENSP00000313983	0.0
9606.ENSP00000458021	0.0
9606.ENSP00000352516	0.0
9606.ENSP00000355780	0.0
9606.ENSP00000209884	0.0
9606.ENSP00000336800	0.0
9606.ENSP00000226225	0.0
9606.ENSP00000366886	0.0
9606.ENSP00000419803	0.0
9606.ENSP00000401878	0.0
9606.ENSP00000377245	0.0
9606.ENSP00000287777	0.0
9606.ENSP00000264933	0.0
9606.ENSP00000499185	0.0
9606.ENSP00000362807	0.0
9606.ENSP00000386135	0.0
9606.ENSP00000395012	0.0
9606.ENSP00000284669	0.0
9606.ENSP00000351990	0.0
9606.ENSP00000385096	0.0
9606.ENSP00000370671	0.0
9606.ENSP00000228495	0.0
9606.ENSP00000381693	0.0
9606.ENSP00000424198	0.0
9606.ENSP00000377001	0.0
9606.ENSP00000280098	0.0
9606.ENSP00000312397	0.0
9606.ENSP00000497351	0.0
9606.ENSP00000351933	0.0
9606.ENSP00000496779	0.0
9606.ENSP00000273963	0.0
9606.ENSP00000455785	0.0
9606.ENSP00000251166	0.0
9606.ENSP00000331682	0.0
9606.ENSP00000368799	0.0
9606.ENSP00000343273	0.0
9606.ENSP00000368797	0.0
9606.ENSP00000209929	0.0
9606.ENSP00000496150	0.0
9606.ENSP00000210060	0.0
9606.ENSP00000366156	0.0
9606.ENSP00000234111	0.0
9606.ENSP00000396308	0.0
9606.ENSP00000210187	0.0
9606.ENSP00000317473	0.0
9606.ENSP00000355511	0.0
9606.ENSP00000353826	0.0
9606.ENSP00000210444	0.0
9606.ENSP00000302441	0.0
9606.ENSP00000358565	0.0
9606.ENSP00000377303	0.0
9606.ENSP00000229329	0.0
9606.ENSP00000258317	0.0
9606.ENSP00000379839	0.0
9606.ENSP00000210633	0.0
9606.ENSP00000352288	0.0
9606.ENSP00000351338	0.0
9606.ENSP00000442736	0.0
9606.ENSP00000211076	0.0
9606.ENSP00000343577	0.0
9606.ENSP00000482743	0.0
9606.ENSP00000373477	0.0
9606.ENSP00000354677	0.0
9606.ENSP00000482639	0.0
9606.ENSP00000248923	0.0
9606.ENSP00000221130	0.0
9606.ENSP00000381340	0.0
9606.ENSP00000480004	0.0
9606.ENSP00000296412	0.0
9606.ENSP00000420269	0.0
9606.ENSP00000345023	0.0
9606.ENSP00000332679	0.0
9606.ENSP00000370962	0.0
9606.ENSP00000423822	0.0
9606.ENSP00000392398	0.0
9606.ENSP00000374265	0.0
9606.ENSP00000495750	0.0
9606.ENSP00000333534	0.0
9606.ENSP00000354581	0.0
9606.ENSP00000256593	0.0
9606.ENSP00000346103	0.0
9606.ENSP00000342026	0.0
9606.ENSP00000354357	0.0
9606.ENSP00000421339	0.0
9606.ENSP00000360688	0.0
9606.ENSP00000211287	0.0
9606.ENSP00000351342	0.0
9606.ENSP00000498104	0.0
9606.ENSP00000343925	0.0
9606.ENSP00000395708	0.0
9606.ENSP00000303315	0.0
9606.ENSP00000221166	0.0
9606.ENSP00000345083	0.0
9606.ENSP00000360797	0.0
9606.ENSP00000288943	0.0
9606.ENSP00000311997	0.0
9606.ENSP00000264399	0.0
9606.ENSP00000482169	0.0
9606.ENSP00000215659	0.0
9606.ENSP00000345731	0.0
9606.ENSP00000262948	0.0
9606.ENSP00000380271	0.0
9606.ENSP00000305422	0.0
9606.ENSP00000345853	0.0
9606.ENSP00000355866	0.0
9606.ENSP00000363377	0.0
9606.ENSP00000356070	0.0
9606.ENSP00000468348	0.0
9606.ENSP00000417183	0.0
9606.ENSP00000350681	0.0
9606.ENSP00000366182	0.0
9606.ENSP00000381070	0.0
9606.ENSP00000302486	0.0
9606.ENSP00000283228	0.0
9606.ENSP00000309116	0.0
9606.ENSP00000396467	0.0
9606.ENSP00000226004	0.0
9606.ENSP00000333896	0.0
9606.ENSP00000380530	0.0
9606.ENSP00000302476	0.0
9606.ENSP00000358596	0.0
9606.ENSP00000339527	0.0
9606.ENSP00000449381	0.0
9606.ENSP00000240100	0.0
9606.ENSP00000245960	0.0
9606.ENSP00000329357	0.0
9606.ENSP00000330572	0.0
9606.ENSP00000363092	0.0
9606.ENSP00000264716	0.0
9606.ENSP00000410402	0.0
9606.ENSP00000325690	0.0
9606.ENSP00000245919	0.0
9606.ENSP00000298573	0.0
9606.ENSP00000333685	0.0
9606.ENSP00000497997	0.0
9606.ENSP00000211413	0.0
9606.ENSP00000364498	0.0
9606.ENSP00000378332	0.0
9606.ENSP00000360293	0.0
9606.ENSP00000496494	0.0
9606.ENSP00000337598	0.0
9606.ENSP00000347032	0.0
9606.ENSP00000265382	0.0
9606.ENSP00000295685	0.0
9606.ENSP00000333938	0.0
9606.ENSP00000354826	0.0
9606.ENSP00000362924	0.0
9606.ENSP00000353452	0.0
9606.ENSP00000360305	0.0
9606.ENSP00000357883	0.0
9606.ENSP00000354573	0.0
9606.ENSP00000365757	0.0
9606.ENSP00000467141	0.0
9606.ENSP00000319756	0.0
9606.ENSP00000324422	0.0
9606.ENSP00000466363	0.0
9606.ENSP00000217289	0.0
9606.ENSP00000279022	0.0
9606.ENSP00000482486	0.0
9606.ENSP00000351379	0.0
9606.ENSP00000347852	0.0
9606.ENSP00000336775	0.0
9606.ENSP00000482548	0.0
9606.ENSP00000379975	0.0
9606.ENSP00000240123	0.0
9606.ENSP00000267257	0.0
9606.ENSP00000494125	0.0
9606.ENSP00000431284	0.0
9606.ENSP00000432660	0.0
9606.ENSP00000351022	0.0
9606.ENSP00000220003	0.0
9606.ENSP00000297029	0.0
9606.ENSP00000379616	0.0
9606.ENSP00000456436	0.0
9606.ENSP00000322170	0.0
9606.ENSP00000355537	0.0
9606.ENSP00000298159	0.0
9606.ENSP00000267984	0.0
9606.ENSP00000354923	0.0
9606.ENSP00000347464	0.0
9606.ENSP00000225655	0.0
9606.ENSP00000279227	0.0
9606.ENSP00000367220	0.0
9606.ENSP00000225577	0.0
9606.ENSP00000420588	0.0
9606.ENSP00000362674	0.0
9606.ENSP00000384851	0.0
9606.ENSP00000329466	0.0
9606.ENSP00000262238	0.0
9606.ENSP00000229595	0.0
9606.ENSP00000396976	0.0
9606.ENSP00000265713	0.0
9606.ENSP00000342351	0.0
9606.ENSP00000316924	0.0
9606.ENSP00000341785	0.0
9606.ENSP00000365016	0.0
9606.ENSP00000416338	0.0
9606.ENSP00000293288	0.0
9606.ENSP00000216117	0.0
9606.ENSP00000408617	0.0
9606.ENSP00000265922	0.0
9606.ENSP00000482313	0.0
9606.ENSP00000338186	0.0
9606.ENSP00000314080	0.0
9606.ENSP00000376611	0.0
9606.ENSP00000310670	0.0
9606.ENSP00000264606	0.0
9606.ENSP00000332973	0.0
9606.ENSP00000385269	0.0
9606.ENSP00000381657	0.0
9606.ENSP00000477870	0.0
9606.ENSP00000406162	0.0
9606.ENSP00000216271	0.0
9606.ENSP00000250003	0.0
9606.ENSP00000354487	0.0
9606.ENSP00000261497	0.0
9606.ENSP00000446880	0.0
9606.ENSP00000296782	0.0
9606.ENSP00000389814	0.0
9606.ENSP00000212355	0.0
9606.ENSP00000241416	0.0
9606.ENSP00000346829	0.0
9606.ENSP00000452662	0.0
9606.ENSP00000243786	0.0
9606.ENSP00000214869	0.0
9606.ENSP00000233954	0.0
9606.ENSP00000262225	0.0
9606.ENSP00000303145	0.0
9606.ENSP00000330945	0.0
9606.ENSP00000215057	0.0
9606.ENSP00000432504	0.0
9606.ENSP00000252590	0.0
9606.ENSP00000382015	0.0
9606.ENSP00000282326	0.0
9606.ENSP00000363103	0.0
9606.ENSP00000364595	0.0
9606.ENSP00000245121	0.0
9606.ENSP00000431800	0.0
9606.ENSP00000273666	0.0
9606.ENSP00000429562	0.0
9606.ENSP00000295987	0.0
9606.ENSP00000479261	0.0
9606.ENSP00000362399	0.0
9606.ENSP00000434729	0.0
9606.ENSP00000351937	0.0
9606.ENSP00000362329	0.0
9606.ENSP00000329757	0.0
9606.ENSP00000355470	0.0
9606.ENSP00000364550	0.0
9606.ENSP00000401770	0.0
9606.ENSP00000221973	0.0
9606.ENSP00000451583	0.0
9606.ENSP00000377033	0.0
9606.ENSP00000216442	0.0
9606.ENSP00000499883	0.0
9606.ENSP00000341280	0.0
9606.ENSP00000284727	0.0
9606.ENSP00000355265	0.0
9606.ENSP00000410186	0.0
9606.ENSP00000298556	0.0
9606.ENSP00000234396	0.0
9606.ENSP00000417378	0.0
9606.ENSP00000343885	0.0
9606.ENSP00000382688	0.0
9606.ENSP00000253413	0.0
9606.ENSP00000335203	0.0
9606.ENSP00000273398	0.0
9606.ENSP00000276390	0.0
9606.ENSP00000243997	0.0
9606.ENSP00000215531	0.0
9606.ENSP00000369461	0.0
9606.ENSP00000381785	0.0
9606.ENSP00000458762	0.0
9606.ENSP00000466639	0.0
9606.ENSP00000392985	0.0
9606.ENSP00000263368	0.0
9606.ENSP00000382328	0.0
9606.ENSP00000457733	0.0
9606.ENSP00000322649	0.0
9606.ENSP00000301454	0.0
9606.ENSP00000362160	0.0
9606.ENSP00000377470	0.0
9606.ENSP00000261435	0.0
9606.ENSP00000361355	0.0
9606.ENSP00000369473	0.0
9606.ENSP00000215567	0.0
9606.ENSP00000361595	0.0
9606.ENSP00000346693	0.0
9606.ENSP00000261875	0.0
9606.ENSP00000307197	0.0
9606.ENSP00000419503	0.0
9606.ENSP00000355308	0.0
9606.ENSP00000378105	0.0
9606.ENSP00000357804	0.0
9606.ENSP00000358831	0.0
9606.ENSP00000357807	0.0
9606.ENSP00000367086	0.0
9606.ENSP00000373153	0.0
9606.ENSP00000359380	0.0
9606.ENSP00000360569	0.0
9606.ENSP00000323071	0.0
9606.ENSP00000311224	0.0
9606.ENSP00000238651	0.0
9606.ENSP00000322229	0.0
9606.ENSP00000215570	0.0
9606.ENSP00000254616	0.0
9606.ENSP00000248114	0.0
9606.ENSP00000400101	0.0
9606.ENSP00000388658	0.0
9606.ENSP00000497651	0.0
9606.ENSP00000438455	0.0
9606.ENSP00000327054	0.0
9606.ENSP00000361993	0.0
9606.ENSP00000215574	0.0
9606.ENSP00000273480	0.0
9606.ENSP00000253023	0.0
9606.ENSP00000263228	0.0
9606.ENSP00000262370	0.0
9606.ENSP00000427223	0.0
9606.ENSP00000338413	0.0
9606.ENSP00000313454	0.0
9606.ENSP00000355601	0.0
9606.ENSP00000340305	0.0
9606.ENSP00000333266	0.0
9606.ENSP00000433488	0.0
9606.ENSP00000215582	0.0
9606.ENSP00000356064	0.0
9606.ENSP00000296280	0.0
9606.ENSP00000215631	0.0
9606.ENSP00000399862	0.0
9606.ENSP00000320949	0.0
9606.ENSP00000289382	0.0
9606.ENSP00000375986	0.0
9606.ENSP00000481893	0.0
9606.ENSP00000351159	0.0
9606.ENSP00000252506	0.0
9606.ENSP00000365210	0.0
9606.ENSP00000486540	0.0
9606.ENSP00000355279	0.0
9606.ENSP00000273153	0.0
9606.ENSP00000287706	0.0
9606.ENSP00000342828	0.0
9606.ENSP00000483567	0.0
9606.ENSP00000363661	0.0
9606.ENSP00000249887	0.0
9606.ENSP00000263708	0.0
9606.ENSP00000241651	0.0
9606.ENSP00000356828	0.0
9606.ENSP00000217381	0.0
9606.ENSP00000363667	0.0
9606.ENSP00000402154	0.0
9606.ENSP00000378131	0.0
9606.ENSP00000233156	0.0
9606.ENSP00000377783	0.0
9606.ENSP00000356382	0.0
9606.ENSP00000277903	0.0
9606.ENSP00000364709	0.0
9606.ENSP00000264690	0.0
9606.ENSP00000248879	0.0
9606.ENSP00000303437	0.0
9606.ENSP00000267199	0.0
9606.ENSP00000282041	0.0
9606.ENSP00000279281	0.0
9606.ENSP00000305647	0.0
9606.ENSP00000479153	0.0
9606.ENSP00000253699	0.0
9606.ENSP00000255882	0.0
9606.ENSP00000215742	0.0
9606.ENSP00000254250	0.0
9606.ENSP00000361777	0.0
9606.ENSP00000215743	0.0
9606.ENSP00000358062	0.0
9606.ENSP00000327368	0.0
9606.ENSP00000322788	0.0
9606.ENSP00000433528	0.0
9606.ENSP00000472474	0.0
9606.ENSP00000337060	0.0
9606.ENSP00000359539	0.0
9606.ENSP00000272928	0.0
9606.ENSP00000303077	0.0
9606.ENSP00000329243	0.0
9606.ENSP00000340278	0.0
9606.ENSP00000348234	0.0
9606.ENSP00000215781	0.0
9606.ENSP00000360730	0.0
9606.ENSP00000370978	0.0
9606.ENSP00000330393	0.0
9606.ENSP00000482954	0.0
9606.ENSP00000274276	0.0
9606.ENSP00000361548	0.0
9606.ENSP00000431885	0.0
9606.ENSP00000264563	0.0
9606.ENSP00000370698	0.0
9606.ENSP00000249075	0.0
9606.ENSP00000498630	0.0
9606.ENSP00000450565	0.0
9606.ENSP00000279804	0.0
9606.ENSP00000398368	0.0
9606.ENSP00000361004	0.0
9606.ENSP00000355370	0.0
9606.ENSP00000368265	0.0
9606.ENSP00000222139	0.0
9606.ENSP00000290200	0.0
9606.ENSP00000366234	0.0
9606.ENSP00000362195	0.0
9606.ENSP00000384053	0.0
9606.ENSP00000448073	0.0
9606.ENSP00000368801	0.0
9606.ENSP00000306614	0.0
9606.ENSP00000319341	0.0
9606.ENSP00000376276	0.0
9606.ENSP00000244520	0.0
9606.ENSP00000472998	0.0
9606.ENSP00000376919	0.0
9606.ENSP00000416534	0.0
9606.ENSP00000362936	0.0
9606.ENSP00000380336	0.0
9606.ENSP00000434359	0.0
9606.ENSP00000480240	0.0
9606.ENSP00000244020	0.0
9606.ENSP00000396301	0.0
9606.ENSP00000388638	0.0
9606.ENSP00000492033	0.0
9606.ENSP00000312981	0.0
9606.ENSP00000386458	0.0
9606.ENSP00000496019	0.0
9606.ENSP00000261973	0.0
9606.ENSP00000269967	0.0
9606.ENSP00000439856	0.0
9606.ENSP00000348010	0.0
9606.ENSP00000347005	0.0
9606.ENSP00000418563	0.0
9606.ENSP00000416951	0.0
9606.ENSP00000253363	0.0
9606.ENSP00000259983	0.0
9606.ENSP00000310723	0.0
9606.ENSP00000464050	0.0
9606.ENSP00000358616	0.0
9606.ENSP00000269601	0.0
9606.ENSP00000365744	0.0
9606.ENSP00000442699	0.0
9606.ENSP00000367564	0.0
9606.ENSP00000215794	0.0
9606.ENSP00000359787	0.0
9606.ENSP00000490935	0.0
9606.ENSP00000380073	0.0
9606.ENSP00000381601	0.0
9606.ENSP00000388001	0.0
9606.ENSP00000354822	0.0
9606.ENSP00000264350	0.0
9606.ENSP00000360860	0.0
9606.ENSP00000342278	0.0
9606.ENSP00000377344	0.0
9606.ENSP00000318982	0.0
9606.ENSP00000259030	0.0
9606.ENSP00000414922	0.0
9606.ENSP00000256722	0.0
9606.ENSP00000251642	0.0
9606.ENSP00000371471	0.0
9606.ENSP00000270139	0.0
9606.ENSP00000483430	0.0
9606.ENSP00000245414	0.0
9606.ENSP00000359783	0.0
9606.ENSP00000497271	0.0
9606.ENSP00000343957	0.0
9606.ENSP00000380697	0.0
9606.ENSP00000315768	0.0
9606.ENSP00000257570	0.0
9606.ENSP00000228928	0.0
9606.ENSP00000233057	0.0
9606.ENSP00000360876	0.0
9606.ENSP00000342513	0.0
9606.ENSP00000369213	0.0
9606.ENSP00000264346	0.0
9606.ENSP00000287156	0.0
9606.ENSP00000309572	0.0
9606.ENSP00000361557	0.0
9606.ENSP00000321706	0.0
9606.ENSP00000310596	0.0
9606.ENSP00000297540	0.0
9606.ENSP00000332103	0.0
9606.ENSP00000454852	0.0
9606.ENSP00000245934	0.0
9606.ENSP00000349428	0.0
9606.ENSP00000369895	0.0
9606.ENSP00000325376	0.0
9606.ENSP00000363043	0.0
9606.ENSP00000304903	0.0
9606.ENSP00000440222	0.0
9606.ENSP00000270257	0.0
9606.ENSP00000451080	0.0
9606.ENSP00000433919	0.0
9606.ENSP00000238112	0.0
9606.ENSP00000332198	0.0
9606.ENSP00000490829	0.0
9606.ENSP00000268483	0.0
9606.ENSP00000370083	0.0
9606.ENSP00000362820	0.0
9606.ENSP00000491215	0.0
9606.ENSP00000358716	0.0
9606.ENSP00000260129	0.0
9606.ENSP00000235090	0.0
9606.ENSP00000365458	0.0
9606.ENSP00000262633	0.0
9606.ENSP00000324203	0.0
9606.ENSP00000301272	0.0
9606.ENSP00000244227	0.0
9606.ENSP00000281701	0.0
9606.ENSP00000392270	0.0
9606.ENSP00000363745	0.0
9606.ENSP00000286307	0.0
9606.ENSP00000386636	0.0
9606.ENSP00000349168	0.0
9606.ENSP00000416959	0.0
9606.ENSP00000281950	0.0
9606.ENSP00000262715	0.0
9606.ENSP00000285873	0.0
9606.ENSP00000370119	0.0
9606.ENSP00000337194	0.0
9606.ENSP00000319169	0.0
9606.ENSP00000474096	0.0
9606.ENSP00000308533	0.0
9606.ENSP00000341826	0.0
9606.ENSP00000371886	0.0
9606.ENSP00000218008	0.0
9606.ENSP00000378040	0.0
9606.ENSP00000442973	0.0
9606.ENSP00000381958	0.0
9606.ENSP00000305769	0.0
9606.ENSP00000263980	0.0
9606.ENSP00000357060	0.0
9606.ENSP00000472546	0.0
9606.ENSP00000422435	0.0
9606.ENSP00000320337	0.0
9606.ENSP00000317985	0.0
9606.ENSP00000239938	0.0
9606.ENSP00000368884	0.0
9606.ENSP00000444688	0.0
9606.ENSP00000300659	0.0
9606.ENSP00000369756	0.0
9606.ENSP00000292823	0.0
9606.ENSP00000356436	0.0
9606.ENSP00000484390	0.0
9606.ENSP00000245983	0.0
9606.ENSP00000262752	0.0
9606.ENSP00000356790	0.0
9606.ENSP00000279488	0.0
9606.ENSP00000257566	0.0
9606.ENSP00000345347	0.0
9606.ENSP00000353344	0.0
9606.ENSP00000263431	0.0
9606.ENSP00000286371	0.0
9606.ENSP00000313681	0.0
9606.ENSP00000330237	0.0
9606.ENSP00000469158	0.0
9606.ENSP00000445306	0.0
9606.ENSP00000292079	0.0
9606.ENSP00000396045	0.0
9606.ENSP00000228872	0.0
9606.ENSP00000356438	0.0
9606.ENSP00000290374	0.0
9606.ENSP00000312286	0.0
9606.ENSP00000311196	0.0
9606.ENSP00000358022	0.0
9606.ENSP00000340691	0.0
9606.ENSP00000357055	0.0
9606.ENSP00000250896	0.0
9606.ENSP00000389377	0.0
9606.ENSP00000290472	0.0
9606.ENSP00000441954	0.0
9606.ENSP00000369981	0.0
9606.ENSP00000397927	0.0
9606.ENSP00000368439	0.0
9606.ENSP00000379904	0.0
9606.ENSP00000475727	0.0
9606.ENSP00000382697	0.0
9606.ENSP00000356920	0.0
9606.ENSP00000369154	0.0
9606.ENSP00000331602	0.0
9606.ENSP00000276414	0.0
9606.ENSP00000424183	0.0
9606.ENSP00000496129	0.0
9606.ENSP00000229795	0.0
9606.ENSP00000380442	0.0
9606.ENSP00000435412	0.0
9606.ENSP00000308413	0.0
9606.ENSP00000354490	0.0
9606.ENSP00000498083	0.0
9606.ENSP00000382434	0.0
9606.ENSP00000215885	0.0
9606.ENSP00000440864	0.0
9606.ENSP00000215838	0.0
9606.ENSP00000402510	0.0
9606.ENSP00000319170	0.0
9606.ENSP00000223836	0.0
9606.ENSP00000496870	0.0
9606.ENSP00000497690	0.0
9606.ENSP00000301458	0.0
9606.ENSP00000355536	0.0
9606.ENSP00000274813	0.0
9606.ENSP00000367064	0.0
9606.ENSP00000365770	0.0
9606.ENSP00000299155	0.0
9606.ENSP00000215855	0.0
9606.ENSP00000251607	0.0
9606.ENSP00000291554	0.0
9606.ENSP00000367104	0.0
9606.ENSP00000225387	0.0
9606.ENSP00000433560	0.0
9606.ENSP00000430947	0.0
9606.ENSP00000304987	0.0
9606.ENSP00000241125	0.0
9606.ENSP00000358238	0.0
9606.ENSP00000419411	0.0
9606.ENSP00000441158	0.0
9606.ENSP00000252137	0.0
9606.ENSP00000466259	0.0
9606.ENSP00000263196	0.0
9606.ENSP00000364249	0.0
9606.ENSP00000364257	0.0
9606.ENSP00000262134	0.0
9606.ENSP00000393847	0.0
9606.ENSP00000333212	0.0
9606.ENSP00000219345	0.0
9606.ENSP00000283415	0.0
9606.ENSP00000387050	0.0
9606.ENSP00000441980	0.0
9606.ENSP00000364246	0.0
9606.ENSP00000293761	0.0
9606.ENSP00000360372	0.0
9606.ENSP00000384610	0.0
9606.ENSP00000243501	0.0
9606.ENSP00000330442	0.0
9606.ENSP00000363512	0.0
9606.ENSP00000364243	0.0
9606.ENSP00000383364	0.0
9606.ENSP00000215886	0.0
9606.ENSP00000221804	0.0
9606.ENSP00000382595	0.0
9606.ENSP00000256969	0.0
9606.ENSP00000392028	0.0
9606.ENSP00000215904	0.0
9606.ENSP00000336740	0.0
9606.ENSP00000291565	0.0
9606.ENSP00000493302	0.0
9606.ENSP00000481046	0.0
9606.ENSP00000215909	0.0
9606.ENSP00000317144	0.0
9606.ENSP00000262776	0.0
9606.ENSP00000469194	0.0
9606.ENSP00000316416	0.0
9606.ENSP00000357704	0.0
9606.ENSP00000306627	0.0
9606.ENSP00000333157	0.0
9606.ENSP00000376623	0.0
9606.ENSP00000215917	0.0
9606.ENSP00000244496	0.0
9606.ENSP00000215941	0.0
9606.ENSP00000492260	0.0
9606.ENSP00000380321	0.0
9606.ENSP00000215957	0.0
9606.ENSP00000370258	0.0
9606.ENSP00000327116	0.0
9606.ENSP00000429931	0.0
9606.ENSP00000220849	0.0
9606.ENSP00000436049	0.0
9606.ENSP00000264710	0.0
9606.ENSP00000425915	0.0
9606.ENSP00000357564	0.0
9606.ENSP00000263246	0.0
9606.ENSP00000434103	0.0
9606.ENSP00000220325	0.0
9606.ENSP00000215980	0.0
9606.ENSP00000281453	0.0
9606.ENSP00000479106	0.0
9606.ENSP00000443017	0.0
9606.ENSP00000366962	0.0
9606.ENSP00000300035	0.0
9606.ENSP00000370214	0.0
9606.ENSP00000364737	0.0
9606.ENSP00000258787	0.0
9606.ENSP00000489317	0.0
9606.ENSP00000479794	0.0
9606.ENSP00000379911	0.0
9606.ENSP00000480960	0.0
9606.ENSP00000366974	0.0
9606.ENSP00000465075	0.0
9606.ENSP00000357308	0.0
9606.ENSP00000481486	0.0
9606.ENSP00000457810	0.0
9606.ENSP00000479461	0.0
9606.ENSP00000367034	0.0
9606.ENSP00000335463	0.0
9606.ENSP00000337289	0.0
9606.ENSP00000445633	0.0
9606.ENSP00000462355	0.0
9606.ENSP00000489236	0.0
9606.ENSP00000347168	0.0
9606.ENSP00000283006	0.0
9606.ENSP00000464357	0.0
9606.ENSP00000360133	0.0
9606.ENSP00000308583	0.0
9606.ENSP00000367022	0.0
9606.ENSP00000484789	0.0
9606.ENSP00000377007	0.0
9606.ENSP00000462667	0.0
9606.ENSP00000273853	0.0
9606.ENSP00000348924	0.0
9606.ENSP00000348527	0.0
9606.ENSP00000362018	0.0
9606.ENSP00000364855	0.0
9606.ENSP00000263187	0.0
9606.ENSP00000240488	0.0
9606.ENSP00000321636	0.0
9606.ENSP00000377384	0.0
9606.ENSP00000336606	0.0
9606.ENSP00000216027	0.0
9606.ENSP00000368165	0.0
9606.ENSP00000260270	0.0
9606.ENSP00000328570	0.0
9606.ENSP00000253577	0.0
9606.ENSP00000310623	0.0
9606.ENSP00000377311	0.0
9606.ENSP00000387219	0.0
9606.ENSP00000368688	0.0
9606.ENSP00000355672	0.0
9606.ENSP00000419243	0.0
9606.ENSP00000332576	0.0
9606.ENSP00000363205	0.0
9606.ENSP00000365159	0.0
9606.ENSP00000452007	0.0
9606.ENSP00000249442	0.0
9606.ENSP00000354204	0.0
9606.ENSP00000366800	0.0
9606.ENSP00000356967	0.0
9606.ENSP00000361635	0.0
9606.ENSP00000438204	0.0
9606.ENSP00000428845	0.0
9606.ENSP00000355566	0.0
9606.ENSP00000381859	0.0
9606.ENSP00000387262	0.0
9606.ENSP00000389297	0.0
9606.ENSP00000468723	0.0
9606.ENSP00000325562	0.0
9606.ENSP00000420617	0.0
9606.ENSP00000424798	0.0
9606.ENSP00000228318	0.0
9606.ENSP00000362268	0.0
9606.ENSP00000290913	0.0
9606.ENSP00000357360	0.0
9606.ENSP00000216036	0.0
9606.ENSP00000263116	0.0
9606.ENSP00000417610	0.0
9606.ENSP00000262947	0.0
9606.ENSP00000480150	0.0
9606.ENSP00000418401	0.0
9606.ENSP00000385385	0.0
9606.ENSP00000349860	0.0
9606.ENSP00000257749	0.0
9606.ENSP00000256797	0.0
9606.ENSP00000499582	0.0
9606.ENSP00000378721	0.0
9606.ENSP00000364591	0.0
9606.ENSP00000267884	0.0
9606.ENSP00000366098	0.0
9606.ENSP00000438689	0.0
9606.ENSP00000305230	0.0
9606.ENSP00000222803	0.0
9606.ENSP00000328023	0.0
9606.ENSP00000473631	0.0
9606.ENSP00000237264	0.0
9606.ENSP00000381148	0.0
9606.ENSP00000287652	0.0
9606.ENSP00000420076	0.0
9606.ENSP00000359131	0.0
9606.ENSP00000378570	0.0
9606.ENSP00000249356	0.0
9606.ENSP00000451818	0.0
9606.ENSP00000222330	0.0
9606.ENSP00000363398	0.0
9606.ENSP00000300289	0.0
9606.ENSP00000440402	0.0
9606.ENSP00000247219	0.0
9606.ENSP00000415416	0.0
9606.ENSP00000424870	0.0
9606.ENSP00000312066	0.0
9606.ENSP00000409555	0.0
9606.ENSP00000290949	0.0
9606.ENSP00000216038	0.0
9606.ENSP00000364885	0.0
9606.ENSP00000299427	0.0
9606.ENSP00000244763	0.0
9606.ENSP00000226760	0.0
9606.ENSP00000323313	0.0
9606.ENSP00000260643	0.0
9606.ENSP00000263791	0.0
9606.ENSP00000386918	0.0
9606.ENSP00000261700	0.0
9606.ENSP00000386227	0.0
9606.ENSP00000258457	0.0
9606.ENSP00000370745	0.0
9606.ENSP00000380734	0.0
9606.ENSP00000417677	0.0
9606.ENSP00000260563	0.0
9606.ENSP00000238823	0.0
9606.ENSP00000216039	0.0
9606.ENSP00000369996	0.0
9606.ENSP00000366819	0.0
9606.ENSP00000496695	0.0
9606.ENSP00000216044	0.0
9606.ENSP00000398597	0.0
9606.ENSP00000442600	0.0
9606.ENSP00000383931	0.0
9606.ENSP00000352678	0.0
9606.ENSP00000221233	0.0
9606.ENSP00000265564	0.0
9606.ENSP00000315476	0.0
9606.ENSP00000368017	0.0
9606.ENSP00000321711	0.0
9606.ENSP00000370767	0.0
9606.ENSP00000323046	0.0
9606.ENSP00000361433	0.0
9606.ENSP00000348107	0.0
9606.ENSP00000258169	0.0
9606.ENSP00000303942	0.0
9606.ENSP00000415743	0.0
9606.ENSP00000400646	0.0
9606.ENSP00000366997	0.0
9606.ENSP00000441802	0.0
9606.ENSP00000216068	0.0
9606.ENSP00000477310	0.0
9606.ENSP00000479166	0.0
9606.ENSP00000326022	0.0
9606.ENSP00000349679	0.0
9606.ENSP00000216075	0.0
9606.ENSP00000265403	0.0
9606.ENSP00000352584	0.0
9606.ENSP00000379087	0.0
9606.ENSP00000362513	0.0
9606.ENSP00000361140	0.0
9606.ENSP00000334276	0.0
9606.ENSP00000346768	0.0
9606.ENSP00000302728	0.0
9606.ENSP00000418532	0.0
9606.ENSP00000387683	0.0
9606.ENSP00000285930	0.0
9606.ENSP00000251566	0.0
9606.ENSP00000452793	0.0
9606.ENSP00000216099	0.0
9606.ENSP00000310622	0.0
9606.ENSP00000364212	0.0
9606.ENSP00000216101	0.0
9606.ENSP00000340454	0.0
9606.ENSP00000400142	0.0
9606.ENSP00000401145	0.0
9606.ENSP00000481012	0.0
9606.ENSP00000350199	0.0
9606.ENSP00000474529	0.0
9606.ENSP00000216106	0.0
9606.ENSP00000371859	0.0
9606.ENSP00000342434	0.0
9606.ENSP00000413697	0.0
9606.ENSP00000311513	0.0
9606.ENSP00000360162	0.0
9606.ENSP00000283131	0.0
9606.ENSP00000448598	0.0
9606.ENSP00000383428	0.0
9606.ENSP00000216115	0.0
9606.ENSP00000453562	0.0
9606.ENSP00000314132	0.0
9606.ENSP00000257572	0.0
9606.ENSP00000250405	0.0
9606.ENSP00000326119	0.0
9606.ENSP00000404503	0.0
9606.ENSP00000346697	0.0
9606.ENSP00000267953	0.0
9606.ENSP00000363591	0.0
9606.ENSP00000366525	0.0
9606.ENSP00000497574	0.0
9606.ENSP00000434516	0.0
9606.ENSP00000382805	0.0
9606.ENSP00000430620	0.0
9606.ENSP00000462521	0.0
9606.ENSP00000319788	0.0
9606.ENSP00000337383	0.0
9606.ENSP00000359258	0.0
9606.ENSP00000308000	0.0
9606.ENSP00000381237	0.0
9606.ENSP00000480703	0.0
9606.ENSP00000498358	0.0
9606.ENSP00000264613	0.0
9606.ENSP00000385757	0.0
9606.ENSP00000399805	0.0
9606.ENSP00000477572	0.0
9606.ENSP00000352358	0.0
9606.ENSP00000420306	0.0
9606.ENSP00000265310	0.0
9606.ENSP00000278412	0.0
9606.ENSP00000325017	0.0
9606.ENSP00000353098	0.0
9606.ENSP00000298288	0.0
9606.ENSP00000251810	0.0
9606.ENSP00000323663	0.0
9606.ENSP00000497880	0.0
9606.ENSP00000263382	0.0
9606.ENSP00000265140	0.0
9606.ENSP00000362131	0.0
9606.ENSP00000370376	0.0
9606.ENSP00000216124	0.0
9606.ENSP00000233840	0.0
9606.ENSP00000268695	0.0
9606.ENSP00000364782	0.0
9606.ENSP00000247933	0.0
9606.ENSP00000371152	0.0
9606.ENSP00000362566	0.0
9606.ENSP00000311648	0.0
9606.ENSP00000340409	0.0
9606.ENSP00000272902	0.0
9606.ENSP00000218516	0.0
9606.ENSP00000294064	0.0
9606.ENSP00000407193	0.0
9606.ENSP00000264914	0.0
9606.ENSP00000498402	0.0
9606.ENSP00000261304	0.0
9606.ENSP00000216127	0.0
9606.ENSP00000308117	0.0
9606.ENSP00000323927	0.0
9606.ENSP00000216129	0.0
9606.ENSP00000362456	0.0
9606.ENSP00000375951	0.0
9606.ENSP00000372206	0.0
9606.ENSP00000216133	0.0
9606.ENSP00000233630	0.0
9606.ENSP00000419494	0.0
9606.ENSP00000367705	0.0
9606.ENSP00000308750	0.0
9606.ENSP00000389445	0.0
9606.ENSP00000337500	0.0
9606.ENSP00000384490	0.0
9606.ENSP00000276925	0.0
9606.ENSP00000477760	0.0
9606.ENSP00000260947	0.0
9606.ENSP00000363787	0.0
9606.ENSP00000356480	0.0
9606.ENSP00000343412	0.0
9606.ENSP00000251900	0.0
9606.ENSP00000482063	0.0
9606.ENSP00000421842	0.0
9606.ENSP00000349957	0.0
9606.ENSP00000394394	0.0
9606.ENSP00000404658	0.0
9606.ENSP00000257118	0.0
9606.ENSP00000437659	0.0
9606.ENSP00000264552	0.0
9606.ENSP00000269397	0.0
9606.ENSP00000473391	0.0
9606.ENSP00000364839	0.0
9606.ENSP00000381840	0.0
9606.ENSP00000269385	0.0
9606.ENSP00000420294	0.0
9606.ENSP00000358862	0.0
9606.ENSP00000354724	0.0
9606.ENSP00000437360	0.0
9606.ENSP00000216139	0.0
9606.ENSP00000460971	0.0
9606.ENSP00000236979	0.0
9606.ENSP00000425961	0.0
9606.ENSP00000327786	0.0
9606.ENSP00000332287	0.0
9606.ENSP00000376445	0.0
9606.ENSP00000371003	0.0
9606.ENSP00000477437	0.0
9606.ENSP00000482657	0.0
9606.ENSP00000322532	0.0
9606.ENSP00000401980	0.0
9606.ENSP00000216177	0.0
9606.ENSP00000495778	0.0
9606.ENSP00000264717	0.0
9606.ENSP00000355895	0.0
9606.ENSP00000374014	0.0
9606.ENSP00000245615	0.0
9606.ENSP00000252575	0.0
9606.ENSP00000244289	0.0
9606.ENSP00000358232	0.0
9606.ENSP00000377900	0.0
9606.ENSP00000333300	0.0
9606.ENSP00000223364	0.0
9606.ENSP00000226207	0.0
9606.ENSP00000464087	0.0
9606.ENSP00000464317	0.0
9606.ENSP00000223167	0.0
9606.ENSP00000493594	0.0
9606.ENSP00000389168	0.0
9606.ENSP00000487444	0.0
9606.ENSP00000224784	0.0
9606.ENSP00000263238	0.0
9606.ENSP00000450385	0.0
9606.ENSP00000389631	0.0
9606.ENSP00000325239	0.0
9606.ENSP00000228841	0.0
9606.ENSP00000464359	0.0
9606.ENSP00000380367	0.0
9606.ENSP00000401010	0.0
9606.ENSP00000353590	0.0
9606.ENSP00000376410	0.0
9606.ENSP00000347507	0.0
9606.ENSP00000375821	0.0
9606.ENSP00000386041	0.0
9606.ENSP00000384330	0.0
9606.ENSP00000499406	0.0
9606.ENSP00000404570	0.0
9606.ENSP00000324573	0.0
9606.ENSP00000307280	0.0
9606.ENSP00000446955	0.0
9606.ENSP00000386857	0.0
9606.ENSP00000347055	0.0
9606.ENSP00000383023	0.0
9606.ENSP00000427687	0.0
9606.ENSP00000463559	0.0
9606.ENSP00000255381	0.0
9606.ENSP00000216185	0.0
9606.ENSP00000411719	0.0
9606.ENSP00000262746	0.0
9606.ENSP00000262982	0.0
9606.ENSP00000298510	0.0
9606.ENSP00000301522	0.0
9606.ENSP00000383365	0.0
9606.ENSP00000369314	0.0
9606.ENSP00000356410	0.0
9606.ENSP00000265462	0.0
9606.ENSP00000313007	0.0
9606.ENSP00000293831	0.0
9606.ENSP00000326381	0.0
9606.ENSP00000499067	0.0
9606.ENSP00000325448	0.0
9606.ENSP00000425561	0.0
9606.ENSP00000319851	0.0
9606.ENSP00000362688	0.0
9606.ENSP00000383274	0.0
9606.ENSP00000416255	0.0
9606.ENSP00000216200	0.0
9606.ENSP00000337103	0.0
9606.ENSP00000369547	0.0
9606.ENSP00000331040	0.0
9606.ENSP00000490614	0.0
9606.ENSP00000499387	0.0
9606.ENSP00000494136	0.0
9606.ENSP00000346534	0.0
9606.ENSP00000253408	0.0
9606.ENSP00000463653	0.0
9606.ENSP00000287842	0.0
9606.ENSP00000403888	0.0
9606.ENSP00000377854	0.0
9606.ENSP00000265431	0.0
9606.ENSP00000417901	0.0
9606.ENSP00000303540	0.0
9606.ENSP00000497806	0.0
9606.ENSP00000354910	0.0
9606.ENSP00000263160	0.0
9606.ENSP00000384364	0.0
9606.ENSP00000217420	0.0
9606.ENSP00000221485	0.0
9606.ENSP00000478942	0.0
9606.ENSP00000264234	0.0
9606.ENSP00000216218	0.0
9606.ENSP00000489189	0.0
9606.ENSP00000232978	0.0
9606.ENSP00000333639	0.0
9606.ENSP00000329991	0.0
9606.ENSP00000481633	0.0
9606.ENSP00000375795	0.0
9606.ENSP00000499459	0.0
9606.ENSP00000380421	0.0
9606.ENSP00000461947	0.0
9606.ENSP00000412209	0.0
9606.ENSP00000307833	0.0
9606.ENSP00000381717	0.0
9606.ENSP00000364742	0.0
9606.ENSP00000364404	0.0
9606.ENSP00000379025	0.0
9606.ENSP00000262394	0.0
9606.ENSP00000393762	0.0
9606.ENSP00000319482	0.0
9606.ENSP00000351147	0.0
9606.ENSP00000430774	0.0
9606.ENSP00000299259	0.0
9606.ENSP00000385636	0.0
9606.ENSP00000286918	0.0
9606.ENSP00000442318	0.0
9606.ENSP00000304102	0.0
9606.ENSP00000446039	0.0
9606.ENSP00000366953	0.0
9606.ENSP00000364589	0.0
9606.ENSP00000224862	0.0
9606.ENSP00000312988	0.0
9606.ENSP00000266087	0.0
9606.ENSP00000483236	0.0
9606.ENSP00000498999	0.0
9606.ENSP00000371805	0.0
9606.ENSP00000497509	0.0
9606.ENSP00000356814	0.0
9606.ENSP00000221265	0.0
9606.ENSP00000341351	0.0
9606.ENSP00000268717	0.0
9606.ENSP00000403293	0.0
9606.ENSP00000263734	0.0
9606.ENSP00000301788	0.0
9606.ENSP00000344855	0.0
9606.ENSP00000384823	0.0
9606.ENSP00000354660	0.0
9606.ENSP00000376167	0.0
9606.ENSP00000478474	0.0
9606.ENSP00000328187	0.0
9606.ENSP00000417706	0.0
9606.ENSP00000393183	0.0
9606.ENSP00000496577	0.0
9606.ENSP00000265651	0.0
9606.ENSP00000260247	0.0
9606.ENSP00000221859	0.0
9606.ENSP00000310841	0.0
9606.ENSP00000344866	0.0
9606.ENSP00000490225	0.0
9606.ENSP00000254337	0.0
9606.ENSP00000252050	0.0
9606.ENSP00000346240	0.0
9606.ENSP00000400906	0.0
9606.ENSP00000231948	0.0
9606.ENSP00000425130	0.0
9606.ENSP00000376945	0.0
9606.ENSP00000386880	0.0
9606.ENSP00000272645	0.0
9606.ENSP00000351052	0.0
9606.ENSP00000247977	0.0
9606.ENSP00000357052	0.0
9606.ENSP00000384109	0.0
9606.ENSP00000364976	0.0
9606.ENSP00000376808	0.0
9606.ENSP00000301738	0.0
9606.ENSP00000292852	0.0
9606.ENSP00000389900	0.0
9606.ENSP00000437464	0.0
9606.ENSP00000365959	0.0
9606.ENSP00000292782	0.0
9606.ENSP00000405965	0.0
9606.ENSP00000476369	0.0
9606.ENSP00000324404	0.0
9606.ENSP00000380178	0.0
9606.ENSP00000365944	0.0
9606.ENSP00000312814	0.0
9606.ENSP00000352282	0.0
9606.ENSP00000313034	0.0
9606.ENSP00000453801	0.0
9606.ENSP00000423630	0.0
9606.ENSP00000424655	0.0
9606.ENSP00000352928	0.0
9606.ENSP00000369335	0.0
9606.ENSP00000415556	0.0
9606.ENSP00000349722	0.0
9606.ENSP00000292853	0.0
9606.ENSP00000346340	0.0
9606.ENSP00000229758	0.0
9606.ENSP00000222402	0.0
9606.ENSP00000371682	0.0
9606.ENSP00000477792	0.0
9606.ENSP00000369217	0.0
9606.ENSP00000290663	0.0
9606.ENSP00000216237	0.0
9606.ENSP00000219905	0.0
9606.ENSP00000234347	0.0
9606.ENSP00000420616	0.0
9606.ENSP00000370936	0.0
9606.ENSP00000264819	0.0
9606.ENSP00000339992	0.0
9606.ENSP00000328004	0.0
9606.ENSP00000364519	0.0
9606.ENSP00000338533	0.0
9606.ENSP00000309477	0.0
9606.ENSP00000469315	0.0
9606.ENSP00000498994	0.0
9606.ENSP00000340505	0.0
9606.ENSP00000269143	0.0
9606.ENSP00000216259	0.0
9606.ENSP00000379038	0.0
9606.ENSP00000366006	0.0
9606.ENSP00000309092	0.0
9606.ENSP00000350949	0.0
9606.ENSP00000311449	0.0
9606.ENSP00000268261	0.0
9606.ENSP00000216264	0.0
9606.ENSP00000307126	0.0
9606.ENSP00000342609	0.0
9606.ENSP00000251363	0.0
9606.ENSP00000381968	0.0
9606.ENSP00000271688	0.0
9606.ENSP00000378897	0.0
9606.ENSP00000332656	0.0
9606.ENSP00000386531	0.0
9606.ENSP00000262554	0.0
9606.ENSP00000378176	0.0
9606.ENSP00000376453	0.0
9606.ENSP00000316476	0.0
9606.ENSP00000367343	0.0
9606.ENSP00000219334	0.0
9606.ENSP00000377703	0.0
9606.ENSP00000325485	0.0
9606.ENSP00000284382	0.0
9606.ENSP00000494352	0.0
9606.ENSP00000354829	0.0
9606.ENSP00000301452	0.0
9606.ENSP00000216484	0.0
9606.ENSP00000363397	0.0
9606.ENSP00000314508	0.0
9606.ENSP00000351589	0.0
9606.ENSP00000449089	0.0
9606.ENSP00000438465	0.0
9606.ENSP00000433209	0.0
9606.ENSP00000351789	0.0
9606.ENSP00000248244	0.0
9606.ENSP00000360215	0.0
9606.ENSP00000308024	0.0
9606.ENSP00000265164	0.0
9606.ENSP00000362824	0.0
9606.ENSP00000216277	0.0
9606.ENSP00000387911	0.0
9606.ENSP00000366396	0.0
9606.ENSP00000332444	0.0
9606.ENSP00000257177	0.0
9606.ENSP00000238714	0.0
9606.ENSP00000317872	0.0
9606.ENSP00000477715	0.0
9606.ENSP00000443113	0.0
9606.ENSP00000345412	0.0
9606.ENSP00000292476	0.0
9606.ENSP00000298281	0.0
9606.ENSP00000325377	0.0
9606.ENSP00000384700	0.0
9606.ENSP00000266679	0.0
9606.ENSP00000229390	0.0
9606.ENSP00000397563	0.0
9606.ENSP00000291386	0.0
9606.ENSP00000263063	0.0
9606.ENSP00000452123	0.0
9606.ENSP00000488642	0.0
9606.ENSP00000362900	0.0
9606.ENSP00000296490	0.0
9606.ENSP00000216727	0.0
9606.ENSP00000387996	0.0
9606.ENSP00000325905	0.0
9606.ENSP00000396995	0.0
9606.ENSP00000359988	0.0
9606.ENSP00000216286	0.0
9606.ENSP00000384169	0.0
9606.ENSP00000216294	0.0
9606.ENSP00000220659	0.0
9606.ENSP00000452454	0.0
9606.ENSP00000380904	0.0
9606.ENSP00000351575	0.0
9606.ENSP00000221573	0.0
9606.ENSP00000319597	0.0
9606.ENSP00000379372	0.0
9606.ENSP00000366828	0.0
9606.ENSP00000359531	0.0
9606.ENSP00000370200	0.0
9606.ENSP00000298532	0.0
9606.ENSP00000216297	0.0
9606.ENSP00000216756	0.0
9606.ENSP00000295321	0.0
9606.ENSP00000354522	0.0
9606.ENSP00000483667	0.0
9606.ENSP00000437271	0.0
9606.ENSP00000259870	0.0
9606.ENSP00000495240	0.0
9606.ENSP00000358262	0.0
9606.ENSP00000465765	0.0
9606.ENSP00000303373	0.0
9606.ENSP00000357297	0.0
9606.ENSP00000343515	0.0
9606.ENSP00000242108	0.0
9606.ENSP00000307004	0.0
9606.ENSP00000386759	0.0
9606.ENSP00000386239	0.0
9606.ENSP00000263736	0.0
9606.ENSP00000373772	0.0
9606.ENSP00000406293	0.0
9606.ENSP00000216330	0.0
9606.ENSP00000234310	0.0
9606.ENSP00000283752	0.0
9606.ENSP00000261267	0.0
9606.ENSP00000296677	0.0
9606.ENSP00000238508	0.0
9606.ENSP00000302324	0.0
9606.ENSP00000222482	0.0
9606.ENSP00000269489	0.0
9606.ENSP00000364650	0.0
9606.ENSP00000248076	0.0
9606.ENSP00000450540	0.0
9606.ENSP00000484343	0.0
9606.ENSP00000370115	0.0
9606.ENSP00000233997	0.0
9606.ENSP00000343445	0.0
9606.ENSP00000278865	0.0
9606.ENSP00000370074	0.0
9606.ENSP00000264553	0.0
9606.ENSP00000420384	0.0
9606.ENSP00000311300	0.0
9606.ENSP00000259989	0.0
9606.ENSP00000388792	0.0
9606.ENSP00000342156	0.0
9606.ENSP00000333326	0.0
9606.ENSP00000248437	0.0
9606.ENSP00000381740	0.0
9606.ENSP00000354952	0.0
9606.ENSP00000369784	0.0
9606.ENSP00000242465	0.0
9606.ENSP00000248071	0.0
9606.ENSP00000227266	0.0
9606.ENSP00000326042	0.0
9606.ENSP00000443475	0.0
9606.ENSP00000366237	0.0
9606.ENSP00000401371	0.0
9606.ENSP00000264260	0.0
9606.ENSP00000336799	0.0
9606.ENSP00000261366	0.0
9606.ENSP00000318197	0.0
9606.ENSP00000339587	0.0
9606.ENSP00000371419	0.0
9606.ENSP00000216361	0.0
9606.ENSP00000466664	0.0
9606.ENSP00000324302	0.0
9606.ENSP00000494896	0.0
9606.ENSP00000376543	0.0
9606.ENSP00000380437	0.0
9606.ENSP00000216366	0.0
9606.ENSP00000454303	0.0
9606.ENSP00000312442	0.0
9606.ENSP00000358582	0.0
9606.ENSP00000483185	0.0
9606.ENSP00000336666	0.0
9606.ENSP00000490393	0.0
9606.ENSP00000403663	0.0
9606.ENSP00000495274	0.0
9606.ENSP00000360076	0.0
9606.ENSP00000325369	0.0
9606.ENSP00000465685	0.0
9606.ENSP00000428787	0.0
9606.ENSP00000500695	0.0
9606.ENSP00000483453	0.0
9606.ENSP00000327694	0.0
9606.ENSP00000338777	0.0
9606.ENSP00000388996	0.0
9606.ENSP00000440984	0.0
9606.ENSP00000261558	0.0
9606.ENSP00000261842	0.0
9606.ENSP00000377148	0.0
9606.ENSP00000481750	0.0
9606.ENSP00000238855	0.0
9606.ENSP00000351926	0.0
9606.ENSP00000399851	0.0
9606.ENSP00000442563	0.0
9606.ENSP00000220913	0.0
9606.ENSP00000311368	0.0
9606.ENSP00000357051	0.0
9606.ENSP00000378736	0.0
9606.ENSP00000420176	0.0
9606.ENSP00000228843	0.0
9606.ENSP00000357178	0.0
9606.ENSP00000364995	0.0
9606.ENSP00000329668	0.0
9606.ENSP00000385886	0.0
9606.ENSP00000262995	0.0
9606.ENSP00000295851	0.0
9606.ENSP00000379898	0.0
9606.ENSP00000246792	0.0
9606.ENSP00000256196	0.0
9606.ENSP00000264554	0.0
9606.ENSP00000289104	0.0
9606.ENSP00000216410	0.0
9606.ENSP00000483375	0.0
9606.ENSP00000253778	0.0
9606.ENSP00000295448	0.0
9606.ENSP00000423674	0.0
9606.ENSP00000301149	0.0
9606.ENSP00000477639	0.0
9606.ENSP00000271469	0.0
9606.ENSP00000455561	0.0
9606.ENSP00000216416	0.0
9606.ENSP00000379097	0.0
9606.ENSP00000394954	0.0
9606.ENSP00000428564	0.0
9606.ENSP00000235628	0.0
9606.ENSP00000216420	0.0
9606.ENSP00000385452	0.0
9606.ENSP00000259229	0.0
9606.ENSP00000417171	0.0
9606.ENSP00000262623	0.0
9606.ENSP00000272238	0.0
9606.ENSP00000362085	0.0
9606.ENSP00000352522	0.0
9606.ENSP00000449500	0.0
9606.ENSP00000411672	0.0
9606.ENSP00000358777	0.0
9606.ENSP00000256644	0.0
9606.ENSP00000304891	0.0
9606.ENSP00000292114	0.0
9606.ENSP00000490083	0.0
9606.ENSP00000308122	0.0
9606.ENSP00000343635	0.0
9606.ENSP00000264649	0.0
9606.ENSP00000332247	0.0
9606.ENSP00000391381	0.0
9606.ENSP00000218548	0.0
9606.ENSP00000285393	0.0
9606.ENSP00000430282	0.0
9606.ENSP00000302194	0.0
9606.ENSP00000429690	0.0
9606.ENSP00000262850	0.0
9606.ENSP00000363162	0.0
9606.ENSP00000357288	0.0
9606.ENSP00000216446	0.0
9606.ENSP00000297044	0.0
9606.ENSP00000380876	0.0
9606.ENSP00000234453	0.0
9606.ENSP00000397947	0.0
9606.ENSP00000263265	0.0
9606.ENSP00000280772	0.0
9606.ENSP00000310491	0.0
9606.ENSP00000265709	0.0
9606.ENSP00000345808	0.0
9606.ENSP00000383996	0.0
9606.ENSP00000263847	0.0
9606.ENSP00000419260	0.0
9606.ENSP00000451030	0.0
9606.ENSP00000499232	0.0
9606.ENSP00000286827	0.0
9606.ENSP00000493357	0.0
9606.ENSP00000355523	0.0
9606.ENSP00000455566	0.0
9606.ENSP00000442682	0.0
9606.ENSP00000349588	0.0
9606.ENSP00000315410	0.0
9606.ENSP00000368356	0.0
9606.ENSP00000350224	0.0
9606.ENSP00000261183	0.0
9606.ENSP00000373905	0.0
9606.ENSP00000362014	0.0
9606.ENSP00000263650	0.0
9606.ENSP00000264057	0.0
9606.ENSP00000482228	0.0
9606.ENSP00000399376	0.0
9606.ENSP00000331901	0.0
9606.ENSP00000216468	0.0
9606.ENSP00000360268	0.0
9606.ENSP00000233893	0.0
9606.ENSP00000294053	0.0
9606.ENSP00000319255	0.0
9606.ENSP00000407487	0.0
9606.ENSP00000356652	0.0
9606.ENSP00000268876	0.0
9606.ENSP00000246957	0.0
9606.ENSP00000359799	0.0
9606.ENSP00000409924	0.0
9606.ENSP00000487365	0.0
9606.ENSP00000362931	0.0
9606.ENSP00000352097	0.0
9606.ENSP00000369863	0.0
9606.ENSP00000326869	0.0
9606.ENSP00000377724	0.0
9606.ENSP00000341117	0.0
9606.ENSP00000339435	0.0
9606.ENSP00000485582	0.0
9606.ENSP00000378854	0.0
9606.ENSP00000247005	0.0
9606.ENSP00000381231	0.0
9606.ENSP00000257549	0.0
9606.ENSP00000298130	0.0
9606.ENSP00000243045	0.0
9606.ENSP00000310406	0.0
9606.ENSP00000352264	0.0
9606.ENSP00000264276	0.0
9606.ENSP00000316779	0.0
9606.ENSP00000461945	0.0
9606.ENSP00000353444	0.0
9606.ENSP00000245812	0.0
9606.ENSP00000292566	0.0
9606.ENSP00000318986	0.0
9606.ENSP00000463982	0.0
9606.ENSP00000303584	0.0
9606.ENSP00000397673	0.0
9606.ENSP00000355720	0.0
9606.ENSP00000458290	0.0
9606.ENSP00000398181	0.0
9606.ENSP00000478490	0.0
9606.ENSP00000368152	0.0
9606.ENSP00000444660	0.0
9606.ENSP00000368244	0.0
9606.ENSP00000300175	0.0
9606.ENSP00000266674	0.0
9606.ENSP00000240652	0.0
9606.ENSP00000353245	0.0
9606.ENSP00000220478	0.0
9606.ENSP00000304133	0.0
9606.ENSP00000216513	0.0
9606.ENSP00000362978	0.0
9606.ENSP00000482245	0.0
9606.ENSP00000359212	0.0
9606.ENSP00000432770	0.0
9606.ENSP00000333640	0.0
9606.ENSP00000496255	0.0
9606.ENSP00000216540	0.0
9606.ENSP00000447149	0.0
9606.ENSP00000265723	0.0
9606.ENSP00000256958	0.0
9606.ENSP00000384513	0.0
9606.ENSP00000305974	0.0
9606.ENSP00000296327	0.0
9606.ENSP00000361666	0.0
9606.ENSP00000254227	0.0
9606.ENSP00000377549	0.0
9606.ENSP00000497931	0.0
9606.ENSP00000335292	0.0
9606.ENSP00000494609	0.0
9606.ENSP00000318867	0.0
9606.ENSP00000289575	0.0
9606.ENSP00000444149	0.0
9606.ENSP00000217159	0.0
9606.ENSP00000355930	0.0
9606.ENSP00000261196	0.0
9606.ENSP00000285238	0.0
9606.ENSP00000421275	0.0
9606.ENSP00000271764	0.0
9606.ENSP00000433664	0.0
9606.ENSP00000388806	0.0
9606.ENSP00000251636	0.0
9606.ENSP00000429323	0.0
9606.ENSP00000497160	0.0
9606.ENSP00000494040	0.0
9606.ENSP00000353575	0.0
9606.ENSP00000254730	0.0
9606.ENSP00000266126	0.0
9606.ENSP00000353741	0.0
9606.ENSP00000265753	0.0
9606.ENSP00000290866	0.0
9606.ENSP00000216639	0.0
9606.ENSP00000339157	0.0
9606.ENSP00000356251	0.0
9606.ENSP00000408002	0.0
9606.ENSP00000482431	0.0
9606.ENSP00000350686	0.0
9606.ENSP00000352119	0.0
9606.ENSP00000240316	0.0
9606.ENSP00000358857	0.0
9606.ENSP00000482538	0.0
9606.ENSP00000327487	0.0
9606.ENSP00000352627	0.0
9606.ENSP00000358549	0.0
9606.ENSP00000439128	0.0
9606.ENSP00000265421	0.0
9606.ENSP00000424191	0.0
9606.ENSP00000242576	0.0
9606.ENSP00000500891	0.0
9606.ENSP00000284503	0.0
9606.ENSP00000264596	0.0
9606.ENSP00000296930	0.0
9606.ENSP00000337353	0.0
9606.ENSP00000347170	0.0
9606.ENSP00000369145	0.0
9606.ENSP00000367440	0.0
9606.ENSP00000323511	0.0
9606.ENSP00000349577	0.0
9606.ENSP00000249910	0.0
9606.ENSP00000364126	0.0
9606.ENSP00000219431	0.0
9606.ENSP00000367787	0.0
9606.ENSP00000219066	0.0
9606.ENSP00000417864	0.0
9606.ENSP00000470142	0.0
9606.ENSP00000264029	0.0
9606.ENSP00000452479	0.0
9606.ENSP00000308012	0.0
9606.ENSP00000361949	0.0
9606.ENSP00000425031	0.0
9606.ENSP00000408598	0.0
9606.ENSP00000255136	0.0
9606.ENSP00000348708	0.0
9606.ENSP00000221419	0.0
9606.ENSP00000251038	0.0
9606.ENSP00000362618	0.0
9606.ENSP00000281589	0.0
9606.ENSP00000463233	0.0
9606.ENSP00000364448	0.0
9606.ENSP00000305556	0.0
9606.ENSP00000438993	0.0
9606.ENSP00000216733	0.0
9606.ENSP00000305494	0.0
9606.ENSP00000442224	0.0
9606.ENSP00000350704	0.0
9606.ENSP00000274008	0.0
9606.ENSP00000216780	0.0
9606.ENSP00000328938	0.0
9606.ENSP00000339933	0.0
9606.ENSP00000350136	0.0
9606.ENSP00000319814	0.0
9606.ENSP00000253382	0.0
9606.ENSP00000314649	0.0
9606.ENSP00000377696	0.0
9606.ENSP00000345555	0.0
9606.ENSP00000354158	0.0
9606.ENSP00000275015	0.0
9606.ENSP00000377224	0.0
9606.ENSP00000484552	0.0
9606.ENSP00000496355	0.0
9606.ENSP00000325663	0.0
9606.ENSP00000380150	0.0
9606.ENSP00000352738	0.0
9606.ENSP00000393785	0.0
9606.ENSP00000216807	0.0
9606.ENSP00000329933	0.0
9606.ENSP00000337477	0.0
9606.ENSP00000297109	0.0
9606.ENSP00000364929	0.0
9606.ENSP00000369131	0.0
9606.ENSP00000296504	0.0
9606.ENSP00000350333	0.0
9606.ENSP00000307183	0.0
9606.ENSP00000481842	0.0
9606.ENSP00000443988	0.0
9606.ENSP00000216832	0.0
9606.ENSP00000359042	0.0
9606.ENSP00000435210	0.0
9606.ENSP00000457723	0.0
9606.ENSP00000496842	0.0
9606.ENSP00000498653	0.0
9606.ENSP00000436679	0.0
9606.ENSP00000276201	0.0
9606.ENSP00000346634	0.0
9606.ENSP00000480986	0.0
9606.ENSP00000262710	0.0
9606.ENSP00000373657	0.0
9606.ENSP00000334538	0.0
9606.ENSP00000420195	0.0
9606.ENSP00000358107	0.0
9606.ENSP00000430656	0.0
9606.ENSP00000314099	0.0
9606.ENSP00000498065	0.0
9606.ENSP00000442397	0.0
9606.ENSP00000314407	0.0
9606.ENSP00000334592	0.0
9606.ENSP00000366654	0.0
9606.ENSP00000318912	0.0
9606.ENSP00000285381	0.0
9606.ENSP00000345659	0.0
9606.ENSP00000228606	0.0
9606.ENSP00000321424	0.0
9606.ENSP00000300900	0.0
9606.ENSP00000302898	0.0
9606.ENSP00000323300	0.0
9606.ENSP00000265085	0.0
9606.ENSP00000412292	0.0
9606.ENSP00000432768	0.0
9606.ENSP00000427550	0.0
9606.ENSP00000438248	0.0
9606.ENSP00000443647	0.0
9606.ENSP00000321703	0.0
9606.ENSP00000372035	0.0
9606.ENSP00000376457	0.0
9606.ENSP00000371472	0.0
9606.ENSP00000479266	0.0
9606.ENSP00000262713	0.0
9606.ENSP00000335357	0.0
9606.ENSP00000266671	0.0
9606.ENSP00000217026	0.0
9606.ENSP00000265997	0.0
9606.ENSP00000377536	0.0
9606.ENSP00000364721	0.0
9606.ENSP00000443985	0.0
9606.ENSP00000313199	0.0
9606.ENSP00000357643	0.0
9606.ENSP00000481465	0.0
9606.ENSP00000356489	0.0
9606.ENSP00000370377	0.0
9606.ENSP00000305416	0.0
9606.ENSP00000219400	0.0
9606.ENSP00000310042	0.0
9606.ENSP00000341947	0.0
9606.ENSP00000451812	0.0
9606.ENSP00000262904	0.0
9606.ENSP00000329102	0.0
9606.ENSP00000301159	0.0
9606.ENSP00000362768	0.0
9606.ENSP00000217043	0.0
9606.ENSP00000380037	0.0
9606.ENSP00000217086	0.0
9606.ENSP00000402949	0.0
9606.ENSP00000333633	0.0
9606.ENSP00000458879	0.0
9606.ENSP00000251020	0.0
9606.ENSP00000385823	0.0
9606.ENSP00000386741	0.0
9606.ENSP00000327758	0.0
9606.ENSP00000384899	0.0
9606.ENSP00000494260	0.0
9606.ENSP00000278823	0.0
9606.ENSP00000305906	0.0
9606.ENSP00000309913	0.0
9606.ENSP00000368253	0.0
9606.ENSP00000370270	0.0
9606.ENSP00000372351	0.0
9606.ENSP00000377836	0.0
9606.ENSP00000412302	0.0
9606.ENSP00000357644	0.0
9606.ENSP00000484803	0.0
9606.ENSP00000363314	0.0
9606.ENSP00000369716	0.0
9606.ENSP00000386488	0.0
9606.ENSP00000343900	0.0
9606.ENSP00000262577	0.0
9606.ENSP00000217121	0.0
9606.ENSP00000341677	0.0
9606.ENSP00000220429	0.0
9606.ENSP00000306285	0.0
9606.ENSP00000429309	0.0
9606.ENSP00000479708	0.0
9606.ENSP00000272462	0.0
9606.ENSP00000217131	0.0
9606.ENSP00000251047	0.0
9606.ENSP00000243911	0.0
9606.ENSP00000217133	0.0
9606.ENSP00000386651	0.0
9606.ENSP00000258145	0.0
9606.ENSP00000354837	0.0
9606.ENSP00000382982	0.0
9606.ENSP00000229243	0.0
9606.ENSP00000320130	0.0
9606.ENSP00000497174	0.0
9606.ENSP00000487719	0.0
9606.ENSP00000465734	0.0
9606.ENSP00000217169	0.0
9606.ENSP00000398495	0.0
9606.ENSP00000393596	0.0
9606.ENSP00000426503	0.0
9606.ENSP00000499058	0.0
9606.ENSP00000217173	0.0
9606.ENSP00000326813	0.0
9606.ENSP00000366452	0.0
9606.ENSP00000292180	0.0
9606.ENSP00000364815	0.0
9606.ENSP00000369897	0.0
9606.ENSP00000406157	0.0
9606.ENSP00000232744	0.0
9606.ENSP00000265174	0.0
9606.ENSP00000274311	0.0
9606.ENSP00000225276	0.0
9606.ENSP00000410059	0.0
9606.ENSP00000254868	0.0
9606.ENSP00000217188	0.0
9606.ENSP00000442460	0.0
9606.ENSP00000217195	0.0
9606.ENSP00000453015	0.0
9606.ENSP00000385410	0.0
9606.ENSP00000348489	0.0
9606.ENSP00000307078	0.0
9606.ENSP00000483989	0.0
9606.ENSP00000262450	0.0
9606.ENSP00000378702	0.0
9606.ENSP00000439800	0.0
9606.ENSP00000316454	0.0
9606.ENSP00000344087	0.0
9606.ENSP00000393379	0.0
9606.ENSP00000217246	0.0
9606.ENSP00000362273	0.0
9606.ENSP00000384408	0.0
9606.ENSP00000420484	0.0
9606.ENSP00000339912	0.0
9606.ENSP00000434776	0.0
9606.ENSP00000217260	0.0
9606.ENSP00000356247	0.0
9606.ENSP00000443824	0.0
9606.ENSP00000368516	0.0
9606.ENSP00000217270	0.0
9606.ENSP00000483110	0.0
9606.ENSP00000262648	0.0
9606.ENSP00000356162	0.0
9606.ENSP00000295619	0.0
9606.ENSP00000498190	0.0
9606.ENSP00000271331	0.0
9606.ENSP00000360530	0.0
9606.ENSP00000416387	0.0
9606.ENSP00000217372	0.0
9606.ENSP00000419782	0.0
9606.ENSP00000321810	0.0
9606.ENSP00000318486	0.0
9606.ENSP00000370839	0.0
9606.ENSP00000218867	0.0
9606.ENSP00000338191	0.0
9606.ENSP00000493900	0.0
9606.ENSP00000338343	0.0
9606.ENSP00000355133	0.0
9606.ENSP00000350310	0.0
9606.ENSP00000242729	0.0
9606.ENSP00000354912	0.0
9606.ENSP00000311837	0.0
9606.ENSP00000470152	0.0
9606.ENSP00000384084	0.0
9606.ENSP00000262018	0.0
9606.ENSP00000341940	0.0
9606.ENSP00000496268	0.0
9606.ENSP00000378965	0.0
9606.ENSP00000356515	0.0
9606.ENSP00000217386	0.0
9606.ENSP00000381105	0.0
9606.ENSP00000332225	0.0
9606.ENSP00000293330	0.0
9606.ENSP00000302814	0.0
9606.ENSP00000440185	0.0
9606.ENSP00000303452	0.0
9606.ENSP00000305372	0.0
9606.ENSP00000356205	0.0
9606.ENSP00000358963	0.0
9606.ENSP00000321106	0.0
9606.ENSP00000231368	0.0
9606.ENSP00000349003	0.0
9606.ENSP00000350198	0.0
9606.ENSP00000267377	0.0
9606.ENSP00000358210	0.0
9606.ENSP00000354652	0.0
9606.ENSP00000366233	0.0
9606.ENSP00000497810	0.0
9606.ENSP00000299766	0.0
9606.ENSP00000363748	0.0
9606.ENSP00000316244	0.0
9606.ENSP00000217402	0.0
9606.ENSP00000317468	0.0
9606.ENSP00000476412	0.0
9606.ENSP00000380998	0.0
9606.ENSP00000354772	0.0
9606.ENSP00000474823	0.0
9606.ENSP00000223500	0.0
9606.ENSP00000267202	0.0
9606.ENSP00000421380	0.0
9606.ENSP00000484263	0.0
9606.ENSP00000432279	0.0
9606.ENSP00000254950	0.0
9606.ENSP00000343742	0.0
9606.ENSP00000263904	0.0
9606.ENSP00000324810	0.0
9606.ENSP00000438399	0.0
9606.ENSP00000366565	0.0
9606.ENSP00000380794	0.0
9606.ENSP00000469240	0.0
9606.ENSP00000486574	0.0
9606.ENSP00000313601	0.0
9606.ENSP00000297265	0.0
9606.ENSP00000367299	0.0
9606.ENSP00000320416	0.0
9606.ENSP00000265562	0.0
9606.ENSP00000356602	0.0
9606.ENSP00000360642	0.0
9606.ENSP00000411825	0.0
9606.ENSP00000253794	0.0
9606.ENSP00000366746	0.0
9606.ENSP00000263856	0.0
9606.ENSP00000318629	0.0
9606.ENSP00000301765	0.0
9606.ENSP00000238497	0.0
9606.ENSP00000331201	0.0
9606.ENSP00000217407	0.0
9606.ENSP00000385519	0.0
9606.ENSP00000284818	0.0
9606.ENSP00000278379	0.0
9606.ENSP00000428417	0.0
9606.ENSP00000351614	0.0
9606.ENSP00000481301	0.0
9606.ENSP00000354111	0.0
9606.ENSP00000434364	0.0
9606.ENSP00000496339	0.0
9606.ENSP00000387549	0.0
9606.ENSP00000480050	0.0
9606.ENSP00000363229	0.0
9606.ENSP00000387694	0.0
9606.ENSP00000316909	0.0
9606.ENSP00000222256	0.0
9606.ENSP00000217423	0.0
9606.ENSP00000424501	0.0
9606.ENSP00000305731	0.0
9606.ENSP00000307540	0.0
9606.ENSP00000246895	0.0
9606.ENSP00000291568	0.0
9606.ENSP00000407422	0.0
9606.ENSP00000436812	0.0
9606.ENSP00000217426	0.0
9606.ENSP00000443965	0.0
9606.ENSP00000255192	0.0
9606.ENSP00000498336	0.0
9606.ENSP00000361894	0.0
9606.ENSP00000361287	0.0
9606.ENSP00000485527	0.0
9606.ENSP00000397261	0.0
9606.ENSP00000399415	0.0
9606.ENSP00000260508	0.0
9606.ENSP00000361603	0.0
9606.ENSP00000369456	0.0
9606.ENSP00000246194	0.0
9606.ENSP00000359976	0.0
9606.ENSP00000285243	0.0
9606.ENSP00000358814	0.0
9606.ENSP00000315931	0.0
9606.ENSP00000274353	0.0
9606.ENSP00000303147	0.0
9606.ENSP00000454804	0.0
9606.ENSP00000217446	0.0
9606.ENSP00000309430	0.0
9606.ENSP00000346809	0.0
9606.ENSP00000483640	0.0
9606.ENSP00000217455	0.0
9606.ENSP00000230048	0.0
9606.ENSP00000298248	0.0
9606.ENSP00000368605	0.0
9606.ENSP00000259407	0.0
9606.ENSP00000295030	0.0
9606.ENSP00000263093	0.0
9606.ENSP00000217456	0.0
9606.ENSP00000260257	0.0
9606.ENSP00000217515	0.0
9606.ENSP00000250101	0.0
9606.ENSP00000448051	0.0
9606.ENSP00000436152	0.0
9606.ENSP00000217740	0.0
9606.ENSP00000328340	0.0
9606.ENSP00000379457	0.0
9606.ENSP00000323889	0.0
9606.ENSP00000294119	0.0
9606.ENSP00000469981	0.0
9606.ENSP00000263383	0.0
9606.ENSP00000317331	0.0
9606.ENSP00000323811	0.0
9606.ENSP00000345282	0.0
9606.ENSP00000217909	0.0
9606.ENSP00000370479	0.0
9606.ENSP00000370447	0.0
9606.ENSP00000321309	0.0
9606.ENSP00000370990	0.0
9606.ENSP00000406197	0.0
9606.ENSP00000363414	0.0
9606.ENSP00000226230	0.0
9606.ENSP00000378803	0.0
9606.ENSP00000338330	0.0
9606.ENSP00000218004	0.0
9606.ENSP00000262844	0.0
9606.ENSP00000407182	0.0
9606.ENSP00000426978	0.0
9606.ENSP00000219169	0.0
9606.ENSP00000485586	0.0
9606.ENSP00000472530	0.0
9606.ENSP00000429986	0.0
9606.ENSP00000254998	0.0
9606.ENSP00000361544	0.0
9606.ENSP00000378504	0.0
9606.ENSP00000355847	0.0
9606.ENSP00000347046	0.0
9606.ENSP00000420295	0.0
9606.ENSP00000477796	0.0
9606.ENSP00000266395	0.0
9606.ENSP00000334910	0.0
9606.ENSP00000363389	0.0
9606.ENSP00000344794	0.0
9606.ENSP00000360502	0.0
9606.ENSP00000362049	0.0
9606.ENSP00000282096	0.0
9606.ENSP00000432973	0.0
9606.ENSP00000286063	0.0
9606.ENSP00000291539	0.0
9606.ENSP00000243052	0.0
9606.ENSP00000410309	0.0
9606.ENSP00000368452	0.0
9606.ENSP00000351957	0.0
9606.ENSP00000481244	0.0
9606.ENSP00000218068	0.0
9606.ENSP00000218075	0.0
9606.ENSP00000218089	0.0
9606.ENSP00000297338	0.0
9606.ENSP00000354957	0.0
9606.ENSP00000329097	0.0
9606.ENSP00000303427	0.0
9606.ENSP00000386414	0.0
9606.ENSP00000313851	0.0
9606.ENSP00000372689	0.0
9606.ENSP00000415579	0.0
9606.ENSP00000442788	0.0
9606.ENSP00000404092	0.0
9606.ENSP00000477973	0.0
9606.ENSP00000298767	0.0
9606.ENSP00000494538	0.0
9606.ENSP00000350036	0.0
9606.ENSP00000262815	0.0
9606.ENSP00000323421	0.0
9606.ENSP00000350447	0.0
9606.ENSP00000218099	0.0
9606.ENSP00000363079	0.0
9606.ENSP00000356771	0.0
9606.ENSP00000253496	0.0
9606.ENSP00000309640	0.0
9606.ENSP00000353393	0.0
9606.ENSP00000256785	0.0
9606.ENSP00000218104	0.0
9606.ENSP00000349016	0.0
9606.ENSP00000310688	0.0
9606.ENSP00000390722	0.0
9606.ENSP00000264167	0.0
9606.ENSP00000321271	0.0
9606.ENSP00000482609	0.0
9606.ENSP00000386385	0.0
9606.ENSP00000320885	0.0
9606.ENSP00000358312	0.0
9606.ENSP00000349543	0.0
9606.ENSP00000365049	0.0
9606.ENSP00000241041	0.0
9606.ENSP00000258873	0.0
9606.ENSP00000359233	0.0
9606.ENSP00000331106	0.0
9606.ENSP00000218176	0.0
9606.ENSP00000414886	0.0
9606.ENSP00000384719	0.0
9606.ENSP00000319591	0.0
9606.ENSP00000295225	0.0
9606.ENSP00000371587	0.0
9606.ENSP00000420040	0.0
9606.ENSP00000218230	0.0
9606.ENSP00000308479	0.0
9606.ENSP00000218249	0.0
9606.ENSP00000447300	0.0
9606.ENSP00000461785	0.0
9606.ENSP00000361716	0.0
9606.ENSP00000218316	0.0
9606.ENSP00000257068	0.0
9606.ENSP00000302811	0.0
9606.ENSP00000218340	0.0
9606.ENSP00000260746	0.0
9606.ENSP00000344942	0.0
9606.ENSP00000361866	0.0
9606.ENSP00000361708	0.0
9606.ENSP00000343535	0.0
9606.ENSP00000286614	0.0
9606.ENSP00000339328	0.0
9606.ENSP00000458585	0.0
9606.ENSP00000284987	0.0
9606.ENSP00000356975	0.0
9606.ENSP00000337816	0.0
9606.ENSP00000343674	0.0
9606.ENSP00000246186	0.0
9606.ENSP00000353767	0.0
9606.ENSP00000260302	0.0
9606.ENSP00000259470	0.0
9606.ENSP00000286657	0.0
9606.ENSP00000362108	0.0
9606.ENSP00000264162	0.0
9606.ENSP00000326227	0.0
9606.ENSP00000495247	0.0
9606.ENSP00000306459	0.0
9606.ENSP00000261416	0.0
9606.ENSP00000455114	0.0
9606.ENSP00000384794	0.0
9606.ENSP00000498660	0.0
9606.ENSP00000385207	0.0
9606.ENSP00000272252	0.0
9606.ENSP00000264382	0.0
9606.ENSP00000305692	0.0
9606.ENSP00000417764	0.0
9606.ENSP00000440045	0.0
9606.ENSP00000334216	0.0
9606.ENSP00000265316	0.0
9606.ENSP00000366506	0.0
9606.ENSP00000297504	0.0
9606.ENSP00000344155	0.0
9606.ENSP00000357835	0.0
9606.ENSP00000272286	0.0
9606.ENSP00000349396	0.0
9606.ENSP00000218721	0.0
9606.ENSP00000335074	0.0
9606.ENSP00000218758	0.0
9606.ENSP00000327557	0.0
9606.ENSP00000479089	0.0
9606.ENSP00000279028	0.0
9606.ENSP00000301691	0.0
9606.ENSP00000297350	0.0
9606.ENSP00000271651	0.0
9606.ENSP00000297581	0.0
9606.ENSP00000443827	0.0
9606.ENSP00000408292	0.0
9606.ENSP00000361302	0.0
9606.ENSP00000312624	0.0
9606.ENSP00000386881	0.0
9606.ENSP00000261534	0.0
9606.ENSP00000380349	0.0
9606.ENSP00000326570	0.0
9606.ENSP00000223528	0.0
9606.ENSP00000315371	0.0
9606.ENSP00000258428	0.0
9606.ENSP00000232607	0.0
9606.ENSP00000380241	0.0
9606.ENSP00000219069	0.0
9606.ENSP00000367202	0.0
9606.ENSP00000370473	0.0
9606.ENSP00000356191	0.0
9606.ENSP00000230990	0.0
9606.ENSP00000266085	0.0
9606.ENSP00000274938	0.0
9606.ENSP00000262768	0.0
9606.ENSP00000287814	0.0
9606.ENSP00000263726	0.0
9606.ENSP00000292616	0.0
9606.ENSP00000417291	0.0
9606.ENSP00000219139	0.0
9606.ENSP00000468592	0.0
9606.ENSP00000219150	0.0
9606.ENSP00000336914	0.0
9606.ENSP00000340211	0.0
9606.ENSP00000219162	0.0
9606.ENSP00000375863	0.0
9606.ENSP00000401564	0.0
9606.ENSP00000377681	0.0
9606.ENSP00000497402	0.0
9606.ENSP00000219197	0.0
9606.ENSP00000274711	0.0
9606.ENSP00000265459	0.0
9606.ENSP00000282020	0.0
9606.ENSP00000219204	0.0
9606.ENSP00000246747	0.0
9606.ENSP00000219207	0.0
9606.ENSP00000375649	0.0
9606.ENSP00000481006	0.0
9606.ENSP00000479097	0.0
9606.ENSP00000400533	0.0
9606.ENSP00000296028	0.0
9606.ENSP00000282141	0.0
9606.ENSP00000226524	0.0
9606.ENSP00000219240	0.0
9606.ENSP00000401264	0.0
9606.ENSP00000356218	0.0
9606.ENSP00000288699	0.0
9606.ENSP00000321584	0.0
9606.ENSP00000339850	0.0
9606.ENSP00000276651	0.0
9606.ENSP00000368637	0.0
9606.ENSP00000434343	0.0
9606.ENSP00000419851	0.0
9606.ENSP00000229314	0.0
9606.ENSP00000321606	0.0
9606.ENSP00000487136	0.0
9606.ENSP00000258662	0.0
9606.ENSP00000497744	0.0
9606.ENSP00000302851	0.0
9606.ENSP00000330032	0.0
9606.ENSP00000416515	0.0
9606.ENSP00000308535	0.0
9606.ENSP00000358695	0.0
9606.ENSP00000264220	0.0
9606.ENSP00000427985	0.0
9606.ENSP00000437041	0.0
9606.ENSP00000474090	0.0
9606.ENSP00000481684	0.0
9606.ENSP00000343690	0.0
9606.ENSP00000354416	0.0
9606.ENSP00000472467	0.0
9606.ENSP00000337065	0.0
9606.ENSP00000330898	0.0
9606.ENSP00000347345	0.0
9606.ENSP00000355961	0.0
9606.ENSP00000348168	0.0
9606.ENSP00000445001	0.0
9606.ENSP00000282892	0.0
9606.ENSP00000445757	0.0
9606.ENSP00000380054	0.0
9606.ENSP00000262027	0.0
9606.ENSP00000323720	0.0
9606.ENSP00000367406	0.0
9606.ENSP00000263205	0.0
9606.ENSP00000340823	0.0
9606.ENSP00000293777	0.0
9606.ENSP00000481920	0.0
9606.ENSP00000326767	0.0
9606.ENSP00000498791	0.0
9606.ENSP00000283875	0.0
9606.ENSP00000312709	0.0
9606.ENSP00000429065	0.0
9606.ENSP00000368318	0.0
9606.ENSP00000268711	0.0
9606.ENSP00000258648	0.0
9606.ENSP00000340271	0.0
9606.ENSP00000358497	0.0
9606.ENSP00000297347	0.0
9606.ENSP00000399982	0.0
9606.ENSP00000357047	0.0
9606.ENSP00000370193	0.0
9606.ENSP00000362068	0.0
9606.ENSP00000483842	0.0
9606.ENSP00000299638	0.0
9606.ENSP00000310260	0.0
9606.ENSP00000227474	0.0
9606.ENSP00000362532	0.0
9606.ENSP00000354633	0.0
9606.ENSP00000492220	0.0
9606.ENSP00000482438	0.0
9606.ENSP00000473290	0.0
9606.ENSP00000385722	0.0
9606.ENSP00000327889	0.0
9606.ENSP00000484525	0.0
9606.ENSP00000414237	0.0
9606.ENSP00000265350	0.0
9606.ENSP00000369695	0.0
9606.ENSP00000263997	0.0
9606.ENSP00000263390	0.0
9606.ENSP00000355051	0.0
9606.ENSP00000237380	0.0
9606.ENSP00000286317	0.0
9606.ENSP00000481733	0.0
9606.ENSP00000377969	0.0
9606.ENSP00000292035	0.0
9606.ENSP00000406549	0.0
9606.ENSP00000334564	0.0
9606.ENSP00000362948	0.0
9606.ENSP00000262809	0.0
9606.ENSP00000325612	0.0
9606.ENSP00000225728	0.0
9606.ENSP00000263974	0.0
9606.ENSP00000299424	0.0
9606.ENSP00000252674	0.0
9606.ENSP00000358854	0.0
9606.ENSP00000483328	0.0
9606.ENSP00000255764	0.0
9606.ENSP00000339495	0.0
9606.ENSP00000363250	0.0
9606.ENSP00000293860	0.0
9606.ENSP00000430338	0.0
9606.ENSP00000434466	0.0
9606.ENSP00000494277	0.0
9606.ENSP00000349204	0.0
9606.ENSP00000321537	0.0
9606.ENSP00000385848	0.0
9606.ENSP00000295797	0.0
9606.ENSP00000360672	0.0
9606.ENSP00000261681	0.0
9606.ENSP00000376333	0.0
9606.ENSP00000343144	0.0
9606.ENSP00000385450	0.0
9606.ENSP00000348461	0.0
9606.ENSP00000219271	0.0
9606.ENSP00000252011	0.0
9606.ENSP00000219299	0.0
9606.ENSP00000358575	0.0
9606.ENSP00000219302	0.0
9606.ENSP00000378743	0.0
9606.ENSP00000355587	0.0
9606.ENSP00000301825	0.0
9606.ENSP00000268057	0.0
9606.ENSP00000295240	0.0
9606.ENSP00000346577	0.0
9606.ENSP00000371230	0.0
9606.ENSP00000499935	0.0
9606.ENSP00000355689	0.0
9606.ENSP00000307674	0.0
9606.ENSP00000219479	0.0
9606.ENSP00000422375	0.0
9606.ENSP00000426786	0.0
9606.ENSP00000376886	0.0
9606.ENSP00000298545	0.0
9606.ENSP00000322524	0.0
9606.ENSP00000347213	0.0
9606.ENSP00000267584	0.0
9606.ENSP00000376889	0.0
9606.ENSP00000416658	0.0
9606.ENSP00000242067	0.0
9606.ENSP00000219315	0.0
9606.ENSP00000382163	0.0
9606.ENSP00000247225	0.0
9606.ENSP00000315137	0.0
9606.ENSP00000368305	0.0
9606.ENSP00000261407	0.0
9606.ENSP00000247992	0.0
9606.ENSP00000320043	0.0
9606.ENSP00000222284	0.0
9606.ENSP00000333142	0.0
9606.ENSP00000317300	0.0
9606.ENSP00000362123	0.0
9606.ENSP00000219368	0.0
9606.ENSP00000376103	0.0
9606.ENSP00000341662	0.0
9606.ENSP00000464814	0.0
9606.ENSP00000313377	0.0
9606.ENSP00000443795	0.0
9606.ENSP00000342015	0.0
9606.ENSP00000306425	0.0
9606.ENSP00000358496	0.0
9606.ENSP00000219406	0.0
9606.ENSP00000346635	0.0
9606.ENSP00000371219	0.0
9606.ENSP00000285735	0.0
9606.ENSP00000272233	0.0
9606.ENSP00000220509	0.0
9606.ENSP00000302111	0.0
9606.ENSP00000219439	0.0
9606.ENSP00000380856	0.0
9606.ENSP00000344220	0.0
9606.ENSP00000307305	0.0
9606.ENSP00000351207	0.0
9606.ENSP00000262304	0.0
9606.ENSP00000301068	0.0
9606.ENSP00000460380	0.0
9606.ENSP00000264335	0.0
9606.ENSP00000380074	0.0
9606.ENSP00000498382	0.0
9606.ENSP00000278671	0.0
9606.ENSP00000232501	0.0
9606.ENSP00000286234	0.0
9606.ENSP00000285071	0.0
9606.ENSP00000358423	0.0
9606.ENSP00000351015	0.0
9606.ENSP00000356832	0.0
9606.ENSP00000248975	0.0
9606.ENSP00000338613	0.0
9606.ENSP00000362092	0.0
9606.ENSP00000265960	0.0
9606.ENSP00000369899	0.0
9606.ENSP00000445408	0.0
9606.ENSP00000219478	0.0
9606.ENSP00000331577	0.0
9606.ENSP00000365840	0.0
9606.ENSP00000360939	0.0
9606.ENSP00000373674	0.0
9606.ENSP00000264093	0.0
9606.ENSP00000300283	0.0
9606.ENSP00000219481	0.0
9606.ENSP00000244769	0.0
9606.ENSP00000498255	0.0
9606.ENSP00000406463	0.0
9606.ENSP00000345464	0.0
9606.ENSP00000306449	0.0
9606.ENSP00000344166	0.0
9606.ENSP00000343001	0.0
9606.ENSP00000364805	0.0
9606.ENSP00000338814	0.0
9606.ENSP00000363809	0.0
9606.ENSP00000325677	0.0
9606.ENSP00000312107	0.0
9606.ENSP00000359727	0.0
9606.ENSP00000360613	0.0
9606.ENSP00000387362	0.0
9606.ENSP00000303394	0.0
9606.ENSP00000219551	0.0
9606.ENSP00000375914	0.0
9606.ENSP00000219596	0.0
9606.ENSP00000467123	0.0
9606.ENSP00000247470	0.0
9606.ENSP00000343325	0.0
9606.ENSP00000331857	0.0
9606.ENSP00000445135	0.0
9606.ENSP00000357112	0.0
9606.ENSP00000301295	0.0
9606.ENSP00000291971	0.0
9606.ENSP00000259206	0.0
9606.ENSP00000385428	0.0
9606.ENSP00000357123	0.0
9606.ENSP00000471896	0.0
9606.ENSP00000359552	0.0
9606.ENSP00000466285	0.0
9606.ENSP00000388566	0.0
9606.ENSP00000376849	0.0
9606.ENSP00000343891	0.0
9606.ENSP00000428657	0.0
9606.ENSP00000357122	0.0
9606.ENSP00000480401	0.0
9606.ENSP00000357113	0.0
9606.ENSP00000499211	0.0
9606.ENSP00000330696	0.0
9606.ENSP00000309767	0.0
9606.ENSP00000299481	0.0
9606.ENSP00000375653	0.0
9606.ENSP00000460475	0.0
9606.ENSP00000305424	0.0
9606.ENSP00000219599	0.0
9606.ENSP00000247194	0.0
9606.ENSP00000219611	0.0
9606.ENSP00000219746	0.0
9606.ENSP00000343847	0.0
9606.ENSP00000371194	0.0
9606.ENSP00000362727	0.0
9606.ENSP00000419881	0.0
9606.ENSP00000318944	0.0
9606.ENSP00000359665	0.0
9606.ENSP00000264864	0.0
9606.ENSP00000311447	0.0
9606.ENSP00000388631	0.0
9606.ENSP00000360431	0.0
9606.ENSP00000419879	0.0
9606.ENSP00000262764	0.0
9606.ENSP00000357869	0.0
9606.ENSP00000361667	0.0
9606.ENSP00000266505	0.0
9606.ENSP00000362608	0.0
9606.ENSP00000398596	0.0
9606.ENSP00000295887	0.0
9606.ENSP00000368140	0.0
9606.ENSP00000391739	0.0
9606.ENSP00000219833	0.0
9606.ENSP00000275300	0.0
9606.ENSP00000455711	0.0
9606.ENSP00000367102	0.0
9606.ENSP00000327943	0.0
9606.ENSP00000501053	0.0
9606.ENSP00000219837	0.0
9606.ENSP00000324901	0.0
9606.ENSP00000263805	0.0
9606.ENSP00000314029	0.0
9606.ENSP00000436786	0.0
9606.ENSP00000387393	0.0
9606.ENSP00000363124	0.0
9606.ENSP00000349640	0.0
9606.ENSP00000301396	0.0
9606.ENSP00000309555	0.0
9606.ENSP00000364037	0.0
9606.ENSP00000391457	0.0
9606.ENSP00000363944	0.0
9606.ENSP00000293599	0.0
9606.ENSP00000351706	0.0
9606.ENSP00000401720	0.0
9606.ENSP00000484715	0.0
9606.ENSP00000248594	0.0
9606.ENSP00000220597	0.0
9606.ENSP00000276420	0.0
9606.ENSP00000461269	0.0
9606.ENSP00000233668	0.0
9606.ENSP00000476145	0.0
9606.ENSP00000349727	0.0
9606.ENSP00000481109	0.0
9606.ENSP00000220058	0.0
9606.ENSP00000478253	0.0
9606.ENSP00000309126	0.0
9606.ENSP00000282276	0.0
9606.ENSP00000360638	0.0
9606.ENSP00000235521	0.0
9606.ENSP00000377617	0.0
9606.ENSP00000441000	0.0
9606.ENSP00000419740	0.0
9606.ENSP00000379108	0.0
9606.ENSP00000371201	0.0
9606.ENSP00000402038	0.0
9606.ENSP00000220166	0.0
9606.ENSP00000499683	0.0
9606.ENSP00000259818	0.0
9606.ENSP00000346886	0.0
9606.ENSP00000248643	0.0
9606.ENSP00000309595	0.0
9606.ENSP00000371308	0.0
9606.ENSP00000347444	0.0
9606.ENSP00000465759	0.0
9606.ENSP00000369703	0.0
9606.ENSP00000355471	0.0
9606.ENSP00000220496	0.0
9606.ENSP00000220507	0.0
9606.ENSP00000278568	0.0
9606.ENSP00000469413	0.0
9606.ENSP00000453858	0.0
9606.ENSP00000495631	0.0
9606.ENSP00000314067	0.0
9606.ENSP00000481126	0.0
9606.ENSP00000325681	0.0
9606.ENSP00000309457	0.0
9606.ENSP00000314544	0.0
9606.ENSP00000335193	0.0
9606.ENSP00000369810	0.0
9606.ENSP00000362116	0.0
9606.ENSP00000243298	0.0
9606.ENSP00000479762	0.0
9606.ENSP00000495563	0.0
9606.ENSP00000377027	0.0
9606.ENSP00000327650	0.0
9606.ENSP00000487164	0.0
9606.ENSP00000282074	0.0
9606.ENSP00000290130	0.0
9606.ENSP00000319417	0.0
9606.ENSP00000265036	0.0
9606.ENSP00000309790	0.0
9606.ENSP00000261797	0.0
9606.ENSP00000359506	0.0
9606.ENSP00000478754	0.0
9606.ENSP00000381216	0.0
9606.ENSP00000258416	0.0
9606.ENSP00000352438	0.0
9606.ENSP00000373272	0.0
9606.ENSP00000338173	0.0
9606.ENSP00000336783	0.0
9606.ENSP00000242351	0.0
9606.ENSP00000346762	0.0
9606.ENSP00000466111	0.0
9606.ENSP00000256079	0.0
9606.ENSP00000401946	0.0
9606.ENSP00000300146	0.0
9606.ENSP00000261254	0.0
9606.ENSP00000432845	0.0
9606.ENSP00000350170	0.0
9606.ENSP00000379144	0.0
9606.ENSP00000351811	0.0
9606.ENSP00000338235	0.0
9606.ENSP00000386894	0.0
9606.ENSP00000307181	0.0
9606.ENSP00000362774	0.0
9606.ENSP00000359049	0.0
9606.ENSP00000393324	0.0
9606.ENSP00000356669	0.0
9606.ENSP00000374332	0.0
9606.ENSP00000471239	0.0
9606.ENSP00000280154	0.0
9606.ENSP00000476386	0.0
9606.ENSP00000497422	0.0
9606.ENSP00000250113	0.0
9606.ENSP00000373715	0.0
9606.ENSP00000481038	0.0
9606.ENSP00000265351	0.0
9606.ENSP00000399797	0.0
9606.ENSP00000357097	0.0
9606.ENSP00000220616	0.0
9606.ENSP00000378401	0.0
9606.ENSP00000269299	0.0
9606.ENSP00000222248	0.0
9606.ENSP00000364265	0.0
9606.ENSP00000347140	0.0
9606.ENSP00000319705	0.0
9606.ENSP00000360269	0.0
9606.ENSP00000329869	0.0
9606.ENSP00000451419	0.0
9606.ENSP00000441235	0.0
9606.ENSP00000499129	0.0
9606.ENSP00000354280	0.0
9606.ENSP00000321108	0.0
9606.ENSP00000361219	0.0
9606.ENSP00000348510	0.0
9606.ENSP00000361180	0.0
9606.ENSP00000263956	0.0
9606.ENSP00000358320	0.0
9606.ENSP00000498469	0.0
9606.ENSP00000352536	0.0
9606.ENSP00000357863	0.0
9606.ENSP00000448387	0.0
9606.ENSP00000220669	0.0
9606.ENSP00000254691	0.0
9606.ENSP00000407763	0.0
9606.ENSP00000391747	0.0
9606.ENSP00000220764	0.0
9606.ENSP00000396445	0.0
9606.ENSP00000233948	0.0
9606.ENSP00000301061	0.0
9606.ENSP00000272164	0.0
9606.ENSP00000340677	0.0
9606.ENSP00000433112	0.0
9606.ENSP00000285311	0.0
9606.ENSP00000341032	0.0
9606.ENSP00000286574	0.0
9606.ENSP00000220812	0.0
9606.ENSP00000285018	0.0
9606.ENSP00000258411	0.0
9606.ENSP00000363081	0.0
9606.ENSP00000290015	0.0
9606.ENSP00000478721	0.0
9606.ENSP00000265441	0.0
9606.ENSP00000358698	0.0
9606.ENSP00000225512	0.0
9606.ENSP00000222462	0.0
9606.ENSP00000415786	0.0
9606.ENSP00000444586	0.0
9606.ENSP00000422464	0.0
9606.ENSP00000333203	0.0
9606.ENSP00000223864	0.0
9606.ENSP00000295777	0.0
9606.ENSP00000331242	0.0
9606.ENSP00000295113	0.0
9606.ENSP00000220822	0.0
9606.ENSP00000256190	0.0
9606.ENSP00000255078	0.0
9606.ENSP00000223136	0.0
9606.ENSP00000423660	0.0
9606.ENSP00000354900	0.0
9606.ENSP00000285208	0.0
9606.ENSP00000379353	0.0
9606.ENSP00000352513	0.0
9606.ENSP00000349856	0.0
9606.ENSP00000334037	0.0
9606.ENSP00000403210	0.0
9606.ENSP00000267750	0.0
9606.ENSP00000253457	0.0
9606.ENSP00000399457	0.0
9606.ENSP00000410964	0.0
9606.ENSP00000306220	0.0
9606.ENSP00000256545	0.0
9606.ENSP00000380322	0.0
9606.ENSP00000414906	0.0
9606.ENSP00000240055	0.0
9606.ENSP00000345702	0.0
9606.ENSP00000318016	0.0
9606.ENSP00000220966	0.0
9606.ENSP00000384949	0.0
9606.ENSP00000226299	0.0
9606.ENSP00000301175	0.0
9606.ENSP00000342502	0.0
9606.ENSP00000369677	0.0
9606.ENSP00000221114	0.0
9606.ENSP00000254286	0.0
9606.ENSP00000263168	0.0
9606.ENSP00000340176	0.0
9606.ENSP00000273130	0.0
9606.ENSP00000371825	0.0
9606.ENSP00000353785	0.0
9606.ENSP00000252071	0.0
9606.ENSP00000354947	0.0
9606.ENSP00000300087	0.0
9606.ENSP00000258198	0.0
9606.ENSP00000259632	0.0
9606.ENSP00000289228	0.0
9606.ENSP00000380690	0.0
9606.ENSP00000358921	0.0
9606.ENSP00000334002	0.0
9606.ENSP00000256001	0.0
9606.ENSP00000377192	0.0
9606.ENSP00000371388	0.0
9606.ENSP00000368727	0.0
9606.ENSP00000484644	0.0
9606.ENSP00000287295	0.0
9606.ENSP00000362463	0.0
9606.ENSP00000295304	0.0
9606.ENSP00000270776	0.0
9606.ENSP00000338964	0.0
9606.ENSP00000263461	0.0
9606.ENSP00000259339	0.0
9606.ENSP00000345719	0.0
9606.ENSP00000255409	0.0
9606.ENSP00000310263	0.0
9606.ENSP00000349324	0.0
9606.ENSP00000381461	0.0
9606.ENSP00000355812	0.0
9606.ENSP00000261475	0.0
9606.ENSP00000356579	0.0
9606.ENSP00000382021	0.0
9606.ENSP00000358541	0.0
9606.ENSP00000340125	0.0
9606.ENSP00000253925	0.0
9606.ENSP00000349124	0.0
9606.ENSP00000429744	0.0
9606.ENSP00000479216	0.0
9606.ENSP00000492384	0.0
9606.ENSP00000282412	0.0
9606.ENSP00000483228	0.0
9606.ENSP00000379364	0.0
9606.ENSP00000358865	0.0
9606.ENSP00000399403	0.0
9606.ENSP00000257860	0.0
9606.ENSP00000375810	0.0
9606.ENSP00000363071	0.0
9606.ENSP00000259708	0.0
9606.ENSP00000414982	0.0
9606.ENSP00000441913	0.0
9606.ENSP00000357206	0.0
9606.ENSP00000408979	0.0
9606.ENSP00000221200	0.0
9606.ENSP00000264331	0.0
9606.ENSP00000417401	0.0
9606.ENSP00000497948	0.0
9606.ENSP00000364543	0.0
9606.ENSP00000315569	0.0
9606.ENSP00000364639	0.0
9606.ENSP00000273668	0.0
9606.ENSP00000379267	0.0
9606.ENSP00000237853	0.0
9606.ENSP00000378578	0.0
9606.ENSP00000261520	0.0
9606.ENSP00000368459	0.0
9606.ENSP00000358478	0.0
9606.ENSP00000296564	0.0
9606.ENSP00000414851	0.0
9606.ENSP00000320346	0.0
9606.ENSP00000265343	0.0
9606.ENSP00000221307	0.0
9606.ENSP00000360247	0.0
9606.ENSP00000360576	0.0
9606.ENSP00000354612	0.0
9606.ENSP00000221700	0.0
9606.ENSP00000228740	0.0
9606.ENSP00000477567	0.0
9606.ENSP00000369530	0.0
9606.ENSP00000221399	0.0
9606.ENSP00000221403	0.0
9606.ENSP00000369814	0.0
9606.ENSP00000453129	0.0
9606.ENSP00000370129	0.0
9606.ENSP00000225614	0.0
9606.ENSP00000370254	0.0
9606.ENSP00000389241	0.0
9606.ENSP00000221418	0.0
9606.ENSP00000343657	0.0
9606.ENSP00000265866	0.0
9606.ENSP00000282486	0.0
9606.ENSP00000311747	0.0
9606.ENSP00000354346	0.0
9606.ENSP00000376309	0.0
9606.ENSP00000358635	0.0
9606.ENSP00000355011	0.0
9606.ENSP00000400433	0.0
9606.ENSP00000318195	0.0
9606.ENSP00000316042	0.0
9606.ENSP00000421863	0.0
9606.ENSP00000361927	0.0
9606.ENSP00000483254	0.0
9606.ENSP00000349748	0.0
9606.ENSP00000404121	0.0
9606.ENSP00000378284	0.0
9606.ENSP00000276079	0.0
9606.ENSP00000313829	0.0
9606.ENSP00000221444	0.0
9606.ENSP00000252826	0.0
9606.ENSP00000396915	0.0
9606.ENSP00000302719	0.0
9606.ENSP00000386532	0.0
9606.ENSP00000396320	0.0
9606.ENSP00000351407	0.0
9606.ENSP00000343701	0.0
9606.ENSP00000380109	0.0
9606.ENSP00000221455	0.0
9606.ENSP00000405405	0.0
9606.ENSP00000327760	0.0
9606.ENSP00000479322	0.0
9606.ENSP00000307939	0.0
9606.ENSP00000335614	0.0
9606.ENSP00000263710	0.0
9606.ENSP00000221459	0.0
9606.ENSP00000494788	0.0
9606.ENSP00000428182	0.0
9606.ENSP00000272430	0.0
9606.ENSP00000278193	0.0
9606.ENSP00000265381	0.0
9606.ENSP00000381430	0.0
9606.ENSP00000221462	0.0
9606.ENSP00000221476	0.0
9606.ENSP00000361636	0.0
9606.ENSP00000370975	0.0
9606.ENSP00000369855	0.0
9606.ENSP00000404203	0.0
9606.ENSP00000299198	0.0
9606.ENSP00000280706	0.0
9606.ENSP00000431813	0.0
9606.ENSP00000352272	0.0
9606.ENSP00000403536	0.0
9606.ENSP00000371336	0.0
9606.ENSP00000221480	0.0
9606.ENSP00000300056	0.0
9606.ENSP00000315680	0.0
9606.ENSP00000240874	0.0
9606.ENSP00000334382	0.0
9606.ENSP00000374205	0.0
9606.ENSP00000434241	0.0
9606.ENSP00000259455	0.0
9606.ENSP00000486676	0.0
9606.ENSP00000308193	0.0
9606.ENSP00000313350	0.0
9606.ENSP00000313854	0.0
9606.ENSP00000337623	0.0
9606.ENSP00000328835	0.0
9606.ENSP00000365477	0.0
9606.ENSP00000493536	0.0
9606.ENSP00000437738	0.0
9606.ENSP00000466025	0.0
9606.ENSP00000378165	0.0
9606.ENSP00000328269	0.0
9606.ENSP00000263697	0.0
9606.ENSP00000380033	0.0
9606.ENSP00000401907	0.0
9606.ENSP00000435712	0.0
9606.ENSP00000294954	0.0
9606.ENSP00000367942	0.0
9606.ENSP00000289749	0.0
9606.ENSP00000416606	0.0
9606.ENSP00000369816	0.0
9606.ENSP00000257863	0.0
9606.ENSP00000369017	0.0
9606.ENSP00000384708	0.0
9606.ENSP00000361107	0.0
9606.ENSP00000497217	0.0
9606.ENSP00000405004	0.0
9606.ENSP00000371711	0.0
9606.ENSP00000252677	0.0
9606.ENSP00000362690	0.0
9606.ENSP00000221498	0.0
9606.ENSP00000404220	0.0
9606.ENSP00000425493	0.0
9606.ENSP00000333547	0.0
9606.ENSP00000349616	0.0
9606.ENSP00000361883	0.0
9606.ENSP00000360522	0.0
9606.ENSP00000323587	0.0
9606.ENSP00000468253	0.0
9606.ENSP00000312652	0.0
9606.ENSP00000342109	0.0
9606.ENSP00000418009	0.0
9606.ENSP00000391800	0.0
9606.ENSP00000221538	0.0
9606.ENSP00000252655	0.0
9606.ENSP00000291536	0.0
9606.ENSP00000382140	0.0
9606.ENSP00000367154	0.0
9606.ENSP00000270223	0.0
9606.ENSP00000412150	0.0
9606.ENSP00000265062	0.0
9606.ENSP00000221561	0.0
9606.ENSP00000295206	0.0
9606.ENSP00000357556	0.0
9606.ENSP00000387180	0.0
9606.ENSP00000358703	0.0
9606.ENSP00000492311	0.0
9606.ENSP00000452871	0.0
9606.ENSP00000365720	0.0
9606.ENSP00000466542	0.0
9606.ENSP00000365682	0.0
9606.ENSP00000328596	0.0
9606.ENSP00000246112	0.0
9606.ENSP00000346120	0.0
9606.ENSP00000276173	0.0
9606.ENSP00000221566	0.0
9606.ENSP00000496813	0.0
9606.ENSP00000302843	0.0
9606.ENSP00000265857	0.0
9606.ENSP00000358674	0.0
9606.ENSP00000466379	0.0
9606.ENSP00000404381	0.0
9606.ENSP00000297156	0.0
9606.ENSP00000345575	0.0
9606.ENSP00000365131	0.0
9606.ENSP00000221665	0.0
9606.ENSP00000221996	0.0
9606.ENSP00000221671	0.0
9606.ENSP00000380116	0.0
9606.ENSP00000221742	0.0
9606.ENSP00000432568	0.0
9606.ENSP00000262352	0.0
9606.ENSP00000221797	0.0
9606.ENSP00000397679	0.0
9606.ENSP00000330658	0.0
9606.ENSP00000422626	0.0
9606.ENSP00000372067	0.0
9606.ENSP00000318966	0.0
9606.ENSP00000274054	0.0
9606.ENSP00000343103	0.0
9606.ENSP00000483001	0.0
9606.ENSP00000396441	0.0
9606.ENSP00000355609	0.0
9606.ENSP00000302886	0.0
9606.ENSP00000225698	0.0
9606.ENSP00000473383	0.0
9606.ENSP00000446271	0.0
9606.ENSP00000361982	0.0
9606.ENSP00000303276	0.0
9606.ENSP00000221847	0.0
9606.ENSP00000303231	0.0
9606.ENSP00000221855	0.0
9606.ENSP00000361967	0.0
9606.ENSP00000318697	0.0
9606.ENSP00000495202	0.0
9606.ENSP00000347719	0.0
9606.ENSP00000439170	0.0
9606.ENSP00000494359	0.0
9606.ENSP00000342938	0.0
9606.ENSP00000423309	0.0
9606.ENSP00000221891	0.0
9606.ENSP00000435637	0.0
9606.ENSP00000477213	0.0
9606.ENSP00000460236	0.0
9606.ENSP00000318585	0.0
9606.ENSP00000241014	0.0
9606.ENSP00000346378	0.0
9606.ENSP00000427211	0.0
9606.ENSP00000221922	0.0
9606.ENSP00000386156	0.0
9606.ENSP00000328625	0.0
9606.ENSP00000287727	0.0
9606.ENSP00000373700	0.0
9606.ENSP00000270077	0.0
9606.ENSP00000266646	0.0
9606.ENSP00000355785	0.0
9606.ENSP00000384126	0.0
9606.ENSP00000373574	0.0
9606.ENSP00000285407	0.0
9606.ENSP00000301873	0.0
9606.ENSP00000272190	0.0
9606.ENSP00000485117	0.0
9606.ENSP00000364694	0.0
9606.ENSP00000340361	0.0
9606.ENSP00000306864	0.0
9606.ENSP00000272134	0.0
9606.ENSP00000386043	0.0
9606.ENSP00000261978	0.0
9606.ENSP00000308970	0.0
9606.ENSP00000401853	0.0
9606.ENSP00000311905	0.0
9606.ENSP00000295633	0.0
9606.ENSP00000287097	0.0
9606.ENSP00000254958	0.0
9606.ENSP00000493252	0.0
9606.ENSP00000362299	0.0
9606.ENSP00000308716	0.0
9606.ENSP00000369318	0.0
9606.ENSP00000451506	0.0
9606.ENSP00000478893	0.0
9606.ENSP00000322898	0.0
9606.ENSP00000385361	0.0
9606.ENSP00000348888	0.0
9606.ENSP00000356936	0.0
9606.ENSP00000329312	0.0
9606.ENSP00000377494	0.0
9606.ENSP00000264376	0.0
9606.ENSP00000497249	0.0
9606.ENSP00000346805	0.0
9606.ENSP00000360811	0.0
9606.ENSP00000498905	0.0
9606.ENSP00000352540	0.0
9606.ENSP00000221980	0.0
9606.ENSP00000329797	0.0
9606.ENSP00000355124	0.0
9606.ENSP00000314151	0.0
9606.ENSP00000372313	0.0
9606.ENSP00000301258	0.0
9606.ENSP00000263735	0.0
9606.ENSP00000448012	0.0
9606.ENSP00000376686	0.0
9606.ENSP00000358886	0.0
9606.ENSP00000311538	0.0
9606.ENSP00000296271	0.0
9606.ENSP00000382895	0.0
9606.ENSP00000232461	0.0
9606.ENSP00000295900	0.0
9606.ENSP00000410759	0.0
9606.ENSP00000439585	0.0
9606.ENSP00000295408	0.0
9606.ENSP00000463151	0.0
9606.ENSP00000377176	0.0
9606.ENSP00000262340	0.0
9606.ENSP00000385158	0.0
9606.ENSP00000312129	0.0
9606.ENSP00000295108	0.0
9606.ENSP00000323455	0.0
9606.ENSP00000345096	0.0
9606.ENSP00000226193	0.0
9606.ENSP00000222002	0.0
9606.ENSP00000356959	0.0
9606.ENSP00000252825	0.0
9606.ENSP00000360329	0.0
9606.ENSP00000464036	0.0
9606.ENSP00000222008	0.0
9606.ENSP00000427018	0.0
9606.ENSP00000334319	0.0
9606.ENSP00000368959	0.0
9606.ENSP00000451962	0.0
9606.ENSP00000273258	0.0
9606.ENSP00000343435	0.0
9606.ENSP00000222032	0.0
9606.ENSP00000339251	0.0
9606.ENSP00000222033	0.0
9606.ENSP00000467537	0.0
9606.ENSP00000493901	0.0
9606.ENSP00000222115	0.0
9606.ENSP00000319501	0.0
9606.ENSP00000266031	0.0
9606.ENSP00000222120	0.0
9606.ENSP00000222122	0.0
9606.ENSP00000290401	0.0
9606.ENSP00000420525	0.0
9606.ENSP00000481249	0.0
9606.ENSP00000264834	0.0
9606.ENSP00000494504	0.0
9606.ENSP00000252723	0.0
9606.ENSP00000409346	0.0
9606.ENSP00000222145	0.0
9606.ENSP00000260526	0.0
9606.ENSP00000378015	0.0
9606.ENSP00000222219	0.0
9606.ENSP00000339524	0.0
9606.ENSP00000359699	0.0
9606.ENSP00000385905	0.0
9606.ENSP00000222224	0.0
9606.ENSP00000309538	0.0
9606.ENSP00000376472	0.0
9606.ENSP00000417559	0.0
9606.ENSP00000398131	0.0
9606.ENSP00000371117	0.0
9606.ENSP00000402849	0.0
9606.ENSP00000224073	0.0
9606.ENSP00000385415	0.0
9606.ENSP00000495128	0.0
9606.ENSP00000449026	0.0
9606.ENSP00000258821	0.0
9606.ENSP00000345917	0.0
9606.ENSP00000298310	0.0
9606.ENSP00000397103	0.0
9606.ENSP00000416249	0.0
9606.ENSP00000326128	0.0
9606.ENSP00000363384	0.0
9606.ENSP00000448035	0.0
9606.ENSP00000384477	0.0
9606.ENSP00000295770	0.0
9606.ENSP00000313603	0.0
9606.ENSP00000371141	0.0
9606.ENSP00000420477	0.0
9606.ENSP00000266604	0.0
9606.ENSP00000478783	0.0
9606.ENSP00000384214	0.0
9606.ENSP00000364965	0.0
9606.ENSP00000369965	0.0
9606.ENSP00000246117	0.0
9606.ENSP00000339001	0.0
9606.ENSP00000409832	0.0
9606.ENSP00000427802	0.0
9606.ENSP00000355421	0.0
9606.ENSP00000480514	0.0
9606.ENSP00000225388	0.0
9606.ENSP00000471455	0.0
9606.ENSP00000491865	0.0
9606.ENSP00000483811	0.0
9606.ENSP00000484668	0.0
9606.ENSP00000225726	0.0
9606.ENSP00000478568	0.0
9606.ENSP00000416293	0.0
9606.ENSP00000448083	0.0
9606.ENSP00000229447	0.0
9606.ENSP00000320663	0.0
9606.ENSP00000480157	0.0
9606.ENSP00000347942	0.0
9606.ENSP00000381034	0.0
9606.ENSP00000417601	0.0
9606.ENSP00000246551	0.0
9606.ENSP00000360280	0.0
9606.ENSP00000361009	0.0
9606.ENSP00000392812	0.0
9606.ENSP00000361202	0.0
9606.ENSP00000499037	0.0
9606.ENSP00000299084	0.0
9606.ENSP00000339826	0.0
9606.ENSP00000264637	0.0
9606.ENSP00000387282	0.0
9606.ENSP00000382177	0.0
9606.ENSP00000272371	0.0
9606.ENSP00000360718	0.0
9606.ENSP00000328977	0.0
9606.ENSP00000268989	0.0
9606.ENSP00000362080	0.0
9606.ENSP00000296452	0.0
9606.ENSP00000369538	0.0
9606.ENSP00000395220	0.0
9606.ENSP00000248929	0.0
9606.ENSP00000261655	0.0
9606.ENSP00000254442	0.0
9606.ENSP00000345824	0.0
9606.ENSP00000351832	0.0
9606.ENSP00000438388	0.0
9606.ENSP00000411418	0.0
9606.ENSP00000374036	0.0
9606.ENSP00000450337	0.0
9606.ENSP00000378313	0.0
9606.ENSP00000350386	0.0
9606.ENSP00000264605	0.0
9606.ENSP00000394071	0.0
9606.ENSP00000399679	0.0
9606.ENSP00000422554	0.0
9606.ENSP00000247153	0.0
9606.ENSP00000383894	0.0
9606.ENSP00000373472	0.0
9606.ENSP00000362870	0.0
9606.ENSP00000274341	0.0
9606.ENSP00000361834	0.0
9606.ENSP00000382274	0.0
9606.ENSP00000222286	0.0
9606.ENSP00000313432	0.0
9606.ENSP00000416583	0.0
9606.ENSP00000437783	0.0
9606.ENSP00000378731	0.0
9606.ENSP00000376840	0.0
9606.ENSP00000305995	0.0
9606.ENSP00000497767	0.0
9606.ENSP00000498665	0.0
9606.ENSP00000389175	0.0
9606.ENSP00000222305	0.0
9606.ENSP00000357000	0.0
9606.ENSP00000349156	0.0
9606.ENSP00000366474	0.0
9606.ENSP00000451188	0.0
9606.ENSP00000222345	0.0
9606.ENSP00000353496	0.0
9606.ENSP00000222374	0.0
9606.ENSP00000357110	0.0
9606.ENSP00000357106	0.0
9606.ENSP00000265627	0.0
9606.ENSP00000264381	0.0
9606.ENSP00000222388	0.0
9606.ENSP00000478255	0.0
9606.ENSP00000360798	0.0
9606.ENSP00000421801	0.0
9606.ENSP00000301244	0.0
9606.ENSP00000262626	0.0
9606.ENSP00000383185	0.0
9606.ENSP00000431775	0.0
9606.ENSP00000480680	0.0
9606.ENSP00000257414	0.0
9606.ENSP00000400010	0.0
9606.ENSP00000342098	0.0
9606.ENSP00000296474	0.0
9606.ENSP00000414350	0.0
9606.ENSP00000377779	0.0
9606.ENSP00000242719	0.0
9606.ENSP00000370297	0.0
9606.ENSP00000266066	0.0
9606.ENSP00000322304	0.0
9606.ENSP00000309772	0.0
9606.ENSP00000410715	0.0
9606.ENSP00000274063	0.0
9606.ENSP00000387310	0.0
9606.ENSP00000264265	0.0
9606.ENSP00000250378	0.0
9606.ENSP00000223215	0.0
9606.ENSP00000222511	0.0
9606.ENSP00000316598	0.0
9606.ENSP00000298317	0.0
9606.ENSP00000490747	0.0
9606.ENSP00000306080	0.0
9606.ENSP00000419370	0.0
9606.ENSP00000323047	0.0
9606.ENSP00000480378	0.0
9606.ENSP00000222543	0.0
9606.ENSP00000381823	0.0
9606.ENSP00000306881	0.0
9606.ENSP00000264454	0.0
9606.ENSP00000310521	0.0
9606.ENSP00000343405	0.0
9606.ENSP00000280551	0.0
9606.ENSP00000352904	0.0
9606.ENSP00000366007	0.0
9606.ENSP00000449716	0.0
9606.ENSP00000480405	0.0
9606.ENSP00000245552	0.0
9606.ENSP00000495112	0.0
9606.ENSP00000339479	0.0
9606.ENSP00000433415	0.0
9606.ENSP00000404843	0.0
9606.ENSP00000480091	0.0
9606.ENSP00000379032	0.0
9606.ENSP00000331103	0.0
9606.ENSP00000392423	0.0
9606.ENSP00000373433	0.0
9606.ENSP00000258969	0.0
9606.ENSP00000265379	0.0
9606.ENSP00000222574	0.0
9606.ENSP00000222584	0.0
9606.ENSP00000381213	0.0
9606.ENSP00000425824	0.0
9606.ENSP00000418070	0.0
9606.ENSP00000447488	0.0
9606.ENSP00000377668	0.0
9606.ENSP00000341657	0.0
9606.ENSP00000277942	0.0
9606.ENSP00000355385	0.0
9606.ENSP00000261326	0.0
9606.ENSP00000356545	0.0
9606.ENSP00000349541	0.0
9606.ENSP00000360423	0.0
9606.ENSP00000222718	0.0
9606.ENSP00000222726	0.0
9606.ENSP00000484411	0.0
9606.ENSP00000307971	0.0
9606.ENSP00000349490	0.0
9606.ENSP00000378650	0.0
9606.ENSP00000364902	0.0
9606.ENSP00000242159	0.0
9606.ENSP00000309336	0.0
9606.ENSP00000302548	0.0
9606.ENSP00000364190	0.0
9606.ENSP00000328928	0.0
9606.ENSP00000343619	0.0
9606.ENSP00000239165	0.0
9606.ENSP00000362588	0.0
9606.ENSP00000222728	0.0
9606.ENSP00000399808	0.0
9606.ENSP00000239151	0.0
9606.ENSP00000476742	0.0
9606.ENSP00000420009	0.0
9606.ENSP00000222747	0.0
9606.ENSP00000309606	0.0
9606.ENSP00000495811	0.0
9606.ENSP00000222792	0.0
9606.ENSP00000387164	0.0
9606.ENSP00000371985	0.0
9606.ENSP00000453293	0.0
9606.ENSP00000378464	0.0
9606.ENSP00000360806	0.0
9606.ENSP00000362711	0.0
9606.ENSP00000407118	0.0
9606.ENSP00000371291	0.0
9606.ENSP00000268164	0.0
9606.ENSP00000351206	0.0
9606.ENSP00000299721	0.0
9606.ENSP00000346265	0.0
9606.ENSP00000367208	0.0
9606.ENSP00000448165	0.0
9606.ENSP00000354932	0.0
9606.ENSP00000222968	0.0
9606.ENSP00000336528	0.0
9606.ENSP00000312304	0.0
9606.ENSP00000307259	0.0
9606.ENSP00000222990	0.0
9606.ENSP00000310620	0.0
9606.ENSP00000230085	0.0
9606.ENSP00000261889	0.0
9606.ENSP00000366998	0.0
9606.ENSP00000299138	0.0
9606.ENSP00000498872	0.0
9606.ENSP00000263559	0.0
9606.ENSP00000480853	0.0
9606.ENSP00000355809	0.0
9606.ENSP00000354251	0.0
9606.ENSP00000484060	0.0
9606.ENSP00000432472	0.0
9606.ENSP00000315659	0.0
9606.ENSP00000294129	0.0
9606.ENSP00000293373	0.0
9606.ENSP00000440945	0.0
9606.ENSP00000383178	0.0
9606.ENSP00000316729	0.0
9606.ENSP00000271234	0.0
9606.ENSP00000376024	0.0
9606.ENSP00000348602	0.0
9606.ENSP00000373347	0.0
9606.ENSP00000320117	0.0
9606.ENSP00000413625	0.0
9606.ENSP00000253083	0.0
9606.ENSP00000228825	0.0
9606.ENSP00000288235	0.0
9606.ENSP00000371798	0.0
9606.ENSP00000388169	0.0
9606.ENSP00000386722	0.0
9606.ENSP00000368190	0.0
9606.ENSP00000345361	0.0
9606.ENSP00000335055	0.0
9606.ENSP00000394051	0.0
9606.ENSP00000484342	0.0
9606.ENSP00000473001	0.0
9606.ENSP00000262942	0.0
9606.ENSP00000370719	0.0
9606.ENSP00000459615	0.0
9606.ENSP00000348471	0.0
9606.ENSP00000294742	0.0
9606.ENSP00000347244	0.0
9606.ENSP00000494550	0.0
9606.ENSP00000376367	0.0
9606.ENSP00000393776	0.0
9606.ENSP00000242140	0.0
9606.ENSP00000223026	0.0
9606.ENSP00000223029	0.0
9606.ENSP00000359804	0.0
9606.ENSP00000264161	0.0
9606.ENSP00000377954	0.0
9606.ENSP00000231572	0.0
9606.ENSP00000261772	0.0
9606.ENSP00000378191	0.0
9606.ENSP00000498867	0.0
9606.ENSP00000369038	0.0
9606.ENSP00000364794	0.0
9606.ENSP00000223061	0.0
9606.ENSP00000363840	0.0
9606.ENSP00000253107	0.0
9606.ENSP00000280190	0.0
9606.ENSP00000352021	0.0
9606.ENSP00000377385	0.0
9606.ENSP00000304767	0.0
9606.ENSP00000323872	0.0
9606.ENSP00000323858	0.0
9606.ENSP00000233813	0.0
9606.ENSP00000362776	0.0
9606.ENSP00000381949	0.0
9606.ENSP00000307143	0.0
9606.ENSP00000349823	0.0
9606.ENSP00000247815	0.0
9606.ENSP00000354361	0.0
9606.ENSP00000420860	0.0
9606.ENSP00000310356	0.0
9606.ENSP00000317039	0.0
9606.ENSP00000336701	0.0
9606.ENSP00000354681	0.0
9606.ENSP00000257548	0.0
9606.ENSP00000302037	0.0
9606.ENSP00000318480	0.0
9606.ENSP00000385110	0.0
9606.ENSP00000379057	0.0
9606.ENSP00000351813	0.0
9606.ENSP00000351132	0.0
9606.ENSP00000260385	0.0
9606.ENSP00000223145	0.0
9606.ENSP00000340373	0.0
9606.ENSP00000263433	0.0
9606.ENSP00000365162	0.0
9606.ENSP00000378288	0.0
9606.ENSP00000274643	0.0
9606.ENSP00000223208	0.0
9606.ENSP00000377043	0.0
9606.ENSP00000386264	0.0
9606.ENSP00000486502	0.0
9606.ENSP00000497164	0.0
9606.ENSP00000340292	0.0
9606.ENSP00000493728	0.0
9606.ENSP00000326581	0.0
9606.ENSP00000418944	0.0
9606.ENSP00000353734	0.0
9606.ENSP00000418259	0.0
9606.ENSP00000223273	0.0
9606.ENSP00000482786	0.0
9606.ENSP00000223293	0.0
9606.ENSP00000315474	0.0
9606.ENSP00000302833	0.0
9606.ENSP00000413029	0.0
9606.ENSP00000288607	0.0
9606.ENSP00000390647	0.0
9606.ENSP00000287844	0.0
9606.ENSP00000485698	0.0
9606.ENSP00000359859	0.0
9606.ENSP00000427004	0.0
9606.ENSP00000411471	0.0
9606.ENSP00000499593	0.0
9606.ENSP00000365663	0.0
9606.ENSP00000354488	0.0
9606.ENSP00000290378	0.0
9606.ENSP00000349678	0.0
9606.ENSP00000332208	0.0
9606.ENSP00000438804	0.0
9606.ENSP00000441065	0.0
9606.ENSP00000370421	0.0
9606.ENSP00000480291	0.0
9606.ENSP00000419361	0.0
9606.ENSP00000260599	0.0
9606.ENSP00000312250	0.0
9606.ENSP00000365601	0.0
9606.ENSP00000323568	0.0
9606.ENSP00000430236	0.0
9606.ENSP00000344299	0.0
9606.ENSP00000252037	0.0
9606.ENSP00000307260	0.0
9606.ENSP00000397566	0.0
9606.ENSP00000317232	0.0
9606.ENSP00000460070	0.0
9606.ENSP00000233121	0.0
9606.ENSP00000465676	0.0
9606.ENSP00000361060	0.0
9606.ENSP00000344125	0.0
9606.ENSP00000347088	0.0
9606.ENSP00000331258	0.0
9606.ENSP00000261234	0.0
9606.ENSP00000355559	0.0
9606.ENSP00000385235	0.0
9606.ENSP00000309096	0.0
9606.ENSP00000385478	0.0
9606.ENSP00000237530	0.0
9606.ENSP00000229195	0.0
9606.ENSP00000313140	0.0
9606.ENSP00000468633	0.0
9606.ENSP00000250498	0.0
9606.ENSP00000427463	0.0
9606.ENSP00000295702	0.0
9606.ENSP00000263672	0.0
9606.ENSP00000233025	0.0
9606.ENSP00000426167	0.0
9606.ENSP00000299626	0.0
9606.ENSP00000296255	0.0
9606.ENSP00000354649	0.0
9606.ENSP00000348278	0.0
9606.ENSP00000424544	0.0
9606.ENSP00000443216	0.0
9606.ENSP00000238788	0.0
9606.ENSP00000420641	0.0
9606.ENSP00000455716	0.0
9606.ENSP00000302079	0.0
9606.ENSP00000435389	0.0
9606.ENSP00000396688	0.0
9606.ENSP00000354458	0.0
9606.ENSP00000415941	0.0
9606.ENSP00000347197	0.0
9606.ENSP00000239666	0.0
9606.ENSP00000416561	0.0
9606.ENSP00000356399	0.0
9606.ENSP00000263413	0.0
9606.ENSP00000263408	0.0
9606.ENSP00000483872	0.0
9606.ENSP00000299367	0.0
9606.ENSP00000281154	0.0
9606.ENSP00000498879	0.0
9606.ENSP00000322061	0.0
9606.ENSP00000472620	0.0
9606.ENSP00000360697	0.0
9606.ENSP00000225174	0.0
9606.ENSP00000223795	0.0
9606.ENSP00000335246	0.0
9606.ENSP00000286648	0.0
9606.ENSP00000360561	0.0
9606.ENSP00000347684	0.0
9606.ENSP00000499465	0.0
9606.ENSP00000430075	0.0
9606.ENSP00000265191	0.0
9606.ENSP00000353165	0.0
9606.ENSP00000370078	0.0
9606.ENSP00000367615	0.0
9606.ENSP00000379802	0.0
9606.ENSP00000223862	0.0
9606.ENSP00000357301	0.0
9606.ENSP00000298386	0.0
9606.ENSP00000302724	0.0
9606.ENSP00000239316	0.0
9606.ENSP00000397415	0.0
9606.ENSP00000405841	0.0
9606.ENSP00000328708	0.0
9606.ENSP00000371040	0.0
9606.ENSP00000356331	0.0
9606.ENSP00000224140	0.0
9606.ENSP00000498060	0.0
9606.ENSP00000478249	0.0
9606.ENSP00000446576	0.0
9606.ENSP00000413098	0.0
9606.ENSP00000346890	0.0
9606.ENSP00000262043	0.0
9606.ENSP00000286835	0.0
9606.ENSP00000380921	0.0
9606.ENSP00000370744	0.0
9606.ENSP00000332296	0.0
9606.ENSP00000381206	0.0
9606.ENSP00000370750	0.0
9606.ENSP00000424630	0.0
9606.ENSP00000498711	0.0
9606.ENSP00000302579	0.0
9606.ENSP00000480439	0.0
9606.ENSP00000232219	0.0
9606.ENSP00000388510	0.0
9606.ENSP00000431010	0.0
9606.ENSP00000326219	0.0
9606.ENSP00000232217	0.0
9606.ENSP00000456609	0.0
9606.ENSP00000482841	0.0
9606.ENSP00000224652	0.0
9606.ENSP00000361990	0.0
9606.ENSP00000356529	0.0
9606.ENSP00000290650	0.0
9606.ENSP00000397181	0.0
9606.ENSP00000287387	0.0
9606.ENSP00000325954	0.0
9606.ENSP00000411013	0.0
9606.ENSP00000401513	0.0
9606.ENSP00000494468	0.0
9606.ENSP00000353414	0.0
9606.ENSP00000252456	0.0
9606.ENSP00000327436	0.0
9606.ENSP00000498577	0.0
9606.ENSP00000265354	0.0
9606.ENSP00000356257	0.0
9606.ENSP00000376678	0.0
9606.ENSP00000350633	0.0
9606.ENSP00000380315	0.0
9606.ENSP00000380762	0.0
9606.ENSP00000363193	0.0
9606.ENSP00000254942	0.0
9606.ENSP00000267415	0.0
9606.ENSP00000363458	0.0
9606.ENSP00000375882	0.0
9606.ENSP00000380888	0.0
9606.ENSP00000276603	0.0
9606.ENSP00000498499	0.0
9606.ENSP00000350249	0.0
9606.ENSP00000355077	0.0
9606.ENSP00000483117	0.0
9606.ENSP00000300086	0.0
9606.ENSP00000225171	0.0
9606.ENSP00000379563	0.0
9606.ENSP00000306124	0.0
9606.ENSP00000482358	0.0
9606.ENSP00000286479	0.0
9606.ENSP00000357726	0.0
9606.ENSP00000295927	0.0
9606.ENSP00000353720	0.0
9606.ENSP00000302770	0.0
9606.ENSP00000443194	0.0
9606.ENSP00000225296	0.0
9606.ENSP00000441214	0.0
9606.ENSP00000356530	0.0
9606.ENSP00000413572	0.0
9606.ENSP00000313953	0.0
9606.ENSP00000366934	0.0
9606.ENSP00000341324	0.0
9606.ENSP00000225328	0.0
9606.ENSP00000225538	0.0
9606.ENSP00000308361	0.0
9606.ENSP00000416193	0.0
9606.ENSP00000353032	0.0
9606.ENSP00000263314	0.0
9606.ENSP00000480966	0.0
9606.ENSP00000363643	0.0
9606.ENSP00000343339	0.0
9606.ENSP00000310305	0.0
9606.ENSP00000297512	0.0
9606.ENSP00000320376	0.0
9606.ENSP00000225371	0.0
9606.ENSP00000287143	0.0
9606.ENSP00000312134	0.0
9606.ENSP00000466718	0.0
9606.ENSP00000378917	0.0
9606.ENSP00000340329	0.0
9606.ENSP00000456348	0.0
9606.ENSP00000484237	0.0
9606.ENSP00000393136	0.0
9606.ENSP00000349931	0.0
9606.ENSP00000491259	0.0
9606.ENSP00000334410	0.0
9606.ENSP00000350358	0.0
9606.ENSP00000485258	0.0
9606.ENSP00000480122	0.0
9606.ENSP00000235349	0.0
9606.ENSP00000480027	0.0
9606.ENSP00000346275	0.0
9606.ENSP00000473381	0.0
9606.ENSP00000481683	0.0
9606.ENSP00000485656	0.0
9606.ENSP00000240189	0.0
9606.ENSP00000332134	0.0
9606.ENSP00000281631	0.0
9606.ENSP00000476176	0.0
9606.ENSP00000312673	0.0
9606.ENSP00000328133	0.0
9606.ENSP00000394227	0.0
9606.ENSP00000270800	0.0
9606.ENSP00000406367	0.0
9606.ENSP00000261758	0.0
9606.ENSP00000488912	0.0
9606.ENSP00000381333	0.0
9606.ENSP00000225519	0.0
9606.ENSP00000360262	0.0
9606.ENSP00000280684	0.0
9606.ENSP00000358784	0.0
9606.ENSP00000371294	0.0
9606.ENSP00000225525	0.0
9606.ENSP00000480056	0.0
9606.ENSP00000376753	0.0
9606.ENSP00000227638	0.0
9606.ENSP00000225576	0.0
9606.ENSP00000482523	0.0
9606.ENSP00000400341	0.0
9606.ENSP00000468280	0.0
9606.ENSP00000362314	0.0
9606.ENSP00000385749	0.0
9606.ENSP00000263026	0.0
9606.ENSP00000300658	0.0
9606.ENSP00000278243	0.0
9606.ENSP00000391596	0.0
9606.ENSP00000257347	0.0
9606.ENSP00000230036	0.0
9606.ENSP00000299697	0.0
9606.ENSP00000368119	0.0
9606.ENSP00000451792	0.0
9606.ENSP00000246069	0.0
9606.ENSP00000335655	0.0
9606.ENSP00000288670	0.0
9606.ENSP00000354742	0.0
9606.ENSP00000357076	0.0
9606.ENSP00000318884	0.0
9606.ENSP00000479134	0.0
9606.ENSP00000270792	0.0
9606.ENSP00000308925	0.0
9606.ENSP00000302790	0.0
9606.ENSP00000346927	0.0
9606.ENSP00000329219	0.0
9606.ENSP00000321348	0.0
9606.ENSP00000419425	0.0
9606.ENSP00000373706	0.0
9606.ENSP00000370010	0.0
9606.ENSP00000316543	0.0
9606.ENSP00000345195	0.0
9606.ENSP00000376652	0.0
9606.ENSP00000303222	0.0
9606.ENSP00000362730	0.0
9606.ENSP00000225688	0.0
9606.ENSP00000392828	0.0
9606.ENSP00000252244	0.0
9606.ENSP00000479488	0.0
9606.ENSP00000278407	0.0
9606.ENSP00000246006	0.0
9606.ENSP00000313967	0.0
9606.ENSP00000363773	0.0
9606.ENSP00000225719	0.0
9606.ENSP00000361057	0.0
9606.ENSP00000399751	0.0
9606.ENSP00000452948	0.0
9606.ENSP00000261483	0.0
9606.ENSP00000306117	0.0
9606.ENSP00000468969	0.0
9606.ENSP00000417235	0.0
9606.ENSP00000355094	0.0
9606.ENSP00000370938	0.0
9606.ENSP00000357907	0.0
9606.ENSP00000281928	0.0
9606.ENSP00000428982	0.0
9606.ENSP00000225729	0.0
9606.ENSP00000388920	0.0
9606.ENSP00000338788	0.0
9606.ENSP00000420357	0.0
9606.ENSP00000225737	0.0
9606.ENSP00000269701	0.0
9606.ENSP00000351327	0.0
9606.ENSP00000265872	0.0
9606.ENSP00000438574	0.0
9606.ENSP00000247001	0.0
9606.ENSP00000487073	0.0
9606.ENSP00000498362	0.0
9606.ENSP00000337513	0.0
9606.ENSP00000348984	0.0
9606.ENSP00000311677	0.0
9606.ENSP00000343054	0.0
9606.ENSP00000225823	0.0
9606.ENSP00000368952	0.0
9606.ENSP00000228468	0.0
9606.ENSP00000385205	0.0
9606.ENSP00000286713	0.0
9606.ENSP00000350786	0.0
9606.ENSP00000483330	0.0
9606.ENSP00000481357	0.0
9606.ENSP00000362179	0.0
9606.ENSP00000378118	0.0
9606.ENSP00000484078	0.0
9606.ENSP00000480558	0.0
9606.ENSP00000243347	0.0
9606.ENSP00000357103	0.0
9606.ENSP00000478024	0.0
9606.ENSP00000225899	0.0
9606.ENSP00000377558	0.0
9606.ENSP00000392318	0.0
9606.ENSP00000399718	0.0
9606.ENSP00000421180	0.0
9606.ENSP00000256398	0.0
9606.ENSP00000300079	0.0
9606.ENSP00000481091	0.0
9606.ENSP00000225983	0.0
9606.ENSP00000417510	0.0
9606.ENSP00000385216	0.0
9606.ENSP00000272425	0.0
9606.ENSP00000287239	0.0
9606.ENSP00000316114	0.0
9606.ENSP00000294168	0.0
9606.ENSP00000359837	0.0
9606.ENSP00000336750	0.0
9606.ENSP00000258281	0.0
9606.ENSP00000356848	0.0
9606.ENSP00000360515	0.0
9606.ENSP00000306983	0.0
9606.ENSP00000264108	0.0
9606.ENSP00000358939	0.0
9606.ENSP00000308022	0.0
9606.ENSP00000339917	0.0
9606.ENSP00000399968	0.0
9606.ENSP00000397259	0.0
9606.ENSP00000341243	0.0
9606.ENSP00000307684	0.0
9606.ENSP00000359295	0.0
9606.ENSP00000434552	0.0
9606.ENSP00000225927	0.0
9606.ENSP00000314606	0.0
9606.ENSP00000339801	0.0
9606.ENSP00000368965	0.0
9606.ENSP00000408411	0.0
9606.ENSP00000404042	0.0
9606.ENSP00000263278	0.0
9606.ENSP00000312834	0.0
9606.ENSP00000225941	0.0
9606.ENSP00000284322	0.0
9606.ENSP00000435150	0.0
9606.ENSP00000364140	0.0
9606.ENSP00000323696	0.0
9606.ENSP00000295992	0.0
9606.ENSP00000434412	0.0
9606.ENSP00000251582	0.0
9606.ENSP00000401749	0.0
9606.ENSP00000300026	0.0
9606.ENSP00000356899	0.0
9606.ENSP00000261037	0.0
9606.ENSP00000264828	0.0
9606.ENSP00000427552	0.0
9606.ENSP00000363973	0.0
9606.ENSP00000330523	0.0
9606.ENSP00000332371	0.0
9606.ENSP00000368793	0.0
9606.ENSP00000356202	0.0
9606.ENSP00000270162	0.0
9606.ENSP00000311816	0.0
9606.ENSP00000362352	0.0
9606.ENSP00000393978	0.0
9606.ENSP00000296785	0.0
9606.ENSP00000390535	0.0
9606.ENSP00000396052	0.0
9606.ENSP00000405574	0.0
9606.ENSP00000495556	0.0
9606.ENSP00000469880	0.0
9606.ENSP00000280362	0.0
9606.ENSP00000352011	0.0
9606.ENSP00000418081	0.0
9606.ENSP00000419101	0.0
9606.ENSP00000290039	0.0
9606.ENSP00000226067	0.0
9606.ENSP00000362095	0.0
9606.ENSP00000478026	0.0
9606.ENSP00000262965	0.0
9606.ENSP00000289248	0.0
9606.ENSP00000226105	0.0
9606.ENSP00000376523	0.0
9606.ENSP00000282541	0.0
9606.ENSP00000278947	0.0
9606.ENSP00000261980	0.0
9606.ENSP00000387278	0.0
9606.ENSP00000435509	0.0
9606.ENSP00000429344	0.0
9606.ENSP00000386444	0.0
9606.ENSP00000264952	0.0
9606.ENSP00000500595	0.0
9606.ENSP00000268125	0.0
9606.ENSP00000265969	0.0
9606.ENSP00000228641	0.0
9606.ENSP00000349595	0.0
9606.ENSP00000350332	0.0
9606.ENSP00000257867	0.0
9606.ENSP00000378431	0.0
9606.ENSP00000364886	0.0
9606.ENSP00000466680	0.0
9606.ENSP00000286424	0.0
9606.ENSP00000226247	0.0
9606.ENSP00000243056	0.0
9606.ENSP00000368805	0.0
9606.ENSP00000306523	0.0
9606.ENSP00000294309	0.0
9606.ENSP00000489262	0.0
9606.ENSP00000357022	0.0
9606.ENSP00000498766	0.0
9606.ENSP00000340935	0.0
9606.ENSP00000313809	0.0
9606.ENSP00000378534	0.0
9606.ENSP00000239243	0.0
9606.ENSP00000421566	0.0
9606.ENSP00000431076	0.0
9606.ENSP00000250535	0.0
9606.ENSP00000275428	0.0
9606.ENSP00000295640	0.0
9606.ENSP00000360147	0.0
9606.ENSP00000370966	0.0
9606.ENSP00000226319	0.0
9606.ENSP00000490767	0.0
9606.ENSP00000367398	0.0
9606.ENSP00000380024	0.0
9606.ENSP00000226382	0.0
9606.ENSP00000337128	0.0
9606.ENSP00000266744	0.0
9606.ENSP00000230658	0.0
9606.ENSP00000352565	0.0
9606.ENSP00000355261	0.0
9606.ENSP00000425133	0.0
9606.ENSP00000263073	0.0
9606.ENSP00000356793	0.0
9606.ENSP00000412897	0.0
9606.ENSP00000334373	0.0
9606.ENSP00000369558	0.0
9606.ENSP00000369574	0.0
9606.ENSP00000328287	0.0
9606.ENSP00000239347	0.0
9606.ENSP00000369564	0.0
9606.ENSP00000364210	0.0
9606.ENSP00000369571	0.0
9606.ENSP00000484479	0.0
9606.ENSP00000263125	0.0
9606.ENSP00000365227	0.0
9606.ENSP00000261667	0.0
9606.ENSP00000263056	0.0
9606.ENSP00000369566	0.0
9606.ENSP00000366915	0.0
9606.ENSP00000369553	0.0
9606.ENSP00000480467	0.0
9606.ENSP00000438483	0.0
9606.ENSP00000327824	0.0
9606.ENSP00000244174	0.0
9606.ENSP00000362181	0.0
9606.ENSP00000314976	0.0
9606.ENSP00000483403	0.0
9606.ENSP00000339477	0.0
9606.ENSP00000319817	0.0
9606.ENSP00000273986	0.0
9606.ENSP00000458065	0.0
9606.ENSP00000424015	0.0
9606.ENSP00000226951	0.0
9606.ENSP00000417050	0.0
9606.ENSP00000357065	0.0
9606.ENSP00000376899	0.0
9606.ENSP00000402257	0.0
9606.ENSP00000377218	0.0
9606.ENSP00000362410	0.0
9606.ENSP00000294702	0.0
9606.ENSP00000268679	0.0
9606.ENSP00000294339	0.0
9606.ENSP00000326630	0.0
9606.ENSP00000360231	0.0
9606.ENSP00000234091	0.0
9606.ENSP00000331614	0.0
9606.ENSP00000415151	0.0
9606.ENSP00000345681	0.0
9606.ENSP00000257818	0.0
9606.ENSP00000360829	0.0
9606.ENSP00000368565	0.0
9606.ENSP00000452552	0.0
9606.ENSP00000300619	0.0
9606.ENSP00000237455	0.0
9606.ENSP00000227348	0.0
9606.ENSP00000227451	0.0
9606.ENSP00000227471	0.0
9606.ENSP00000361926	0.0
9606.ENSP00000371233	0.0
9606.ENSP00000343081	0.0
9606.ENSP00000326003	0.0
9606.ENSP00000455026	0.0
9606.ENSP00000373331	0.0
9606.ENSP00000323288	0.0
9606.ENSP00000300213	0.0
9606.ENSP00000281623	0.0
9606.ENSP00000312631	0.0
9606.ENSP00000355249	0.0
9606.ENSP00000262662	0.0
9606.ENSP00000362082	0.0
9606.ENSP00000419923	0.0
9606.ENSP00000349547	0.0
9606.ENSP00000410561	0.0
9606.ENSP00000412482	0.0
9606.ENSP00000227520	0.0
9606.ENSP00000284690	0.0
9606.ENSP00000358159	0.0
9606.ENSP00000249776	0.0
9606.ENSP00000278070	0.0
9606.ENSP00000331907	0.0
9606.ENSP00000402527	0.0
9606.ENSP00000359454	0.0
9606.ENSP00000276570	0.0
9606.ENSP00000465776	0.0
9606.ENSP00000376902	0.0
9606.ENSP00000245838	0.0
9606.ENSP00000384621	0.0
9606.ENSP00000373354	0.0
9606.ENSP00000480851	0.0
9606.ENSP00000227525	0.0
9606.ENSP00000256854	0.0
9606.ENSP00000476091	0.0
9606.ENSP00000263985	0.0
9606.ENSP00000243167	0.0
9606.ENSP00000358042	0.0
9606.ENSP00000364035	0.0
9606.ENSP00000359691	0.0
9606.ENSP00000260952	0.0
9606.ENSP00000281038	0.0
9606.ENSP00000374562	0.0
9606.ENSP00000377845	0.0
9606.ENSP00000417580	0.0
9606.ENSP00000399585	0.0
9606.ENSP00000379183	0.0
9606.ENSP00000237014	0.0
9606.ENSP00000329374	0.0
9606.ENSP00000360170	0.0
9606.ENSP00000427679	0.0
9606.ENSP00000480053	0.0
9606.ENSP00000228534	0.0
9606.ENSP00000229134	0.0
9606.ENSP00000376352	0.0
9606.ENSP00000362578	0.0
9606.ENSP00000288050	0.0
9606.ENSP00000430031	0.0
9606.ENSP00000227880	0.0
9606.ENSP00000227918	0.0
9606.ENSP00000303070	0.0
9606.ENSP00000244926	0.0
9606.ENSP00000311364	0.0
9606.ENSP00000244930	0.0
9606.ENSP00000256104	0.0
9606.ENSP00000483300	0.0
9606.ENSP00000380184	0.0
9606.ENSP00000264409	0.0
9606.ENSP00000360761	0.0
9606.ENSP00000265276	0.0
9606.ENSP00000228136	0.0
9606.ENSP00000265073	0.0
9606.ENSP00000438262	0.0
9606.ENSP00000434480	0.0
9606.ENSP00000487094	0.0
9606.ENSP00000318604	0.0
9606.ENSP00000365596	0.0
9606.ENSP00000228438	0.0
9606.ENSP00000438244	0.0
9606.ENSP00000357036	0.0
9606.ENSP00000483713	0.0
9606.ENSP00000310216	0.0
9606.ENSP00000329380	0.0
9606.ENSP00000341141	0.0
9606.ENSP00000318142	0.0
9606.ENSP00000332062	0.0
9606.ENSP00000356630	0.0
9606.ENSP00000379842	0.0
9606.ENSP00000228476	0.0
9606.ENSP00000483757	0.0
9606.ENSP00000317721	0.0
9606.ENSP00000359680	0.0
9606.ENSP00000360938	0.0
9606.ENSP00000379895	0.0
9606.ENSP00000231420	0.0
9606.ENSP00000378416	0.0
9606.ENSP00000456019	0.0
9606.ENSP00000341680	0.0
9606.ENSP00000354314	0.0
9606.ENSP00000362836	0.0
9606.ENSP00000342510	0.0
9606.ENSP00000383044	0.0
9606.ENSP00000295682	0.0
9606.ENSP00000466134	0.0
9606.ENSP00000399888	0.0
9606.ENSP00000445920	0.0
9606.ENSP00000282841	0.0
9606.ENSP00000357452	0.0
9606.ENSP00000303423	0.0
9606.ENSP00000228515	0.0
9606.ENSP00000296980	0.0
9606.ENSP00000231228	0.0
9606.ENSP00000228567	0.0
9606.ENSP00000340914	0.0
9606.ENSP00000477344	0.0
9606.ENSP00000352900	0.0
9606.ENSP00000368682	0.0
9606.ENSP00000388940	0.0
9606.ENSP00000423820	0.0
9606.ENSP00000381382	0.0
9606.ENSP00000228644	0.0
9606.ENSP00000270722	0.0
9606.ENSP00000262999	0.0
9606.ENSP00000321445	0.0
9606.ENSP00000228682	0.0
9606.ENSP00000295709	0.0
9606.ENSP00000358918	0.0
9606.ENSP00000332353	0.0
9606.ENSP00000297814	0.0
9606.ENSP00000249373	0.0
9606.ENSP00000262426	0.0
9606.ENSP00000361266	0.0
9606.ENSP00000390436	0.0
9606.ENSP00000385808	0.0
9606.ENSP00000379258	0.0
9606.ENSP00000377934	0.0
9606.ENSP00000497483	0.0
9606.ENSP00000282928	0.0
9606.ENSP00000326272	0.0
9606.ENSP00000322804	0.0
9606.ENSP00000296575	0.0
9606.ENSP00000441039	0.0
9606.ENSP00000295731	0.0
9606.ENSP00000228705	0.0
9606.ENSP00000280571	0.0
9606.ENSP00000445772	0.0
9606.ENSP00000479870	0.0
9606.ENSP00000380008	0.0
9606.ENSP00000292596	0.0
9606.ENSP00000228741	0.0
9606.ENSP00000328813	0.0
9606.ENSP00000228799	0.0
9606.ENSP00000339881	0.0
9606.ENSP00000384966	0.0
9606.ENSP00000384183	0.0
9606.ENSP00000457168	0.0
9606.ENSP00000484732	0.0
9606.ENSP00000311486	0.0
9606.ENSP00000293883	0.0
9606.ENSP00000297145	0.0
9606.ENSP00000337850	0.0
9606.ENSP00000262144	0.0
9606.ENSP00000343118	0.0
9606.ENSP00000483814	0.0
9606.ENSP00000228811	0.0
9606.ENSP00000228820	0.0
9606.ENSP00000261888	0.0
9606.ENSP00000244061	0.0
9606.ENSP00000275766	0.0
9606.ENSP00000326095	0.0
9606.ENSP00000290216	0.0
9606.ENSP00000430886	0.0
9606.ENSP00000350075	0.0
9606.ENSP00000380427	0.0
9606.ENSP00000394888	0.0
9606.ENSP00000491073	0.0
9606.ENSP00000472249	0.0
9606.ENSP00000295314	0.0
9606.ENSP00000357057	0.0
9606.ENSP00000467176	0.0
9606.ENSP00000261448	0.0
9606.ENSP00000411932	0.0
9606.ENSP00000358365	0.0
9606.ENSP00000232975	0.0
9606.ENSP00000306997	0.0
9606.ENSP00000400908	0.0
9606.ENSP00000361043	0.0
9606.ENSP00000307491	0.0
9606.ENSP00000306473	0.0
9606.ENSP00000270861	0.0
9606.ENSP00000352271	0.0
9606.ENSP00000440850	0.0
9606.ENSP00000244040	0.0
9606.ENSP00000407818	0.0
9606.ENSP00000282344	0.0
9606.ENSP00000387007	0.0
9606.ENSP00000421405	0.0
9606.ENSP00000285402	0.0
9606.ENSP00000228865	0.0
9606.ENSP00000379658	0.0
9606.ENSP00000296953	0.0
9606.ENSP00000335628	0.0
9606.ENSP00000376306	0.0
9606.ENSP00000420270	0.0
9606.ENSP00000228887	0.0
9606.ENSP00000264982	0.0
9606.ENSP00000469049	0.0
9606.ENSP00000228922	0.0
9606.ENSP00000395738	0.0
9606.ENSP00000258381	0.0
9606.ENSP00000263549	0.0
9606.ENSP00000353512	0.0
9606.ENSP00000428572	0.0
9606.ENSP00000403982	0.0
9606.ENSP00000359504	0.0
9606.ENSP00000382707	0.0
9606.ENSP00000326247	0.0
9606.ENSP00000367952	0.0
9606.ENSP00000359864	0.0
9606.ENSP00000364860	0.0
9606.ENSP00000257696	0.0
9606.ENSP00000360120	0.0
9606.ENSP00000359488	0.0
9606.ENSP00000375608	0.0
9606.ENSP00000371327	0.0
9606.ENSP00000359497	0.0
9606.ENSP00000434717	0.0
9606.ENSP00000330959	0.0
9606.ENSP00000290231	0.0
9606.ENSP00000381089	0.0
9606.ENSP00000378687	0.0
9606.ENSP00000327821	0.0
9606.ENSP00000481575	0.0
9606.ENSP00000471604	0.0
9606.ENSP00000430493	0.0
9606.ENSP00000416673	0.0
9606.ENSP00000427695	0.0
9606.ENSP00000445508	0.0
9606.ENSP00000280614	0.0
9606.ENSP00000424896	0.0
9606.ENSP00000370968	0.0
9606.ENSP00000261530	0.0
9606.ENSP00000355902	0.0
9606.ENSP00000402855	0.0
9606.ENSP00000312126	0.0
9606.ENSP00000475344	0.0
9606.ENSP00000337949	0.0
9606.ENSP00000358301	0.0
9606.ENSP00000262494	0.0
9606.ENSP00000422533	0.0
9606.ENSP00000394624	0.0
9606.ENSP00000251337	0.0
9606.ENSP00000297323	0.0
9606.ENSP00000286355	0.0
9606.ENSP00000359765	0.0
9606.ENSP00000295101	0.0
9606.ENSP00000302846	0.0
9606.ENSP00000478892	0.0
9606.ENSP00000428343	0.0
9606.ENSP00000342952	0.0
9606.ENSP00000322924	0.0
9606.ENSP00000259467	0.0
9606.ENSP00000307766	0.0
9606.ENSP00000340688	0.0
9606.ENSP00000356825	0.0
9606.ENSP00000358513	0.0
9606.ENSP00000334051	0.0
9606.ENSP00000245457	0.0
9606.ENSP00000359643	0.0
9606.ENSP00000379496	0.0
9606.ENSP00000357067	0.0
9606.ENSP00000229266	0.0
9606.ENSP00000435289	0.0
9606.ENSP00000442050	0.0
9606.ENSP00000444935	0.0
9606.ENSP00000273814	0.0
9606.ENSP00000260585	0.0
9606.ENSP00000438677	0.0
9606.ENSP00000380378	0.0
9606.ENSP00000430548	0.0
9606.ENSP00000255389	0.0
9606.ENSP00000265689	0.0
9606.ENSP00000363400	0.0
9606.ENSP00000412178	0.0
9606.ENSP00000482632	0.0
9606.ENSP00000348419	0.0
9606.ENSP00000369774	0.0
9606.ENSP00000325018	0.0
9606.ENSP00000313582	0.0
9606.ENSP00000316357	0.0
9606.ENSP00000309262	0.0
9606.ENSP00000262525	0.0
9606.ENSP00000246548	0.0
9606.ENSP00000283646	0.0
9606.ENSP00000473036	0.0
9606.ENSP00000252321	0.0
9606.ENSP00000412189	0.0
9606.ENSP00000378360	0.0
9606.ENSP00000359991	0.0
9606.ENSP00000229281	0.0
9606.ENSP00000399700	0.0
9606.ENSP00000425658	0.0
9606.ENSP00000229304	0.0
9606.ENSP00000244669	0.0
9606.ENSP00000378868	0.0
9606.ENSP00000345837	0.0
9606.ENSP00000366534	0.0
9606.ENSP00000335306	0.0
9606.ENSP00000386869	0.0
9606.ENSP00000351250	0.0
9606.ENSP00000492024	0.0
9606.ENSP00000426809	0.0
9606.ENSP00000296145	0.0
9606.ENSP00000292431	0.0
9606.ENSP00000356981	0.0
9606.ENSP00000359396	0.0
9606.ENSP00000363804	0.0
9606.ENSP00000362748	0.0
9606.ENSP00000419298	0.0
9606.ENSP00000317686	0.0
9606.ENSP00000393154	0.0
9606.ENSP00000442439	0.0
9606.ENSP00000297316	0.0
9606.ENSP00000294740	0.0
9606.ENSP00000287538	0.0
9606.ENSP00000339250	0.0
9606.ENSP00000331745	0.0
9606.ENSP00000296946	0.0
9606.ENSP00000330218	0.0
9606.ENSP00000359211	0.0
9606.ENSP00000261191	0.0
9606.ENSP00000330381	0.0
9606.ENSP00000310796	0.0
9606.ENSP00000433459	0.0
9606.ENSP00000356840	0.0
9606.ENSP00000431603	0.0
9606.ENSP00000398837	0.0
9606.ENSP00000229332	0.0
9606.ENSP00000229335	0.0
9606.ENSP00000494678	0.0
9606.ENSP00000479816	0.0
9606.ENSP00000486901	0.0
9606.ENSP00000367817	0.0
9606.ENSP00000386538	0.0
9606.ENSP00000443654	0.0
9606.ENSP00000370889	0.0
9606.ENSP00000361731	0.0
9606.ENSP00000384996	0.0
9606.ENSP00000393922	0.0
9606.ENSP00000274787	0.0
9606.ENSP00000341610	0.0
9606.ENSP00000475957	0.0
9606.ENSP00000378812	0.0
9606.ENSP00000480140	0.0
9606.ENSP00000414302	0.0
9606.ENSP00000377262	0.0
9606.ENSP00000297071	0.0
9606.ENSP00000442793	0.0
9606.ENSP00000229395	0.0
9606.ENSP00000437073	0.0
9606.ENSP00000479904	0.0
9606.ENSP00000355991	0.0
9606.ENSP00000340507	0.0
9606.ENSP00000371328	0.0
9606.ENSP00000394484	0.0
9606.ENSP00000387211	0.0
9606.ENSP00000396163	0.0
9606.ENSP00000338157	0.0
9606.ENSP00000261340	0.0
9606.ENSP00000486291	0.0
9606.ENSP00000299299	0.0
9606.ENSP00000371517	0.0
9606.ENSP00000315152	0.0
9606.ENSP00000421544	0.0
9606.ENSP00000282572	0.0
9606.ENSP00000323275	0.0
9606.ENSP00000297440	0.0
9606.ENSP00000268699	0.0
9606.ENSP00000296218	0.0
9606.ENSP00000231749	0.0
9606.ENSP00000436975	0.0
9606.ENSP00000377197	0.0
9606.ENSP00000306410	0.0
9606.ENSP00000373450	0.0
9606.ENSP00000328174	0.0
9606.ENSP00000262376	0.0
9606.ENSP00000411099	0.0
9606.ENSP00000346453	0.0
9606.ENSP00000348564	0.0
9606.ENSP00000275053	0.0
9606.ENSP00000316512	0.0
9606.ENSP00000263208	0.0
9606.ENSP00000243326	0.0
9606.ENSP00000456477	0.0
9606.ENSP00000418648	0.0
9606.ENSP00000381364	0.0
9606.ENSP00000229633	0.0
9606.ENSP00000259667	0.0
9606.ENSP00000304229	0.0
9606.ENSP00000229708	0.0
9606.ENSP00000252229	0.0
9606.ENSP00000413079	0.0
9606.ENSP00000356308	0.0
9606.ENSP00000356320	0.0
9606.ENSP00000229729	0.0
9606.ENSP00000440826	0.0
9606.ENSP00000232424	0.0
9606.ENSP00000383710	0.0
9606.ENSP00000263798	0.0
9606.ENSP00000331831	0.0
9606.ENSP00000286688	0.0
9606.ENSP00000262013	0.0
9606.ENSP00000312741	0.0
9606.ENSP00000337386	0.0
9606.ENSP00000229812	0.0
9606.ENSP00000328694	0.0
9606.ENSP00000351113	0.0
9606.ENSP00000291700	0.0
9606.ENSP00000373684	0.0
9606.ENSP00000379366	0.0
9606.ENSP00000305918	0.0
9606.ENSP00000366024	0.0
9606.ENSP00000229922	0.0
9606.ENSP00000303908	0.0
9606.ENSP00000377195	0.0
9606.ENSP00000457991	0.0
9606.ENSP00000417653	0.0
9606.ENSP00000264775	0.0
9606.ENSP00000367459	0.0
9606.ENSP00000360366	0.0
9606.ENSP00000460437	0.0
9606.ENSP00000303246	0.0
9606.ENSP00000367715	0.0
9606.ENSP00000322421	0.0
9606.ENSP00000360365	0.0
9606.ENSP00000367498	0.0
9606.ENSP00000434056	0.0
9606.ENSP00000230053	0.0
9606.ENSP00000416002	0.0
9606.ENSP00000264249	0.0
9606.ENSP00000285871	0.0
9606.ENSP00000260653	0.0
9606.ENSP00000426359	0.0
9606.ENSP00000368831	0.0
9606.ENSP00000281187	0.0
9606.ENSP00000400333	0.0
9606.ENSP00000233575	0.0
9606.ENSP00000481314	0.0
9606.ENSP00000230122	0.0
9606.ENSP00000306968	0.0
9606.ENSP00000261776	0.0
9606.ENSP00000286733	0.0
9606.ENSP00000230321	0.0
9606.ENSP00000410396	0.0
9606.ENSP00000303515	0.0
9606.ENSP00000377797	0.0
9606.ENSP00000341874	0.0
9606.ENSP00000491873	0.0
9606.ENSP00000379847	0.0
9606.ENSP00000492047	0.0
9606.ENSP00000372170	0.0
9606.ENSP00000491332	0.0
9606.ENSP00000358953	0.0
9606.ENSP00000491351	0.0
9606.ENSP00000491385	0.0
9606.ENSP00000491472	0.0
9606.ENSP00000361998	0.0
9606.ENSP00000491846	0.0
9606.ENSP00000492787	0.0
9606.ENSP00000312617	0.0
9606.ENSP00000387641	0.0
9606.ENSP00000265990	0.0
9606.ENSP00000370532	0.0
9606.ENSP00000492874	0.0
9606.ENSP00000378236	0.0
9606.ENSP00000261884	0.0
9606.ENSP00000491758	0.0
9606.ENSP00000352673	0.0
9606.ENSP00000307850	0.0
9606.ENSP00000492752	0.0
9606.ENSP00000491494	0.0
9606.ENSP00000384597	0.0
9606.ENSP00000492463	0.0
9606.ENSP00000418379	0.0
9606.ENSP00000491174	0.0
9606.ENSP00000332591	0.0
9606.ENSP00000358966	0.0
9606.ENSP00000325674	0.0
9606.ENSP00000452634	0.0
9606.ENSP00000419599	0.0
9606.ENSP00000252482	0.0
9606.ENSP00000369409	0.0
9606.ENSP00000490760	0.0
9606.ENSP00000230461	0.0
9606.ENSP00000311336	0.0
9606.ENSP00000273859	0.0
9606.ENSP00000500034	0.0
9606.ENSP00000313600	0.0
9606.ENSP00000371070	0.0
9606.ENSP00000284509	0.0
9606.ENSP00000497896	0.0
9606.ENSP00000450480	0.0
9606.ENSP00000321195	0.0
9606.ENSP00000420387	0.0
9606.ENSP00000371084	0.0
9606.ENSP00000332756	0.0
9606.ENSP00000264036	0.0
9606.ENSP00000358719	0.0
9606.ENSP00000230582	0.0
9606.ENSP00000499089	0.0
9606.ENSP00000230588	0.0
9606.ENSP00000377055	0.0
9606.ENSP00000269202	0.0
9606.ENSP00000265029	0.0
9606.ENSP00000346335	0.0
9606.ENSP00000368014	0.0
9606.ENSP00000242994	0.0
9606.ENSP00000419266	0.0
9606.ENSP00000317333	0.0
9606.ENSP00000240328	0.0
9606.ENSP00000281321	0.0
9606.ENSP00000270061	0.0
9606.ENSP00000358677	0.0
9606.ENSP00000252971	0.0
9606.ENSP00000366347	0.0
9606.ENSP00000325819	0.0
9606.ENSP00000306772	0.0
9606.ENSP00000317580	0.0
9606.ENSP00000357581	0.0
9606.ENSP00000483921	0.0
9606.ENSP00000360371	0.0
9606.ENSP00000501277	0.0
9606.ENSP00000242462	0.0
9606.ENSP00000366413	0.0
9606.ENSP00000295886	0.0
9606.ENSP00000230671	0.0
9606.ENSP00000426033	0.0
9606.ENSP00000344547	0.0
9606.ENSP00000376349	0.0
9606.ENSP00000371193	0.0
9606.ENSP00000378782	0.0
9606.ENSP00000380251	0.0
9606.ENSP00000381220	0.0
9606.ENSP00000279206	0.0
9606.ENSP00000334437	0.0
9606.ENSP00000430269	0.0
9606.ENSP00000419628	0.0
9606.ENSP00000480722	0.0
9606.ENSP00000261714	0.0
9606.ENSP00000268533	0.0
9606.ENSP00000411898	0.0
9606.ENSP00000365006	0.0
9606.ENSP00000379092	0.0
9606.ENSP00000244869	0.0
9606.ENSP00000371420	0.0
9606.ENSP00000378367	0.0
9606.ENSP00000345008	0.0
9606.ENSP00000373783	0.0
9606.ENSP00000352455	0.0
9606.ENSP00000309953	0.0
9606.ENSP00000309124	0.0
9606.ENSP00000463092	0.0
9606.ENSP00000231021	0.0
9606.ENSP00000392500	0.0
9606.ENSP00000351591	0.0
9606.ENSP00000371710	0.0
9606.ENSP00000370483	0.0
9606.ENSP00000264463	0.0
9606.ENSP00000371936	0.0
9606.ENSP00000265071	0.0
9606.ENSP00000371932	0.0
9606.ENSP00000462701	0.0
9606.ENSP00000262717	0.0
9606.ENSP00000268613	0.0
9606.ENSP00000371689	0.0
9606.ENSP00000262150	0.0
9606.ENSP00000380602	0.0
9606.ENSP00000381058	0.0
9606.ENSP00000398736	0.0
9606.ENSP00000312946	0.0
9606.ENSP00000355110	0.0
9606.ENSP00000341170	0.0
9606.ENSP00000259526	0.0
9606.ENSP00000231121	0.0
9606.ENSP00000362151	0.0
9606.ENSP00000231136	0.0
9606.ENSP00000477314	0.0
9606.ENSP00000231137	0.0
9606.ENSP00000239450	0.0
9606.ENSP00000231198	0.0
9606.ENSP00000494965	0.0
9606.ENSP00000425634	0.0
9606.ENSP00000231238	0.0
9606.ENSP00000342755	0.0
9606.ENSP00000234038	0.0
9606.ENSP00000362946	0.0
9606.ENSP00000311579	0.0
9606.ENSP00000360689	0.0
9606.ENSP00000366863	0.0
9606.ENSP00000274382	0.0
9606.ENSP00000282538	0.0
9606.ENSP00000284031	0.0
9606.ENSP00000443459	0.0
9606.ENSP00000267085	0.0
9606.ENSP00000379845	0.0
9606.ENSP00000322991	0.0
9606.ENSP00000324343	0.0
9606.ENSP00000283871	0.0
9606.ENSP00000242592	0.0
9606.ENSP00000364949	0.0
9606.ENSP00000450436	0.0
9606.ENSP00000419027	0.0
9606.ENSP00000302393	0.0
9606.ENSP00000436585	0.0
9606.ENSP00000449535	0.0
9606.ENSP00000265395	0.0
9606.ENSP00000332812	0.0
9606.ENSP00000358755	0.0
9606.ENSP00000328111	0.0
9606.ENSP00000288167	0.0
9606.ENSP00000231461	0.0
9606.ENSP00000231484	0.0
9606.ENSP00000367151	0.0
9606.ENSP00000355827	0.0
9606.ENSP00000261427	0.0
9606.ENSP00000338272	0.0
9606.ENSP00000330098	0.0
9606.ENSP00000444596	0.0
9606.ENSP00000258200	0.0
9606.ENSP00000432786	0.0
9606.ENSP00000403802	0.0
9606.ENSP00000298097	0.0
9606.ENSP00000325312	0.0
9606.ENSP00000380746	0.0
9606.ENSP00000480549	0.0
9606.ENSP00000410007	0.0
9606.ENSP00000369666	0.0
9606.ENSP00000358247	0.0
9606.ENSP00000428646	0.0
9606.ENSP00000296438	0.0
9606.ENSP00000353794	0.0
9606.ENSP00000237281	0.0
9606.ENSP00000310332	0.0
9606.ENSP00000424495	0.0
9606.ENSP00000321927	0.0
9606.ENSP00000364003	0.0
9606.ENSP00000313159	0.0
9606.ENSP00000369604	0.0
9606.ENSP00000283946	0.0
9606.ENSP00000499522	0.0
9606.ENSP00000264658	0.0
9606.ENSP00000416558	0.0
9606.ENSP00000337510	0.0
9606.ENSP00000377280	0.0
9606.ENSP00000244426	0.0
9606.ENSP00000360664	0.0
9606.ENSP00000389014	0.0
9606.ENSP00000355995	0.0
9606.ENSP00000342850	0.0
9606.ENSP00000327213	0.0
9606.ENSP00000361458	0.0
9606.ENSP00000316786	0.0
9606.ENSP00000386520	0.0
9606.ENSP00000231524	0.0
9606.ENSP00000274000	0.0
9606.ENSP00000456953	0.0
9606.ENSP00000366404	0.0
9606.ENSP00000355889	0.0
9606.ENSP00000244571	0.0
9606.ENSP00000358060	0.0
9606.ENSP00000472465	0.0
9606.ENSP00000347495	0.0
9606.ENSP00000281828	0.0
9606.ENSP00000362576	0.0
9606.ENSP00000472847	0.0
9606.ENSP00000363817	0.0
9606.ENSP00000284719	0.0
9606.ENSP00000387710	0.0
9606.ENSP00000320658	0.0
9606.ENSP00000360327	0.0
9606.ENSP00000373918	0.0
9606.ENSP00000338093	0.0
9606.ENSP00000231656	0.0
9606.ENSP00000267859	0.0
9606.ENSP00000231706	0.0
9606.ENSP00000231721	0.0
9606.ENSP00000290155	0.0
9606.ENSP00000357721	0.0
9606.ENSP00000297439	0.0
9606.ENSP00000357905	0.0
9606.ENSP00000303532	0.0
9606.ENSP00000361746	0.0
9606.ENSP00000257264	0.0
9606.ENSP00000397082	0.0
9606.ENSP00000301046	0.0
9606.ENSP00000262290	0.0
9606.ENSP00000361867	0.0
9606.ENSP00000341030	0.0
9606.ENSP00000268150	0.0
9606.ENSP00000361400	0.0
9606.ENSP00000432561	0.0
9606.ENSP00000466834	0.0
9606.ENSP00000466399	0.0
9606.ENSP00000309189	0.0
9606.ENSP00000307697	0.0
9606.ENSP00000289416	0.0
9606.ENSP00000341044	0.0
9606.ENSP00000499074	0.0
9606.ENSP00000233710	0.0
9606.ENSP00000281182	0.0
9606.ENSP00000357873	0.0
9606.ENSP00000453793	0.0
9606.ENSP00000339030	0.0
9606.ENSP00000286628	0.0
9606.ENSP00000296498	0.0
9606.ENSP00000391200	0.0
9606.ENSP00000285737	0.0
9606.ENSP00000339867	0.0
9606.ENSP00000344544	0.0
9606.ENSP00000357348	0.0
9606.ENSP00000361141	0.0
9606.ENSP00000249389	0.0
9606.ENSP00000296411	0.0
9606.ENSP00000472316	0.0
9606.ENSP00000325941	0.0
9606.ENSP00000358967	0.0
9606.ENSP00000468424	0.0
9606.ENSP00000262406	0.0
9606.ENSP00000352427	0.0
9606.ENSP00000367407	0.0
9606.ENSP00000272602	0.0
9606.ENSP00000232496	0.0
9606.ENSP00000369198	0.0
9606.ENSP00000397026	0.0
9606.ENSP00000399745	0.0
9606.ENSP00000492612	0.0
9606.ENSP00000363553	0.0
9606.ENSP00000232603	0.0
9606.ENSP00000380763	0.0
9606.ENSP00000384115	0.0
9606.ENSP00000424595	0.0
9606.ENSP00000476480	0.0
9606.ENSP00000381504	0.0
9606.ENSP00000355493	0.0
9606.ENSP00000356853	0.0
9606.ENSP00000346155	0.0
9606.ENSP00000361512	0.0
9606.ENSP00000362481	0.0
9606.ENSP00000351520	0.0
9606.ENSP00000361285	0.0
9606.ENSP00000389948	0.0
9606.ENSP00000236959	0.0
9606.ENSP00000232766	0.0
9606.ENSP00000255108	0.0
9606.ENSP00000261600	0.0
9606.ENSP00000232892	0.0
9606.ENSP00000232974	0.0
9606.ENSP00000394734	0.0
9606.ENSP00000452697	0.0
9606.ENSP00000233027	0.0
9606.ENSP00000493946	0.0
9606.ENSP00000417229	0.0
9606.ENSP00000330825	0.0
9606.ENSP00000369299	0.0
9606.ENSP00000369373	0.0
9606.ENSP00000321347	0.0
9606.ENSP00000233078	0.0
9606.ENSP00000257552	0.0
9606.ENSP00000250863	0.0
9606.ENSP00000284073	0.0
9606.ENSP00000384573	0.0
9606.ENSP00000233099	0.0
9606.ENSP00000478059	0.0
9606.ENSP00000358363	0.0
9606.ENSP00000369080	0.0
9606.ENSP00000300249	0.0
9606.ENSP00000247986	0.0
9606.ENSP00000233143	0.0
9606.ENSP00000357709	0.0
9606.ENSP00000351947	0.0
9606.ENSP00000416739	0.0
9606.ENSP00000353864	0.0
9606.ENSP00000383851	0.0
9606.ENSP00000352138	0.0
9606.ENSP00000355652	0.0
9606.ENSP00000367686	0.0
9606.ENSP00000405577	0.0
9606.ENSP00000233202	0.0
9606.ENSP00000378364	0.0
9606.ENSP00000337731	0.0
9606.ENSP00000355340	0.0
9606.ENSP00000309749	0.0
9606.ENSP00000384359	0.0
9606.ENSP00000385432	0.0
9606.ENSP00000327459	0.0
9606.ENSP00000480821	0.0
9606.ENSP00000385834	0.0
9606.ENSP00000457539	0.0
9606.ENSP00000373539	0.0
9606.ENSP00000467041	0.0
9606.ENSP00000384198	0.0
9606.ENSP00000375639	0.0
9606.ENSP00000254900	0.0
9606.ENSP00000436926	0.0
9606.ENSP00000497609	0.0
9606.ENSP00000457016	0.0
9606.ENSP00000243903	0.0
9606.ENSP00000233336	0.0
9606.ENSP00000342538	0.0
9606.ENSP00000497737	0.0
9606.ENSP00000233379	0.0
9606.ENSP00000331369	0.0
9606.ENSP00000410470	0.0
9606.ENSP00000233535	0.0
9606.ENSP00000357612	0.0
9606.ENSP00000264451	0.0
9606.ENSP00000311399	0.0
9606.ENSP00000251143	0.0
9606.ENSP00000365401	0.0
9606.ENSP00000498010	0.0
9606.ENSP00000233596	0.0
9606.ENSP00000233615	0.0
9606.ENSP00000247665	0.0
9606.ENSP00000452549	0.0
9606.ENSP00000245816	0.0
9606.ENSP00000347821	0.0
9606.ENSP00000483946	0.0
9606.ENSP00000233638	0.0
9606.ENSP00000384763	0.0
9606.ENSP00000356468	0.0
9606.ENSP00000427975	0.0
9606.ENSP00000276914	0.0
9606.ENSP00000426638	0.0
9606.ENSP00000263702	0.0
9606.ENSP00000233735	0.0
9606.ENSP00000297436	0.0
9606.ENSP00000303206	0.0
9606.ENSP00000329890	0.0
9606.ENSP00000377456	0.0
9606.ENSP00000233809	0.0
9606.ENSP00000416683	0.0
9606.ENSP00000480316	0.0
9606.ENSP00000337618	0.0
9606.ENSP00000334928	0.0
9606.ENSP00000235332	0.0
9606.ENSP00000301464	0.0
9606.ENSP00000295666	0.0
9606.ENSP00000356634	0.0
9606.ENSP00000344458	0.0
9606.ENSP00000360626	0.0
9606.ENSP00000246794	0.0
9606.ENSP00000403077	0.0
9606.ENSP00000444278	0.0
9606.ENSP00000296464	0.0
9606.ENSP00000367623	0.0
9606.ENSP00000246062	0.0
9606.ENSP00000300107	0.0
9606.ENSP00000355735	0.0
9606.ENSP00000385828	0.0
9606.ENSP00000497413	0.0
9606.ENSP00000499422	0.0
9606.ENSP00000314807	0.0
9606.ENSP00000233969	0.0
9606.ENSP00000378265	0.0
9606.ENSP00000385451	0.0
9606.ENSP00000451172	0.0
9606.ENSP00000484580	0.0
9606.ENSP00000265807	0.0
9606.ENSP00000365963	0.0
9606.ENSP00000351475	0.0
9606.ENSP00000382507	0.0
9606.ENSP00000299824	0.0
9606.ENSP00000480035	0.0
9606.ENSP00000367391	0.0
9606.ENSP00000309542	0.0
9606.ENSP00000322192	0.0
9606.ENSP00000371785	0.0
9606.ENSP00000351539	0.0
9606.ENSP00000361373	0.0
9606.ENSP00000367972	0.0
9606.ENSP00000237596	0.0
9606.ENSP00000351619	0.0
9606.ENSP00000403768	0.0
9606.ENSP00000478305	0.0
9606.ENSP00000368572	0.0
9606.ENSP00000385746	0.0
9606.ENSP00000353863	0.0
9606.ENSP00000269298	0.0
9606.ENSP00000463013	0.0
9606.ENSP00000278060	0.0
9606.ENSP00000383784	0.0
9606.ENSP00000262646	0.0
9606.ENSP00000405926	0.0
9606.ENSP00000383376	0.0
9606.ENSP00000299106	0.0
9606.ENSP00000372199	0.0
9606.ENSP00000361010	0.0
9606.ENSP00000234195	0.0
9606.ENSP00000234198	0.0
9606.ENSP00000497479	0.0
9606.ENSP00000354478	0.0
9606.ENSP00000234256	0.0
9606.ENSP00000370128	0.0
9606.ENSP00000315713	0.0
9606.ENSP00000363516	0.0
9606.ENSP00000312081	0.0
9606.ENSP00000360425	0.0
9606.ENSP00000444743	0.0
9606.ENSP00000359693	0.0
9606.ENSP00000370527	0.0
9606.ENSP00000498330	0.0
9606.ENSP00000370373	0.0
9606.ENSP00000388910	0.0
9606.ENSP00000356430	0.0
9606.ENSP00000423602	0.0
9606.ENSP00000358099	0.0
9606.ENSP00000314030	0.0
9606.ENSP00000435582	0.0
9606.ENSP00000303148	0.0
9606.ENSP00000373191	0.0
9606.ENSP00000479536	0.0
9606.ENSP00000304286	0.0
9606.ENSP00000439479	0.0
9606.ENSP00000376269	0.0
9606.ENSP00000315263	0.0
9606.ENSP00000234454	0.0
9606.ENSP00000290349	0.0
9606.ENSP00000329093	0.0
9606.ENSP00000448059	0.0
9606.ENSP00000260447	0.0
9606.ENSP00000244217	0.0
9606.ENSP00000281243	0.0
9606.ENSP00000328998	0.0
9606.ENSP00000410603	0.0
9606.ENSP00000319713	0.0
9606.ENSP00000416040	0.0
9606.ENSP00000493153	0.0
9606.ENSP00000481056	0.0
9606.ENSP00000300113	0.0
9606.ENSP00000369045	0.0
9606.ENSP00000348453	0.0
9606.ENSP00000234739	0.0
9606.ENSP00000282111	0.0
9606.ENSP00000335320	0.0
9606.ENSP00000271532	0.0
9606.ENSP00000302327	0.0
9606.ENSP00000357442	0.0
9606.ENSP00000234816	0.0
9606.ENSP00000361554	0.0
9606.ENSP00000479969	0.0
9606.ENSP00000234827	0.0
9606.ENSP00000234831	0.0
9606.ENSP00000234961	0.0
9606.ENSP00000301908	0.0
9606.ENSP00000498934	0.0
9606.ENSP00000400894	0.0
9606.ENSP00000304327	0.0
9606.ENSP00000241436	0.0
9606.ENSP00000305875	0.0
9606.ENSP00000257527	0.0
9606.ENSP00000379174	0.0
9606.ENSP00000359181	0.0
9606.ENSP00000361310	0.0
9606.ENSP00000349436	0.0
9606.ENSP00000365588	0.0
9606.ENSP00000298786	0.0
9606.ENSP00000419446	0.0
9606.ENSP00000235345	0.0
9606.ENSP00000497423	0.0
9606.ENSP00000368981	0.0
9606.ENSP00000367770	0.0
9606.ENSP00000359172	0.0
9606.ENSP00000300452	0.0
9606.ENSP00000235347	0.0
9606.ENSP00000365266	0.0
9606.ENSP00000279146	0.0
9606.ENSP00000235372	0.0
9606.ENSP00000261386	0.0
9606.ENSP00000316335	0.0
9606.ENSP00000358437	0.0
9606.ENSP00000259727	0.0
9606.ENSP00000420443	0.0
9606.ENSP00000349576	0.0
9606.ENSP00000333019	0.0
9606.ENSP00000382731	0.0
9606.ENSP00000235835	0.0
9606.ENSP00000355377	0.0
9606.ENSP00000363824	0.0
9606.ENSP00000372059	0.0
9606.ENSP00000348385	0.0
9606.ENSP00000236137	0.0
9606.ENSP00000361072	0.0
9606.ENSP00000495385	0.0
9606.ENSP00000272322	0.0
9606.ENSP00000409952	0.0
9606.ENSP00000400459	0.0
9606.ENSP00000401435	0.0
9606.ENSP00000318690	0.0
9606.ENSP00000361524	0.0
9606.ENSP00000326411	0.0
9606.ENSP00000330349	0.0
9606.ENSP00000377225	0.0
9606.ENSP00000310832	0.0
9606.ENSP00000493218	0.0
9606.ENSP00000454229	0.0
9606.ENSP00000361562	0.0
9606.ENSP00000489910	0.0
9606.ENSP00000498772	0.0
9606.ENSP00000351742	0.0
9606.ENSP00000328182	0.0
9606.ENSP00000249806	0.0
9606.ENSP00000236709	0.0
9606.ENSP00000317027	0.0
9606.ENSP00000357218	0.0
9606.ENSP00000485552	0.0
9606.ENSP00000394936	0.0
9606.ENSP00000381448	0.0
9606.ENSP00000481728	0.0
9606.ENSP00000236877	0.0
9606.ENSP00000370669	0.0
9606.ENSP00000236925	0.0
9606.ENSP00000383599	0.0
9606.ENSP00000260118	0.0
9606.ENSP00000454038	0.0
9606.ENSP00000240851	0.0
9606.ENSP00000344989	0.0
9606.ENSP00000314724	0.0
9606.ENSP00000313490	0.0
9606.ENSP00000378830	0.0
9606.ENSP00000362344	0.0
9606.ENSP00000466477	0.0
9606.ENSP00000379003	0.0
9606.ENSP00000403681	0.0
9606.ENSP00000248444	0.0
9606.ENSP00000315554	0.0
9606.ENSP00000325638	0.0
9606.ENSP00000325738	0.0
9606.ENSP00000304004	0.0
9606.ENSP00000355517	0.0
9606.ENSP00000360687	0.0
9606.ENSP00000333946	0.0
9606.ENSP00000237163	0.0
9606.ENSP00000377250	0.0
9606.ENSP00000237172	0.0
9606.ENSP00000308576	0.0
9606.ENSP00000269053	0.0
9606.ENSP00000297819	0.0
9606.ENSP00000237275	0.0
9606.ENSP00000501259	0.0
9606.ENSP00000237283	0.0
9606.ENSP00000332448	0.0
9606.ENSP00000310015	0.0
9606.ENSP00000237353	0.0
9606.ENSP00000348496	0.0
9606.ENSP00000377123	0.0
9606.ENSP00000298854	0.0
9606.ENSP00000410992	0.0
9606.ENSP00000361625	0.0
9606.ENSP00000310120	0.0
9606.ENSP00000266483	0.0
9606.ENSP00000262213	0.0
9606.ENSP00000262839	0.0
9606.ENSP00000486109	0.0
9606.ENSP00000347689	0.0
9606.ENSP00000268766	0.0
9606.ENSP00000478962	0.0
9606.ENSP00000469696	0.0
9606.ENSP00000264079	0.0
9606.ENSP00000393559	0.0
9606.ENSP00000313169	0.0
9606.ENSP00000377769	0.0
9606.ENSP00000406191	0.0
9606.ENSP00000366314	0.0
9606.ENSP00000237654	0.0
9606.ENSP00000322323	0.0
9606.ENSP00000343490	0.0
9606.ENSP00000256951	0.0
9606.ENSP00000386834	0.0
9606.ENSP00000238018	0.0
9606.ENSP00000261208	0.0
9606.ENSP00000363480	0.0
9606.ENSP00000278612	0.0
9606.ENSP00000491949	0.0
9606.ENSP00000478179	0.0
9606.ENSP00000301904	0.0
9606.ENSP00000492512	0.0
9606.ENSP00000491663	0.0
9606.ENSP00000337445	0.0
9606.ENSP00000417686	0.0
9606.ENSP00000358762	0.0
9606.ENSP00000356560	0.0
9606.ENSP00000491669	0.0
9606.ENSP00000491894	0.0
9606.ENSP00000491768	0.0
9606.ENSP00000441405	0.0
9606.ENSP00000489675	0.0
9606.ENSP00000238379	0.0
9606.ENSP00000365773	0.0
9606.ENSP00000347498	0.0
9606.ENSP00000464275	0.0
9606.ENSP00000461830	0.0
9606.ENSP00000253048	0.0
9606.ENSP00000262990	0.0
9606.ENSP00000287437	0.0
9606.ENSP00000474534	0.0
9606.ENSP00000386764	0.0
9606.ENSP00000318085	0.0
9606.ENSP00000238561	0.0
9606.ENSP00000356355	0.0
9606.ENSP00000304586	0.0
9606.ENSP00000349351	0.0
9606.ENSP00000297837	0.0
9606.ENSP00000362702	0.0
9606.ENSP00000338766	0.0
9606.ENSP00000376297	0.0
9606.ENSP00000403937	0.0
9606.ENSP00000361800	0.0
9606.ENSP00000238647	0.0
9606.ENSP00000404251	0.0
9606.ENSP00000307265	0.0
9606.ENSP00000355568	0.0
9606.ENSP00000341490	0.0
9606.ENSP00000238721	0.0
9606.ENSP00000278903	0.0
9606.ENSP00000249014	0.0
9606.ENSP00000361264	0.0
9606.ENSP00000301200	0.0
9606.ENSP00000338258	0.0
9606.ENSP00000276202	0.0
9606.ENSP00000355731	0.0
9606.ENSP00000279249	0.0
9606.ENSP00000490940	0.0
9606.ENSP00000238789	0.0
9606.ENSP00000253031	0.0
9606.ENSP00000379891	0.0
9606.ENSP00000309415	0.0
9606.ENSP00000242285	0.0
9606.ENSP00000371085	0.0
9606.ENSP00000379256	0.0
9606.ENSP00000391942	0.0
9606.ENSP00000478352	0.0
9606.ENSP00000239144	0.0
9606.ENSP00000309439	0.0
9606.ENSP00000272369	0.0
9606.ENSP00000362444	0.0
9606.ENSP00000417207	0.0
9606.ENSP00000331741	0.0
9606.ENSP00000465617	0.0
9606.ENSP00000290551	0.0
9606.ENSP00000239231	0.0
9606.ENSP00000361642	0.0
9606.ENSP00000343190	0.0
9606.ENSP00000322276	0.0
9606.ENSP00000356905	0.0
9606.ENSP00000302108	0.0
9606.ENSP00000364912	0.0
9606.ENSP00000355245	0.0
9606.ENSP00000498116	0.0
9606.ENSP00000371054	0.0
9606.ENSP00000239374	0.0
9606.ENSP00000412708	0.0
9606.ENSP00000356263	0.0
9606.ENSP00000239440	0.0
9606.ENSP00000239449	0.0
9606.ENSP00000239461	0.0
9606.ENSP00000354920	0.0
9606.ENSP00000239462	0.0
9606.ENSP00000404296	0.0
9606.ENSP00000345728	0.0
9606.ENSP00000430598	0.0
9606.ENSP00000310208	0.0
9606.ENSP00000239690	0.0
9606.ENSP00000319664	0.0
9606.ENSP00000275560	0.0
9606.ENSP00000263440	0.0
9606.ENSP00000386597	0.0
9606.ENSP00000482437	0.0
9606.ENSP00000262374	0.0
9606.ENSP00000359224	0.0
9606.ENSP00000239906	0.0
9606.ENSP00000469863	0.0
9606.ENSP00000239926	0.0
9606.ENSP00000355141	0.0
9606.ENSP00000401437	0.0
9606.ENSP00000336894	0.0
9606.ENSP00000300131	0.0
9606.ENSP00000249330	0.0
9606.ENSP00000388744	0.0
9606.ENSP00000349022	0.0
9606.ENSP00000344479	0.0
9606.ENSP00000265340	0.0
9606.ENSP00000318057	0.0
9606.ENSP00000239940	0.0
9606.ENSP00000290524	0.0
9606.ENSP00000366390	0.0
9606.ENSP00000240079	0.0
9606.ENSP00000485627	0.0
9606.ENSP00000484713	0.0
9606.ENSP00000392896	0.0
9606.ENSP00000485513	0.0
9606.ENSP00000282633	0.0
9606.ENSP00000271332	0.0
9606.ENSP00000452414	0.0
9606.ENSP00000467423	0.0
9606.ENSP00000252542	0.0
9606.ENSP00000361467	0.0
9606.ENSP00000357679	0.0
9606.ENSP00000384973	0.0
9606.ENSP00000347997	0.0
9606.ENSP00000343966	0.0
9606.ENSP00000332706	0.0
9606.ENSP00000360922	0.0
9606.ENSP00000358089	0.0
9606.ENSP00000286070	0.0
9606.ENSP00000375109	0.0
9606.ENSP00000380053	0.0
9606.ENSP00000359415	0.0
9606.ENSP00000272395	0.0
9606.ENSP00000257895	0.0
9606.ENSP00000449386	0.0
9606.ENSP00000255304	0.0
9606.ENSP00000240361	0.0
9606.ENSP00000321179	0.0
9606.ENSP00000355001	0.0
9606.ENSP00000433681	0.0
9606.ENSP00000299821	0.0
9606.ENSP00000328228	0.0
9606.ENSP00000334675	0.0
9606.ENSP00000316609	0.0
9606.ENSP00000395232	0.0
9606.ENSP00000240499	0.0
9606.ENSP00000480715	0.0
9606.ENSP00000240615	0.0
9606.ENSP00000336769	0.0
9606.ENSP00000349709	0.0
9606.ENSP00000342215	0.0
9606.ENSP00000341637	0.0
9606.ENSP00000356329	0.0
9606.ENSP00000356310	0.0
9606.ENSP00000240619	0.0
9606.ENSP00000240651	0.0
9606.ENSP00000242249	0.0
9606.ENSP00000436607	0.0
9606.ENSP00000253796	0.0
9606.ENSP00000376177	0.0
9606.ENSP00000331746	0.0
9606.ENSP00000254661	0.0
9606.ENSP00000433490	0.0
9606.ENSP00000240687	0.0
9606.ENSP00000240691	0.0
9606.ENSP00000249284	0.0
9606.ENSP00000325827	0.0
9606.ENSP00000398610	0.0
9606.ENSP00000306100	0.0
9606.ENSP00000319192	0.0
9606.ENSP00000263955	0.0
9606.ENSP00000261845	0.0
9606.ENSP00000264245	0.0
9606.ENSP00000496007	0.0
9606.ENSP00000240922	0.0
9606.ENSP00000384474	0.0
9606.ENSP00000296543	0.0
9606.ENSP00000286794	0.0
9606.ENSP00000261745	0.0
9606.ENSP00000452521	0.0
9606.ENSP00000401237	0.0
9606.ENSP00000335636	0.0
9606.ENSP00000367024	0.0
9606.ENSP00000368716	0.0
9606.ENSP00000295718	0.0
9606.ENSP00000449038	0.0
9606.ENSP00000497691	0.0
9606.ENSP00000253055	0.0
9606.ENSP00000481780	0.0
9606.ENSP00000265026	0.0
9606.ENSP00000248633	0.0
9606.ENSP00000419975	0.0
9606.ENSP00000241051	0.0
9606.ENSP00000315295	0.0
9606.ENSP00000335595	0.0
9606.ENSP00000241052	0.0
9606.ENSP00000371554	0.0
9606.ENSP00000380365	0.0
9606.ENSP00000264170	0.0
9606.ENSP00000481593	0.0
9606.ENSP00000287078	0.0
9606.ENSP00000294973	0.0
9606.ENSP00000388293	0.0
9606.ENSP00000489733	0.0
9606.ENSP00000376287	0.0
9606.ENSP00000463752	0.0
9606.ENSP00000359019	0.0
9606.ENSP00000345868	0.0
9606.ENSP00000264218	0.0
9606.ENSP00000366248	0.0
9606.ENSP00000290953	0.0
9606.ENSP00000296877	0.0
9606.ENSP00000314196	0.0
9606.ENSP00000451976	0.0
9606.ENSP00000241356	0.0
9606.ENSP00000464145	0.0
9606.ENSP00000463051	0.0
9606.ENSP00000442656	0.0
9606.ENSP00000282701	0.0
9606.ENSP00000243349	0.0
9606.ENSP00000287139	0.0
9606.ENSP00000295379	0.0
9606.ENSP00000345492	0.0
9606.ENSP00000427562	0.0
9606.ENSP00000376865	0.0
9606.ENSP00000394049	0.0
9606.ENSP00000241463	0.0
9606.ENSP00000308496	0.0
9606.ENSP00000492671	0.0
9606.ENSP00000241502	0.0
9606.ENSP00000326531	0.0
9606.ENSP00000337632	0.0
9606.ENSP00000491830	0.0
9606.ENSP00000360988	0.0
9606.ENSP00000242776	0.0
9606.ENSP00000295899	0.0
9606.ENSP00000265097	0.0
9606.ENSP00000365280	0.0
9606.ENSP00000419712	0.0
9606.ENSP00000242057	0.0
9606.ENSP00000307479	0.0
9606.ENSP00000490530	0.0
9606.ENSP00000317469	0.0
9606.ENSP00000413017	0.0
9606.ENSP00000419619	0.0
9606.ENSP00000480971	0.0
9606.ENSP00000389998	0.0
9606.ENSP00000376827	0.0
9606.ENSP00000438273	0.0
9606.ENSP00000433157	0.0
9606.ENSP00000264499	0.0
9606.ENSP00000245157	0.0
9606.ENSP00000249016	0.0
9606.ENSP00000272321	0.0
9606.ENSP00000296135	0.0
9606.ENSP00000242104	0.0
9606.ENSP00000348772	0.0
9606.ENSP00000359940	0.0
9606.ENSP00000378857	0.0
9606.ENSP00000481559	0.0
9606.ENSP00000487174	0.0
9606.ENSP00000406209	0.0
9606.ENSP00000360108	0.0
9606.ENSP00000393313	0.0
9606.ENSP00000320543	0.0
9606.ENSP00000263277	0.0
9606.ENSP00000429824	0.0
9606.ENSP00000314499	0.0
9606.ENSP00000317431	0.0
9606.ENSP00000491067	0.0
9606.ENSP00000358994	0.0
9606.ENSP00000336747	0.0
9606.ENSP00000268933	0.0
9606.ENSP00000450799	0.0
9606.ENSP00000480443	0.0
9606.ENSP00000340200	0.0
9606.ENSP00000328364	0.0
9606.ENSP00000371398	0.0
9606.ENSP00000302630	0.0
9606.ENSP00000482027	0.0
9606.ENSP00000326018	0.0
9606.ENSP00000435233	0.0
9606.ENSP00000445626	0.0
9606.ENSP00000355140	0.0
9606.ENSP00000362103	0.0
9606.ENSP00000242505	0.0
9606.ENSP00000381270	0.0
9606.ENSP00000264233	0.0
9606.ENSP00000398211	0.0
9606.ENSP00000340296	0.0
9606.ENSP00000459451	0.0
9606.ENSP00000301956	0.0
9606.ENSP00000327916	0.0
9606.ENSP00000382349	0.0
9606.ENSP00000292147	0.0
9606.ENSP00000327453	0.0
9606.ENSP00000377633	0.0
9606.ENSP00000290363	0.0
9606.ENSP00000371512	0.0
9606.ENSP00000479256	0.0
9606.ENSP00000356030	0.0
9606.ENSP00000242839	0.0
9606.ENSP00000261867	0.0
9606.ENSP00000259392	0.0
9606.ENSP00000363329	0.0
9606.ENSP00000436318	0.0
9606.ENSP00000416508	0.0
9606.ENSP00000260953	0.0
9606.ENSP00000299162	0.0
9606.ENSP00000254079	0.0
9606.ENSP00000282249	0.0
9606.ENSP00000357669	0.0
9606.ENSP00000341083	0.0
9606.ENSP00000296518	0.0
9606.ENSP00000311405	0.0
9606.ENSP00000307321	0.0
9606.ENSP00000346550	0.0
9606.ENSP00000386289	0.0
9606.ENSP00000367668	0.0
9606.ENSP00000498258	0.0
9606.ENSP00000257215	0.0
9606.ENSP00000414558	0.0
9606.ENSP00000365725	0.0
9606.ENSP00000407112	0.0
9606.ENSP00000362817	0.0
9606.ENSP00000297056	0.0
9606.ENSP00000295962	0.0
9606.ENSP00000363596	0.0
9606.ENSP00000297258	0.0
9606.ENSP00000343428	0.0
9606.ENSP00000348931	0.0
9606.ENSP00000243189	0.0
9606.ENSP00000357345	0.0
9606.ENSP00000378505	0.0
9606.ENSP00000425261	0.0
9606.ENSP00000419654	0.0
9606.ENSP00000320898	0.0
9606.ENSP00000262971	0.0
9606.ENSP00000384290	0.0
9606.ENSP00000243346	0.0
9606.ENSP00000306991	0.0
9606.ENSP00000243389	0.0
9606.ENSP00000317382	0.0
9606.ENSP00000334223	0.0
9606.ENSP00000243440	0.0
9606.ENSP00000301887	0.0
9606.ENSP00000465894	0.0
9606.ENSP00000348074	0.0
9606.ENSP00000378536	0.0
9606.ENSP00000381911	0.0
9606.ENSP00000261917	0.0
9606.ENSP00000359216	0.0
9606.ENSP00000365950	0.0
9606.ENSP00000243578	0.0
9606.ENSP00000403465	0.0
9606.ENSP00000304941	0.0
9606.ENSP00000265602	0.0
9606.ENSP00000335094	0.0
9606.ENSP00000334844	0.0
9606.ENSP00000380779	0.0
9606.ENSP00000483364	0.0
9606.ENSP00000314116	0.0
9606.ENSP00000261499	0.0
9606.ENSP00000258173	0.0
9606.ENSP00000243611	0.0
9606.ENSP00000356395	0.0
9606.ENSP00000356385	0.0
9606.ENSP00000356386	0.0
9606.ENSP00000314299	0.0
9606.ENSP00000356037	0.0
9606.ENSP00000243644	0.0
9606.ENSP00000243662	0.0
9606.ENSP00000356465	0.0
9606.ENSP00000326649	0.0
9606.ENSP00000373570	0.0
9606.ENSP00000304292	0.0
9606.ENSP00000243673	0.0
9606.ENSP00000377298	0.0
9606.ENSP00000451211	0.0
9606.ENSP00000341562	0.0
9606.ENSP00000295463	0.0
9606.ENSP00000243878	0.0
9606.ENSP00000268797	0.0
9606.ENSP00000451605	0.0
9606.ENSP00000257776	0.0
9606.ENSP00000243918	0.0
9606.ENSP00000416696	0.0
9606.ENSP00000483486	0.0
9606.ENSP00000243924	0.0
9606.ENSP00000361855	0.0
9606.ENSP00000418193	0.0
9606.ENSP00000361871	0.0
9606.ENSP00000376423	0.0
9606.ENSP00000243938	0.0
9606.ENSP00000337466	0.0
9606.ENSP00000424846	0.0
9606.ENSP00000260386	0.0
9606.ENSP00000265022	0.0
9606.ENSP00000263370	0.0
9606.ENSP00000284061	0.0
9606.ENSP00000361064	0.0
9606.ENSP00000376123	0.0
9606.ENSP00000368966	0.0
9606.ENSP00000373399	0.0
9606.ENSP00000487358	0.0
9606.ENSP00000363046	0.0
9606.ENSP00000304147	0.0
9606.ENSP00000411152	0.0
9606.ENSP00000400892	0.0
9606.ENSP00000359119	0.0
9606.ENSP00000265388	0.0
9606.ENSP00000370208	0.0
9606.ENSP00000446917	0.0
9606.ENSP00000317955	0.0
9606.ENSP00000244043	0.0
9606.ENSP00000389414	0.0
9606.ENSP00000342385	0.0
9606.ENSP00000291294	0.0
9606.ENSP00000253458	0.0
9606.ENSP00000327994	0.0
9606.ENSP00000333329	0.0
9606.ENSP00000413929	0.0
9606.ENSP00000258399	0.0
9606.ENSP00000371133	0.0
9606.ENSP00000244051	0.0
9606.ENSP00000380157	0.0
9606.ENSP00000360676	0.0
9606.ENSP00000456908	0.0
9606.ENSP00000244096	0.0
9606.ENSP00000247306	0.0
9606.ENSP00000359382	0.0
9606.ENSP00000353379	0.0
9606.ENSP00000244137	0.0
9606.ENSP00000325548	0.0
9606.ENSP00000302978	0.0
9606.ENSP00000497008	0.0
9606.ENSP00000389060	0.0
9606.ENSP00000244221	0.0
9606.ENSP00000441140	0.0
9606.ENSP00000244241	0.0
9606.ENSP00000373325	0.0
9606.ENSP00000296318	0.0
9606.ENSP00000304782	0.0
9606.ENSP00000371272	0.0
9606.ENSP00000488481	0.0
9606.ENSP00000300055	0.0
9606.ENSP00000343782	0.0
9606.ENSP00000274024	0.0
9606.ENSP00000320209	0.0
9606.ENSP00000244333	0.0
9606.ENSP00000391490	0.0
9606.ENSP00000308606	0.0
9606.ENSP00000356016	0.0
9606.ENSP00000372139	0.0
9606.ENSP00000244360	0.0
9606.ENSP00000244513	0.0
9606.ENSP00000244519	0.0
9606.ENSP00000366937	0.0
9606.ENSP00000289361	0.0
9606.ENSP00000244527	0.0
9606.ENSP00000264784	0.0
9606.ENSP00000301891	0.0
9606.ENSP00000378757	0.0
9606.ENSP00000371483	0.0
9606.ENSP00000366797	0.0
9606.ENSP00000275227	0.0
9606.ENSP00000244534	0.0
9606.ENSP00000319799	0.0
9606.ENSP00000339566	0.0
9606.ENSP00000244573	0.0
9606.ENSP00000334805	0.0
9606.ENSP00000330074	0.0
9606.ENSP00000333920	0.0
9606.ENSP00000341094	0.0
9606.ENSP00000479617	0.0
9606.ENSP00000256429	0.0
9606.ENSP00000462945	0.0
9606.ENSP00000359095	0.0
9606.ENSP00000387822	0.0
9606.ENSP00000262189	0.0
9606.ENSP00000489311	0.0
9606.ENSP00000468304	0.0
9606.ENSP00000332790	0.0
9606.ENSP00000366679	0.0
9606.ENSP00000438553	0.0
9606.ENSP00000482564	0.0
9606.ENSP00000341214	0.0
9606.ENSP00000337991	0.0
9606.ENSP00000362734	0.0
9606.ENSP00000266070	0.0
9606.ENSP00000350676	0.0
9606.ENSP00000359339	0.0
9606.ENSP00000301067	0.0
9606.ENSP00000373340	0.0
9606.ENSP00000370114	0.0
9606.ENSP00000312244	0.0
9606.ENSP00000322568	0.0
9606.ENSP00000475814	0.0
9606.ENSP00000363640	0.0
9606.ENSP00000297012	0.0
9606.ENSP00000311827	0.0
9606.ENSP00000384629	0.0
9606.ENSP00000402107	0.0
9606.ENSP00000346509	0.0
9606.ENSP00000499734	0.0
9606.ENSP00000421926	0.0
9606.ENSP00000496014	0.0
9606.ENSP00000328484	0.0
9606.ENSP00000423563	0.0
9606.ENSP00000394085	0.0
9606.ENSP00000355656	0.0
9606.ENSP00000329662	0.0
9606.ENSP00000244565	0.0
9606.ENSP00000244623	0.0
9606.ENSP00000449999	0.0
9606.ENSP00000342570	0.0
9606.ENSP00000376397	0.0
9606.ENSP00000418767	0.0
9606.ENSP00000471493	0.0
9606.ENSP00000303153	0.0
9606.ENSP00000318234	0.0
9606.ENSP00000244745	0.0
9606.ENSP00000415822	0.0
9606.ENSP00000458663	0.0
9606.ENSP00000391269	0.0
9606.ENSP00000355028	0.0
9606.ENSP00000379915	0.0
9606.ENSP00000353646	0.0
9606.ENSP00000361214	0.0
9606.ENSP00000368982	0.0
9606.ENSP00000245185	0.0
9606.ENSP00000369139	0.0
9606.ENSP00000359321	0.0
9606.ENSP00000330587	0.0
9606.ENSP00000334872	0.0
9606.ENSP00000423099	0.0
9606.ENSP00000377995	0.0
9606.ENSP00000373860	0.0
9606.ENSP00000363533	0.0
9606.ENSP00000413064	0.0
9606.ENSP00000263080	0.0
9606.ENSP00000366682	0.0
9606.ENSP00000400057	0.0
9606.ENSP00000245255	0.0
9606.ENSP00000357812	0.0
9606.ENSP00000317177	0.0
9606.ENSP00000446485	0.0
9606.ENSP00000299001	0.0
9606.ENSP00000255324	0.0
9606.ENSP00000387303	0.0
9606.ENSP00000406052	0.0
9606.ENSP00000356846	0.0
9606.ENSP00000346065	0.0
9606.ENSP00000348132	0.0
9606.ENSP00000262794	0.0
9606.ENSP00000384376	0.0
9606.ENSP00000251864	0.0
9606.ENSP00000245304	0.0
9606.ENSP00000363895	0.0
9606.ENSP00000264431	0.0
9606.ENSP00000296859	0.0
9606.ENSP00000383212	0.0
9606.ENSP00000462099	0.0
9606.ENSP00000386229	0.0
9606.ENSP00000399511	0.0
9606.ENSP00000410862	0.0
9606.ENSP00000337732	0.0
9606.ENSP00000377771	0.0
9606.ENSP00000245312	0.0
9606.ENSP00000266088	0.0
9606.ENSP00000262510	0.0
9606.ENSP00000346206	0.0
9606.ENSP00000359490	0.0
9606.ENSP00000337014	0.0
9606.ENSP00000324763	0.0
9606.ENSP00000304930	0.0
9606.ENSP00000253968	0.0
9606.ENSP00000495061	0.0
9606.ENSP00000256592	0.0
9606.ENSP00000379644	0.0
9606.ENSP00000398273	0.0
9606.ENSP00000348944	0.0
9606.ENSP00000382342	0.0
9606.ENSP00000348886	0.0
9606.ENSP00000333926	0.0
9606.ENSP00000466214	0.0
9606.ENSP00000366690	0.0
9606.ENSP00000370021	0.0
9606.ENSP00000352572	0.0
9606.ENSP00000369614	0.0
9606.ENSP00000319052	0.0
9606.ENSP00000291572	0.0
9606.ENSP00000310551	0.0
9606.ENSP00000314036	0.0
9606.ENSP00000477627	0.0
9606.ENSP00000245620	0.0
9606.ENSP00000379651	0.0
9606.ENSP00000245787	0.0
9606.ENSP00000297146	0.0
9606.ENSP00000430955	0.0
9606.ENSP00000265565	0.0
9606.ENSP00000245796	0.0
9606.ENSP00000323847	0.0
9606.ENSP00000245810	0.0
9606.ENSP00000387435	0.0
9606.ENSP00000347591	0.0
9606.ENSP00000274721	0.0
9606.ENSP00000313423	0.0
9606.ENSP00000302648	0.0
9606.ENSP00000343636	0.0
9606.ENSP00000428518	0.0
9606.ENSP00000357980	0.0
9606.ENSP00000362393	0.0
9606.ENSP00000262375	0.0
9606.ENSP00000385470	0.0
9606.ENSP00000306887	0.0
9606.ENSP00000291688	0.0
9606.ENSP00000255305	0.0
9606.ENSP00000410815	0.0
9606.ENSP00000270879	0.0
9606.ENSP00000360997	0.0
9606.ENSP00000291744	0.0
9606.ENSP00000255416	0.0
9606.ENSP00000410926	0.0
9606.ENSP00000385035	0.0
9606.ENSP00000383690	0.0
9606.ENSP00000388275	0.0
9606.ENSP00000363869	0.0
9606.ENSP00000493607	0.0
9606.ENSP00000444271	0.0
9606.ENSP00000360871	0.0
9606.ENSP00000411770	0.0
9606.ENSP00000421736	0.0
9606.ENSP00000245908	0.0
9606.ENSP00000261503	0.0
9606.ENSP00000284629	0.0
9606.ENSP00000317817	0.0
9606.ENSP00000399465	0.0
9606.ENSP00000245923	0.0
9606.ENSP00000367590	0.0
9606.ENSP00000392197	0.0
9606.ENSP00000267484	0.0
9606.ENSP00000351155	0.0
9606.ENSP00000350937	0.0
9606.ENSP00000421280	0.0
9606.ENSP00000450864	0.0
9606.ENSP00000406229	0.0
9606.ENSP00000491657	0.0
9606.ENSP00000298355	0.0
9606.ENSP00000325240	0.0
9606.ENSP00000425556	0.0
9606.ENSP00000376007	0.0
9606.ENSP00000283928	0.0
9606.ENSP00000271636	0.0
9606.ENSP00000245957	0.0
9606.ENSP00000273390	0.0
9606.ENSP00000288912	0.0
9606.ENSP00000380675	0.0
9606.ENSP00000371614	0.0
9606.ENSP00000310649	0.0
9606.ENSP00000262300	0.0
9606.ENSP00000426070	0.0
9606.ENSP00000246012	0.0
9606.ENSP00000366170	0.0
9606.ENSP00000246024	0.0
9606.ENSP00000353048	0.0
9606.ENSP00000364946	0.0
9606.ENSP00000262041	0.0
9606.ENSP00000246105	0.0
9606.ENSP00000381703	0.0
9606.ENSP00000253381	0.0
9606.ENSP00000319126	0.0
9606.ENSP00000435010	0.0
9606.ENSP00000335538	0.0
9606.ENSP00000335382	0.0
9606.ENSP00000371813	0.0
9606.ENSP00000326309	0.0
9606.ENSP00000371835	0.0
9606.ENSP00000383396	0.0
9606.ENSP00000365492	0.0
9606.ENSP00000371847	0.0
9606.ENSP00000312702	0.0
9606.ENSP00000365486	0.0
9606.ENSP00000360190	0.0
9606.ENSP00000417128	0.0
9606.ENSP00000375063	0.0
9606.ENSP00000483125	0.0
9606.ENSP00000359392	0.0
9606.ENSP00000359384	0.0
9606.ENSP00000287667	0.0
9606.ENSP00000428714	0.0
9606.ENSP00000400224	0.0
9606.ENSP00000246166	0.0
9606.ENSP00000353104	0.0
9606.ENSP00000358033	0.0
9606.ENSP00000361845	0.0
9606.ENSP00000365388	0.0
9606.ENSP00000309163	0.0
9606.ENSP00000475473	0.0
9606.ENSP00000357480	0.0
9606.ENSP00000246190	0.0
9606.ENSP00000387380	0.0
9606.ENSP00000307449	0.0
9606.ENSP00000315136	0.0
9606.ENSP00000246229	0.0
9606.ENSP00000364864	0.0
9606.ENSP00000381104	0.0
9606.ENSP00000246337	0.0
9606.ENSP00000497326	0.0
9606.ENSP00000357787	0.0
9606.ENSP00000417404	0.0
9606.ENSP00000302578	0.0
9606.ENSP00000356978	0.0
9606.ENSP00000246515	0.0
9606.ENSP00000477648	0.0
9606.ENSP00000380605	0.0
9606.ENSP00000334463	0.0
9606.ENSP00000399485	0.0
9606.ENSP00000312663	0.0
9606.ENSP00000292430	0.0
9606.ENSP00000319846	0.0
9606.ENSP00000246529	0.0
9606.ENSP00000353030	0.0
9606.ENSP00000378368	0.0
9606.ENSP00000246532	0.0
9606.ENSP00000415823	0.0
9606.ENSP00000344860	0.0
9606.ENSP00000246535	0.0
9606.ENSP00000331879	0.0
9606.ENSP00000394791	0.0
9606.ENSP00000270225	0.0
9606.ENSP00000409666	0.0
9606.ENSP00000327197	0.0
9606.ENSP00000318635	0.0
9606.ENSP00000376765	0.0
9606.ENSP00000339634	0.0
9606.ENSP00000276218	0.0
9606.ENSP00000360538	0.0
9606.ENSP00000450310	0.0
9606.ENSP00000246635	0.0
9606.ENSP00000448220	0.0
9606.ENSP00000246646	0.0
9606.ENSP00000330720	0.0
9606.ENSP00000332805	0.0
9606.ENSP00000317578	0.0
9606.ENSP00000381129	0.0
9606.ENSP00000479955	0.0
9606.ENSP00000347655	0.0
9606.ENSP00000376609	0.0
9606.ENSP00000261880	0.0
9606.ENSP00000264071	0.0
9606.ENSP00000287600	0.0
9606.ENSP00000337040	0.0
9606.ENSP00000265080	0.0
9606.ENSP00000405963	0.0
9606.ENSP00000335029	0.0
9606.ENSP00000308461	0.0
9606.ENSP00000286364	0.0
9606.ENSP00000403524	0.0
9606.ENSP00000482218	0.0
9606.ENSP00000343656	0.0
9606.ENSP00000479844	0.0
9606.ENSP00000341905	0.0
9606.ENSP00000416523	0.0
9606.ENSP00000250617	0.0
9606.ENSP00000246801	0.0
9606.ENSP00000450244	0.0
9606.ENSP00000262940	0.0
9606.ENSP00000356621	0.0
9606.ENSP00000338864	0.0
9606.ENSP00000356000	0.0
9606.ENSP00000394510	0.0
9606.ENSP00000362634	0.0
9606.ENSP00000375081	0.0
9606.ENSP00000339179	0.0
9606.ENSP00000382544	0.0
9606.ENSP00000246841	0.0
9606.ENSP00000246868	0.0
9606.ENSP00000371451	0.0
9606.ENSP00000302413	0.0
9606.ENSP00000246891	0.0
9606.ENSP00000304822	0.0
9606.ENSP00000481313	0.0
9606.ENSP00000498853	0.0
9606.ENSP00000312649	0.0
9606.ENSP00000246914	0.0
9606.ENSP00000395983	0.0
9606.ENSP00000367446	0.0
9606.ENSP00000251241	0.0
9606.ENSP00000259216	0.0
9606.ENSP00000323155	0.0
9606.ENSP00000247026	0.0
9606.ENSP00000378312	0.0
9606.ENSP00000343002	0.0
9606.ENSP00000296343	0.0
9606.ENSP00000357674	0.0
9606.ENSP00000491504	0.0
9606.ENSP00000479919	0.0
9606.ENSP00000421981	0.0
9606.ENSP00000263181	0.0
9606.ENSP00000250056	0.0
9606.ENSP00000305204	0.0
9606.ENSP00000415430	0.0
9606.ENSP00000370781	0.0
9606.ENSP00000355090	0.0
9606.ENSP00000367276	0.0
9606.ENSP00000362613	0.0
9606.ENSP00000362298	0.0
9606.ENSP00000283629	0.0
9606.ENSP00000247226	0.0
9606.ENSP00000247270	0.0
9606.ENSP00000333779	0.0
9606.ENSP00000464121	0.0
9606.ENSP00000330631	0.0
9606.ENSP00000285879	0.0
9606.ENSP00000333487	0.0
9606.ENSP00000338796	0.0
9606.ENSP00000473093	0.0
9606.ENSP00000480637	0.0
9606.ENSP00000485541	0.0
9606.ENSP00000349085	0.0
9606.ENSP00000294785	0.0
9606.ENSP00000465261	0.0
9606.ENSP00000365938	0.0
9606.ENSP00000393316	0.0
9606.ENSP00000325561	0.0
9606.ENSP00000261735	0.0
9606.ENSP00000350223	0.0
9606.ENSP00000269881	0.0
9606.ENSP00000278422	0.0
9606.ENSP00000262455	0.0
9606.ENSP00000404833	0.0
9606.ENSP00000492367	0.0
9606.ENSP00000304336	0.0
9606.ENSP00000327763	0.0
9606.ENSP00000291592	0.0
9606.ENSP00000436691	0.0
9606.ENSP00000379826	0.0
9606.ENSP00000479071	0.0
9606.ENSP00000294066	0.0
9606.ENSP00000426103	0.0
9606.ENSP00000328203	0.0
9606.ENSP00000345984	0.0
9606.ENSP00000259371	0.0
9606.ENSP00000354911	0.0
9606.ENSP00000247706	0.0
9606.ENSP00000377971	0.0
9606.ENSP00000415436	0.0
9606.ENSP00000396749	0.0
9606.ENSP00000314806	0.0
9606.ENSP00000427329	0.0
9606.ENSP00000307411	0.0
9606.ENSP00000247879	0.0
9606.ENSP00000247881	0.0
9606.ENSP00000247883	0.0
9606.ENSP00000247930	0.0
9606.ENSP00000338572	0.0
9606.ENSP00000345849	0.0
9606.ENSP00000337425	0.0
9606.ENSP00000247956	0.0
9606.ENSP00000372154	0.0
9606.ENSP00000247970	0.0
9606.ENSP00000385571	0.0
9606.ENSP00000369500	0.0
9606.ENSP00000391249	0.0
9606.ENSP00000354560	0.0
9606.ENSP00000296741	0.0
9606.ENSP00000426932	0.0
9606.ENSP00000323816	0.0
9606.ENSP00000296641	0.0
9606.ENSP00000248098	0.0
9606.ENSP00000348316	0.0
9606.ENSP00000357927	0.0
9606.ENSP00000356574	0.0
9606.ENSP00000351536	0.0
9606.ENSP00000324729	0.0
9606.ENSP00000427772	0.0
9606.ENSP00000248121	0.0
9606.ENSP00000248139	0.0
9606.ENSP00000465295	0.0
9606.ENSP00000328215	0.0
9606.ENSP00000493015	0.0
9606.ENSP00000493430	0.0
9606.ENSP00000492919	0.0
9606.ENSP00000493011	0.0
9606.ENSP00000493026	0.0
9606.ENSP00000492957	0.0
9606.ENSP00000287907	0.0
9606.ENSP00000493289	0.0
9606.ENSP00000380153	0.0
9606.ENSP00000493404	0.0
9606.ENSP00000339726	0.0
9606.ENSP00000493295	0.0
9606.ENSP00000331823	0.0
9606.ENSP00000316955	0.0
9606.ENSP00000319546	0.0
9606.ENSP00000492973	0.0
9606.ENSP00000436004	0.0
9606.ENSP00000318834	0.0
9606.ENSP00000493043	0.0
9606.ENSP00000305055	0.0
9606.ENSP00000493085	0.0
9606.ENSP00000493124	0.0
9606.ENSP00000307515	0.0
9606.ENSP00000492975	0.0
9606.ENSP00000366354	0.0
9606.ENSP00000493195	0.0
9606.ENSP00000493431	0.0
9606.ENSP00000493103	0.0
9606.ENSP00000387523	0.0
9606.ENSP00000492944	0.0
9606.ENSP00000492978	0.0
9606.ENSP00000493342	0.0
9606.ENSP00000492958	0.0
9606.ENSP00000485319	0.0
9606.ENSP00000493298	0.0
9606.ENSP00000248211	0.0
9606.ENSP00000468032	0.0
9606.ENSP00000282382	0.0
9606.ENSP00000415139	0.0
9606.ENSP00000248248	0.0
9606.ENSP00000296473	0.0
9606.ENSP00000269221	0.0
9606.ENSP00000248306	0.0
9606.ENSP00000377796	0.0
9606.ENSP00000357829	0.0
9606.ENSP00000350874	0.0
9606.ENSP00000262432	0.0
9606.ENSP00000298585	0.0
9606.ENSP00000482552	0.0
9606.ENSP00000456206	0.0
9606.ENSP00000496713	0.0
9606.ENSP00000323264	0.0
9606.ENSP00000310593	0.0
9606.ENSP00000348054	0.0
9606.ENSP00000302562	0.0
9606.ENSP00000310219	0.0
9606.ENSP00000354501	0.0
9606.ENSP00000375855	0.0
9606.ENSP00000387261	0.0
9606.ENSP00000248598	0.0
9606.ENSP00000262294	0.0
9606.ENSP00000462963	0.0
9606.ENSP00000287025	0.0
9606.ENSP00000248668	0.0
9606.ENSP00000370593	0.0
9606.ENSP00000248706	0.0
9606.ENSP00000248846	0.0
9606.ENSP00000311500	0.0
9606.ENSP00000386419	0.0
9606.ENSP00000446093	0.0
9606.ENSP00000262891	0.0
9606.ENSP00000261965	0.0
9606.ENSP00000343818	0.0
9606.ENSP00000320797	0.0
9606.ENSP00000359398	0.0
9606.ENSP00000260383	0.0
9606.ENSP00000367049	0.0
9606.ENSP00000251412	0.0
9606.ENSP00000383301	0.0
9606.ENSP00000248901	0.0
9606.ENSP00000350032	0.0
9606.ENSP00000394751	0.0
9606.ENSP00000337587	0.0
9606.ENSP00000264595	0.0
9606.ENSP00000383232	0.0
9606.ENSP00000248933	0.0
9606.ENSP00000386096	0.0
9606.ENSP00000383938	0.0
9606.ENSP00000369390	0.0
9606.ENSP00000356150	0.0
9606.ENSP00000264255	0.0
9606.ENSP00000261439	0.0
9606.ENSP00000249007	0.0
9606.ENSP00000383096	0.0
9606.ENSP00000423917	0.0
9606.ENSP00000281806	0.0
9606.ENSP00000249041	0.0
9606.ENSP00000371110	0.0
9606.ENSP00000349884	0.0
9606.ENSP00000249064	0.0
9606.ENSP00000312185	0.0
9606.ENSP00000425394	0.0
9606.ENSP00000290246	0.0
9606.ENSP00000354451	0.0
9606.ENSP00000266037	0.0
9606.ENSP00000277895	0.0
9606.ENSP00000316845	0.0
9606.ENSP00000398560	0.0
9606.ENSP00000319831	0.0
9606.ENSP00000349658	0.0
9606.ENSP00000378935	0.0
9606.ENSP00000448219	0.0
9606.ENSP00000311899	0.0
9606.ENSP00000328079	0.0
9606.ENSP00000285667	0.0
9606.ENSP00000249363	0.0
9606.ENSP00000376921	0.0
9606.ENSP00000359085	0.0
9606.ENSP00000273395	0.0
9606.ENSP00000251268	0.0
9606.ENSP00000353904	0.0
9606.ENSP00000298743	0.0
9606.ENSP00000255641	0.0
9606.ENSP00000454926	0.0
9606.ENSP00000369126	0.0
9606.ENSP00000264956	0.0
9606.ENSP00000376458	0.0
9606.ENSP00000342144	0.0
9606.ENSP00000327832	0.0
9606.ENSP00000364613	0.0
9606.ENSP00000319992	0.0
9606.ENSP00000386498	0.0
9606.ENSP00000312385	0.0
9606.ENSP00000440905	0.0
9606.ENSP00000249499	0.0
9606.ENSP00000376322	0.0
9606.ENSP00000249501	0.0
9606.ENSP00000249504	0.0
9606.ENSP00000315949	0.0
9606.ENSP00000444201	0.0
9606.ENSP00000403397	0.0
9606.ENSP00000365530	0.0
9606.ENSP00000249700	0.0
9606.ENSP00000281282	0.0
9606.ENSP00000334958	0.0
9606.ENSP00000427866	0.0
9606.ENSP00000409315	0.0
9606.ENSP00000351790	0.0
9606.ENSP00000345259	0.0
9606.ENSP00000349041	0.0
9606.ENSP00000377721	0.0
9606.ENSP00000354608	0.0
9606.ENSP00000492240	0.0
9606.ENSP00000249861	0.0
9606.ENSP00000292894	0.0
9606.ENSP00000367030	0.0
9606.ENSP00000450969	0.0
9606.ENSP00000406047	0.0
9606.ENSP00000299705	0.0
9606.ENSP00000270176	0.0
9606.ENSP00000480707	0.0
9606.ENSP00000320081	0.0
9606.ENSP00000258739	0.0
9606.ENSP00000401678	0.0
9606.ENSP00000320957	0.0
9606.ENSP00000488748	0.0
9606.ENSP00000444788	0.0
9606.ENSP00000370639	0.0
9606.ENSP00000385461	0.0
9606.ENSP00000250076	0.0
9606.ENSP00000380061	0.0
9606.ENSP00000366509	0.0
9606.ENSP00000377725	0.0
9606.ENSP00000395259	0.0
9606.ENSP00000292450	0.0
9606.ENSP00000472802	0.0
9606.ENSP00000355053	0.0
9606.ENSP00000392371	0.0
9606.ENSP00000265598	0.0
9606.ENSP00000357156	0.0
9606.ENSP00000421871	0.0
9606.ENSP00000405453	0.0
9606.ENSP00000306372	0.0
9606.ENSP00000440190	0.0
9606.ENSP00000381773	0.0
9606.ENSP00000250124	0.0
9606.ENSP00000404854	0.0
9606.ENSP00000250237	0.0
9606.ENSP00000420682	0.0
9606.ENSP00000356984	0.0
9606.ENSP00000250340	0.0
9606.ENSP00000250351	0.0
9606.ENSP00000481309	0.0
9606.ENSP00000278888	0.0
9606.ENSP00000384924	0.0
9606.ENSP00000406598	0.0
9606.ENSP00000369075	0.0
9606.ENSP00000491341	0.0
9606.ENSP00000363149	0.0
9606.ENSP00000381486	0.0
9606.ENSP00000430690	0.0
9606.ENSP00000291527	0.0
9606.ENSP00000362340	0.0
9606.ENSP00000401566	0.0
9606.ENSP00000250457	0.0
9606.ENSP00000469686	0.0
9606.ENSP00000322457	0.0
9606.ENSP00000366898	0.0
9606.ENSP00000397843	0.0
9606.ENSP00000454264	0.0
9606.ENSP00000366249	0.0
9606.ENSP00000370055	0.0
9606.ENSP00000348769	0.0
9606.ENSP00000362888	0.0
9606.ENSP00000355589	0.0
9606.ENSP00000254695	0.0
9606.ENSP00000489407	0.0
9606.ENSP00000264042	0.0
9606.ENSP00000450832	0.0
9606.ENSP00000311502	0.0
9606.ENSP00000256689	0.0
9606.ENSP00000449756	0.0
9606.ENSP00000477341	0.0
9606.ENSP00000250693	0.0
9606.ENSP00000354874	0.0
9606.ENSP00000250699	0.0
9606.ENSP00000261007	0.0
9606.ENSP00000250823	0.0
9606.ENSP00000302319	0.0
9606.ENSP00000402280	0.0
9606.ENSP00000441273	0.0
9606.ENSP00000302968	0.0
9606.ENSP00000371870	0.0
9606.ENSP00000371829	0.0
9606.ENSP00000303300	0.0
9606.ENSP00000371724	0.0
9606.ENSP00000371802	0.0
9606.ENSP00000329106	0.0
9606.ENSP00000303599	0.0
9606.ENSP00000499795	0.0
9606.ENSP00000250825	0.0
9606.ENSP00000250831	0.0
9606.ENSP00000391723	0.0
9606.ENSP00000257312	0.0
9606.ENSP00000376658	0.0
9606.ENSP00000445366	0.0
9606.ENSP00000341992	0.0
9606.ENSP00000303978	0.0
9606.ENSP00000358535	0.0
9606.ENSP00000293695	0.0
9606.ENSP00000349208	0.0
9606.ENSP00000250916	0.0
9606.ENSP00000250974	0.0
9606.ENSP00000376553	0.0
9606.ENSP00000304502	0.0
9606.ENSP00000380785	0.0
9606.ENSP00000308339	0.0
9606.ENSP00000377374	0.0
9606.ENSP00000366280	0.0
9606.ENSP00000303366	0.0
9606.ENSP00000491014	0.0
9606.ENSP00000362339	0.0
9606.ENSP00000369268	0.0
9606.ENSP00000328478	0.0
9606.ENSP00000332513	0.0
9606.ENSP00000362308	0.0
9606.ENSP00000251108	0.0
9606.ENSP00000441831	0.0
9606.ENSP00000261647	0.0
9606.ENSP00000251127	0.0
9606.ENSP00000303522	0.0
9606.ENSP00000256339	0.0
9606.ENSP00000391088	0.0
9606.ENSP00000365080	0.0
9606.ENSP00000347712	0.0
9606.ENSP00000354688	0.0
9606.ENSP00000419475	0.0
9606.ENSP00000274458	0.0
9606.ENSP00000394331	0.0
9606.ENSP00000267935	0.0
9606.ENSP00000370984	0.0
9606.ENSP00000366032	0.0
9606.ENSP00000251157	0.0
9606.ENSP00000251170	0.0
9606.ENSP00000251203	0.0
9606.ENSP00000453307	0.0
9606.ENSP00000298282	0.0
9606.ENSP00000291547	0.0
9606.ENSP00000291495	0.0
9606.ENSP00000488838	0.0
9606.ENSP00000253329	0.0
9606.ENSP00000269391	0.0
9606.ENSP00000344782	0.0
9606.ENSP00000251287	0.0
9606.ENSP00000357342	0.0
9606.ENSP00000307342	0.0
9606.ENSP00000370653	0.0
9606.ENSP00000360255	0.0
9606.ENSP00000316605	0.0
9606.ENSP00000251372	0.0
9606.ENSP00000288221	0.0
9606.ENSP00000278886	0.0
9606.ENSP00000385215	0.0
9606.ENSP00000370803	0.0
9606.ENSP00000287482	0.0
9606.ENSP00000257287	0.0
9606.ENSP00000313752	0.0
9606.ENSP00000251472	0.0
9606.ENSP00000346151	0.0
9606.ENSP00000360944	0.0
9606.ENSP00000265018	0.0
9606.ENSP00000371661	0.0
9606.ENSP00000290354	0.0
9606.ENSP00000499140	0.0
9606.ENSP00000497183	0.0
9606.ENSP00000251588	0.0
9606.ENSP00000283027	0.0
9606.ENSP00000387471	0.0
9606.ENSP00000418287	0.0
9606.ENSP00000300030	0.0
9606.ENSP00000262302	0.0
9606.ENSP00000377914	0.0
9606.ENSP00000359818	0.0
9606.ENSP00000429200	0.0
9606.ENSP00000260988	0.0
9606.ENSP00000357733	0.0
9606.ENSP00000301671	0.0
9606.ENSP00000251643	0.0
9606.ENSP00000333993	0.0
9606.ENSP00000375430	0.0
9606.ENSP00000305975	0.0
9606.ENSP00000392189	0.0
9606.ENSP00000375429	0.0
9606.ENSP00000375236	0.0
9606.ENSP00000344420	0.0
9606.ENSP00000251691	0.0
9606.ENSP00000251768	0.0
9606.ENSP00000482968	0.0
9606.ENSP00000474032	0.0
9606.ENSP00000455791	0.0
9606.ENSP00000347626	0.0
9606.ENSP00000324323	0.0
9606.ENSP00000363349	0.0
9606.ENSP00000304429	0.0
9606.ENSP00000369383	0.0
9606.ENSP00000390621	0.0
9606.ENSP00000330031	0.0
9606.ENSP00000370519	0.0
9606.ENSP00000354871	0.0
9606.ENSP00000251921	0.0
9606.ENSP00000364627	0.0
9606.ENSP00000307275	0.0
9606.ENSP00000459533	0.0
9606.ENSP00000360475	0.0
9606.ENSP00000322937	0.0
9606.ENSP00000460823	0.0
9606.ENSP00000251993	0.0
9606.ENSP00000462745	0.0
9606.ENSP00000252032	0.0
9606.ENSP00000438886	0.0
9606.ENSP00000303158	0.0
9606.ENSP00000286760	0.0
9606.ENSP00000252087	0.0
9606.ENSP00000306918	0.0
9606.ENSP00000252100	0.0
9606.ENSP00000355251	0.0
9606.ENSP00000296015	0.0
9606.ENSP00000360488	0.0
9606.ENSP00000291577	0.0
9606.ENSP00000310861	0.0
9606.ENSP00000252250	0.0
9606.ENSP00000360597	0.0
9606.ENSP00000342710	0.0
9606.ENSP00000252245	0.0
9606.ENSP00000446280	0.0
9606.ENSP00000487785	0.0
9606.ENSP00000328511	0.0
9606.ENSP00000499300	0.0
9606.ENSP00000306275	0.0
9606.ENSP00000484398	0.0
9606.ENSP00000293879	0.0
9606.ENSP00000381007	0.0
9606.ENSP00000379396	0.0
9606.ENSP00000316675	0.0
9606.ENSP00000356991	0.0
9606.ENSP00000303211	0.0
9606.ENSP00000499121	0.0
9606.ENSP00000355747	0.0
9606.ENSP00000375616	0.0
9606.ENSP00000468411	0.0
9606.ENSP00000352601	0.0
9606.ENSP00000356562	0.0
9606.ENSP00000261835	0.0
9606.ENSP00000252505	0.0
9606.ENSP00000418693	0.0
9606.ENSP00000296721	0.0
9606.ENSP00000252512	0.0
9606.ENSP00000361418	0.0
9606.ENSP00000252530	0.0
9606.ENSP00000305071	0.0
9606.ENSP00000377047	0.0
9606.ENSP00000344468	0.0
9606.ENSP00000373244	0.0
9606.ENSP00000330633	0.0
9606.ENSP00000356646	0.0
9606.ENSP00000411848	0.0
9606.ENSP00000291759	0.0
9606.ENSP00000363645	0.0
9606.ENSP00000361097	0.0
9606.ENSP00000500193	0.0
9606.ENSP00000252603	0.0
9606.ENSP00000356033	0.0
9606.ENSP00000338785	0.0
9606.ENSP00000294952	0.0
9606.ENSP00000479910	0.0
9606.ENSP00000362238	0.0
9606.ENSP00000356587	0.0
9606.ENSP00000297508	0.0
9606.ENSP00000340279	0.0
9606.ENSP00000331636	0.0
9606.ENSP00000312634	0.0
9606.ENSP00000433102	0.0
9606.ENSP00000340913	0.0
9606.ENSP00000366757	0.0
9606.ENSP00000480359	0.0
9606.ENSP00000377789	0.0
9606.ENSP00000293230	0.0
9606.ENSP00000252809	0.0
9606.ENSP00000380553	0.0
9606.ENSP00000267569	0.0
9606.ENSP00000333984	0.0
9606.ENSP00000283254	0.0
9606.ENSP00000386306	0.0
9606.ENSP00000368411	0.0
9606.ENSP00000490107	0.0
9606.ENSP00000390600	0.0
9606.ENSP00000301365	0.0
9606.ENSP00000252835	0.0
9606.ENSP00000386862	0.0
9606.ENSP00000263925	0.0
9606.ENSP00000325929	0.0
9606.ENSP00000334836	0.0
9606.ENSP00000252934	0.0
9606.ENSP00000311505	0.0
9606.ENSP00000267890	0.0
9606.ENSP00000252939	0.0
9606.ENSP00000377353	0.0
9606.ENSP00000337972	0.0
9606.ENSP00000326604	0.0
9606.ENSP00000290759	0.0
9606.ENSP00000252992	0.0
9606.ENSP00000356172	0.0
9606.ENSP00000252997	0.0
9606.ENSP00000384179	0.0
9606.ENSP00000270233	0.0
9606.ENSP00000358142	0.0
9606.ENSP00000261721	0.0
9606.ENSP00000338671	0.0
9606.ENSP00000347188	0.0
9606.ENSP00000356982	0.0
9606.ENSP00000292530	0.0
9606.ENSP00000355658	0.0
9606.ENSP00000294753	0.0
9606.ENSP00000337122	0.0
9606.ENSP00000460547	0.0
9606.ENSP00000493970	0.0
9606.ENSP00000334853	0.0
9606.ENSP00000347043	0.0
9606.ENSP00000346729	0.0
9606.ENSP00000439427	0.0
9606.ENSP00000304268	0.0
9606.ENSP00000457274	0.0
9606.ENSP00000482540	0.0
9606.ENSP00000287461	0.0
9606.ENSP00000337368	0.0
9606.ENSP00000311957	0.0
9606.ENSP00000444412	0.0
9606.ENSP00000437616	0.0
9606.ENSP00000342002	0.0
9606.ENSP00000300870	0.0
9606.ENSP00000483059	0.0
9606.ENSP00000477841	0.0
9606.ENSP00000353491	0.0
9606.ENSP00000469998	0.0
9606.ENSP00000324064	0.0
9606.ENSP00000292579	0.0
9606.ENSP00000269973	0.0
9606.ENSP00000263182	0.0
9606.ENSP00000366265	0.0
9606.ENSP00000273320	0.0
9606.ENSP00000345809	0.0
9606.ENSP00000292928	0.0
9606.ENSP00000303696	0.0
9606.ENSP00000444812	0.0
9606.ENSP00000311319	0.0
9606.ENSP00000340841	0.0
9606.ENSP00000382511	0.0
9606.ENSP00000457044	0.0
9606.ENSP00000418719	0.0
9606.ENSP00000379387	0.0
9606.ENSP00000322265	0.0
9606.ENSP00000401642	0.0
9606.ENSP00000288177	0.0
9606.ENSP00000281141	0.0
9606.ENSP00000416250	0.0
9606.ENSP00000445905	0.0
9606.ENSP00000441927	0.0
9606.ENSP00000253079	0.0
9606.ENSP00000377520	0.0
9606.ENSP00000348459	0.0
9606.ENSP00000357307	0.0
9606.ENSP00000262866	0.0
9606.ENSP00000253109	0.0
9606.ENSP00000253110	0.0
9606.ENSP00000253122	0.0
9606.ENSP00000253188	0.0
9606.ENSP00000253193	0.0
9606.ENSP00000330361	0.0
9606.ENSP00000403343	0.0
9606.ENSP00000299192	0.0
9606.ENSP00000321320	0.0
9606.ENSP00000253255	0.0
9606.ENSP00000378326	0.0
9606.ENSP00000253270	0.0
9606.ENSP00000328069	0.0
9606.ENSP00000344929	0.0
9606.ENSP00000292641	0.0
9606.ENSP00000364603	0.0
9606.ENSP00000364632	0.0
9606.ENSP00000262146	0.0
9606.ENSP00000371643	0.0
9606.ENSP00000320813	0.0
9606.ENSP00000334364	0.0
9606.ENSP00000334330	0.0
9606.ENSP00000333234	0.0
9606.ENSP00000383398	0.0
9606.ENSP00000382951	0.0
9606.ENSP00000334681	0.0
9606.ENSP00000450873	0.0
9606.ENSP00000262430	0.0
9606.ENSP00000475986	0.0
9606.ENSP00000253407	0.0
9606.ENSP00000359630	0.0
9606.ENSP00000377372	0.0
9606.ENSP00000353508	0.0
9606.ENSP00000265113	0.0
9606.ENSP00000273450	0.0
9606.ENSP00000253410	0.0
9606.ENSP00000322832	0.0
9606.ENSP00000441858	0.0
9606.ENSP00000383719	0.0
9606.ENSP00000322845	0.0
9606.ENSP00000264870	0.0
9606.ENSP00000418754	0.0
9606.ENSP00000359526	0.0
9606.ENSP00000444561	0.0
9606.ENSP00000355637	0.0
9606.ENSP00000497532	0.0
9606.ENSP00000253673	0.0
9606.ENSP00000253693	0.0
9606.ENSP00000422176	0.0
9606.ENSP00000400882	0.0
9606.ENSP00000343140	0.0
9606.ENSP00000263991	0.0
9606.ENSP00000358200	0.0
9606.ENSP00000304376	0.0
9606.ENSP00000459943	0.0
9606.ENSP00000447053	0.0
9606.ENSP00000288266	0.0
9606.ENSP00000253754	0.0
9606.ENSP00000393392	0.0
9606.ENSP00000397459	0.0
9606.ENSP00000495965	0.0
9606.ENSP00000354850	0.0
9606.ENSP00000283296	0.0
9606.ENSP00000253799	0.0
9606.ENSP00000493184	0.0
9606.ENSP00000253812	0.0
9606.ENSP00000458570	0.0
9606.ENSP00000378077	0.0
9606.ENSP00000253814	0.0
9606.ENSP00000379228	0.0
9606.ENSP00000301972	0.0
9606.ENSP00000299492	0.0
9606.ENSP00000254029	0.0
9606.ENSP00000254037	0.0
9606.ENSP00000254051	0.0
9606.ENSP00000312379	0.0
9606.ENSP00000327959	0.0
9606.ENSP00000303507	0.0
9606.ENSP00000254072	0.0
9606.ENSP00000381489	0.0
9606.ENSP00000328444	0.0
9606.ENSP00000375238	0.0
9606.ENSP00000375076	0.0
9606.ENSP00000375151	0.0
9606.ENSP00000377576	0.0
9606.ENSP00000340546	0.0
9606.ENSP00000334922	0.0
9606.ENSP00000355302	0.0
9606.ENSP00000366955	0.0
9606.ENSP00000301656	0.0
9606.ENSP00000342637	0.0
9606.ENSP00000412326	0.0
9606.ENSP00000454341	0.0
9606.ENSP00000254090	0.0
9606.ENSP00000463574	0.0
9606.ENSP00000417569	0.0
9606.ENSP00000405327	0.0
9606.ENSP00000388552	0.0
9606.ENSP00000254181	0.0
9606.ENSP00000269834	0.0
9606.ENSP00000386772	0.0
9606.ENSP00000483276	0.0
9606.ENSP00000347916	0.0
9606.ENSP00000258415	0.0
9606.ENSP00000431162	0.0
9606.ENSP00000355904	0.0
9606.ENSP00000328088	0.0
9606.ENSP00000256737	0.0
9606.ENSP00000423276	0.0
9606.ENSP00000439244	0.0
9606.ENSP00000254260	0.0
9606.ENSP00000334300	0.0
9606.ENSP00000364555	0.0
9606.ENSP00000329647	0.0
9606.ENSP00000363799	0.0
9606.ENSP00000316674	0.0
9606.ENSP00000366109	0.0
9606.ENSP00000314556	0.0
9606.ENSP00000333769	0.0
9606.ENSP00000435460	0.0
9606.ENSP00000497185	0.0
9606.ENSP00000381008	0.0
9606.ENSP00000362010	0.0
9606.ENSP00000305988	0.0
9606.ENSP00000378324	0.0
9606.ENSP00000404079	0.0
9606.ENSP00000254963	0.0
9606.ENSP00000489674	0.0
9606.ENSP00000254325	0.0
9606.ENSP00000323880	0.0
9606.ENSP00000255476	0.0
9606.ENSP00000254336	0.0
9606.ENSP00000291560	0.0
9606.ENSP00000356416	0.0
9606.ENSP00000383333	0.0
9606.ENSP00000254488	0.0
9606.ENSP00000389760	0.0
9606.ENSP00000339260	0.0
9606.ENSP00000367848	0.0
9606.ENSP00000260116	0.0
9606.ENSP00000357547	0.0
9606.ENSP00000320648	0.0
9606.ENSP00000325425	0.0
9606.ENSP00000254528	0.0
9606.ENSP00000326603	0.0
9606.ENSP00000380495	0.0
9606.ENSP00000270502	0.0
9606.ENSP00000254624	0.0
9606.ENSP00000403396	0.0
9606.ENSP00000336127	0.0
9606.ENSP00000378320	0.0
9606.ENSP00000330808	0.0
9606.ENSP00000500443	0.0
9606.ENSP00000296358	0.0
9606.ENSP00000405620	0.0
9606.ENSP00000292478	0.0
9606.ENSP00000370013	0.0
9606.ENSP00000254654	0.0
9606.ENSP00000254667	0.0
9606.ENSP00000277632	0.0
9606.ENSP00000368100	0.0
9606.ENSP00000272342	0.0
9606.ENSP00000385814	0.0
9606.ENSP00000308944	0.0
9606.ENSP00000261609	0.0
9606.ENSP00000370288	0.0
9606.ENSP00000367893	0.0
9606.ENSP00000371535	0.0
9606.ENSP00000418910	0.0
9606.ENSP00000418669	0.0
9606.ENSP00000384653	0.0
9606.ENSP00000370849	0.0
9606.ENSP00000262507	0.0
9606.ENSP00000261296	0.0
9606.ENSP00000263960	0.0
9606.ENSP00000278071	0.0
9606.ENSP00000310873	0.0
9606.ENSP00000322316	0.0
9606.ENSP00000310547	0.0
9606.ENSP00000288532	0.0
9606.ENSP00000312587	0.0
9606.ENSP00000254770	0.0
9606.ENSP00000254799	0.0
9606.ENSP00000385990	0.0
9606.ENSP00000369618	0.0
9606.ENSP00000297792	0.0
9606.ENSP00000376204	0.0
9606.ENSP00000373278	0.0
9606.ENSP00000296682	0.0
9606.ENSP00000303178	0.0
9606.ENSP00000495413	0.0
9606.ENSP00000322716	0.0
9606.ENSP00000325290	0.0
9606.ENSP00000270172	0.0
9606.ENSP00000365019	0.0
9606.ENSP00000440440	0.0
9606.ENSP00000294244	0.0
9606.ENSP00000370710	0.0
9606.ENSP00000410042	0.0
9606.ENSP00000483345	0.0
9606.ENSP00000380692	0.0
9606.ENSP00000450456	0.0
9606.ENSP00000485478	0.0
9606.ENSP00000262483	0.0
9606.ENSP00000254878	0.0
9606.ENSP00000352173	0.0
9606.ENSP00000329614	0.0
9606.ENSP00000358400	0.0
9606.ENSP00000353332	0.0
9606.ENSP00000342924	0.0
9606.ENSP00000365694	0.0
9606.ENSP00000289359	0.0
9606.ENSP00000328169	0.0
9606.ENSP00000358815	0.0
9606.ENSP00000358795	0.0
9606.ENSP00000261537	0.0
9606.ENSP00000384537	0.0
9606.ENSP00000255224	0.0
9606.ENSP00000400113	0.0
9606.ENSP00000391311	0.0
9606.ENSP00000482870	0.0
9606.ENSP00000456226	0.0
9606.ENSP00000255006	0.0
9606.ENSP00000365651	0.0
9606.ENSP00000347714	0.0
9606.ENSP00000255039	0.0
9606.ENSP00000380453	0.0
9606.ENSP00000255082	0.0
9606.ENSP00000255087	0.0
9606.ENSP00000461388	0.0
9606.ENSP00000263083	0.0
9606.ENSP00000417548	0.0
9606.ENSP00000256538	0.0
9606.ENSP00000277540	0.0
9606.ENSP00000359127	0.0
9606.ENSP00000481859	0.0
9606.ENSP00000279068	0.0
9606.ENSP00000255152	0.0
9606.ENSP00000255189	0.0
9606.ENSP00000299238	0.0
9606.ENSP00000456851	0.0
9606.ENSP00000318799	0.0
9606.ENSP00000265967	0.0
9606.ENSP00000381377	0.0
9606.ENSP00000296051	0.0
9606.ENSP00000347408	0.0
9606.ENSP00000393840	0.0
9606.ENSP00000255198	0.0
9606.ENSP00000255262	0.0
9606.ENSP00000305877	0.0
9606.ENSP00000366061	0.0
9606.ENSP00000334134	0.0
9606.ENSP00000306528	0.0
9606.ENSP00000308258	0.0
9606.ENSP00000324944	0.0
9606.ENSP00000302177	0.0
9606.ENSP00000360593	0.0
9606.ENSP00000330730	0.0
9606.ENSP00000457492	0.0
9606.ENSP00000396755	0.0
9606.ENSP00000424261	0.0
9606.ENSP00000454973	0.0
9606.ENSP00000458316	0.0
9606.ENSP00000255608	0.0
9606.ENSP00000349244	0.0
9606.ENSP00000272839	0.0
9606.ENSP00000475724	0.0
9606.ENSP00000255681	0.0
9606.ENSP00000255688	0.0
9606.ENSP00000384081	0.0
9606.ENSP00000255977	0.0
9606.ENSP00000303686	0.0
9606.ENSP00000370372	0.0
9606.ENSP00000258042	0.0
9606.ENSP00000269919	0.0
9606.ENSP00000256015	0.0
9606.ENSP00000348753	0.0
9606.ENSP00000444408	0.0
9606.ENSP00000343552	0.0
9606.ENSP00000368710	0.0
9606.ENSP00000462468	0.0
9606.ENSP00000360821	0.0
9606.ENSP00000386992	0.0
9606.ENSP00000261574	0.0
9606.ENSP00000380120	0.0
9606.ENSP00000256151	0.0
9606.ENSP00000256178	0.0
9606.ENSP00000294489	0.0
9606.ENSP00000355925	0.0
9606.ENSP00000261263	0.0
9606.ENSP00000356581	0.0
9606.ENSP00000433666	0.0
9606.ENSP00000256194	0.0
9606.ENSP00000256255	0.0
9606.ENSP00000400932	0.0
9606.ENSP00000482568	0.0
9606.ENSP00000409382	0.0
9606.ENSP00000347195	0.0
9606.ENSP00000256362	0.0
9606.ENSP00000331474	0.0
9606.ENSP00000451223	0.0
9606.ENSP00000367038	0.0
9606.ENSP00000363753	0.0
9606.ENSP00000482133	0.0
9606.ENSP00000379869	0.0
9606.ENSP00000378089	0.0
9606.ENSP00000296149	0.0
9606.ENSP00000261692	0.0
9606.ENSP00000378784	0.0
9606.ENSP00000354206	0.0
9606.ENSP00000256433	0.0
9606.ENSP00000274496	0.0
9606.ENSP00000333433	0.0
9606.ENSP00000475489	0.0
9606.ENSP00000314946	0.0
9606.ENSP00000368664	0.0
9606.ENSP00000309644	0.0
9606.ENSP00000409896	0.0
9606.ENSP00000422907	0.0
9606.ENSP00000256447	0.0
9606.ENSP00000369286	0.0
9606.ENSP00000314733	0.0
9606.ENSP00000256460	0.0
9606.ENSP00000371188	0.0
9606.ENSP00000358547	0.0
9606.ENSP00000263212	0.0
9606.ENSP00000331302	0.0
9606.ENSP00000359829	0.0
9606.ENSP00000261038	0.0
9606.ENSP00000457788	0.0
9606.ENSP00000256509	0.0
9606.ENSP00000407822	0.0
9606.ENSP00000479811	0.0
9606.ENSP00000256544	0.0
9606.ENSP00000369989	0.0
9606.ENSP00000356381	0.0
9606.ENSP00000357507	0.0
9606.ENSP00000333821	0.0
9606.ENSP00000430711	0.0
9606.ENSP00000342931	0.0
9606.ENSP00000289753	0.0
9606.ENSP00000306129	0.0
9606.ENSP00000358925	0.0
9606.ENSP00000263054	0.0
9606.ENSP00000367318	0.0
9606.ENSP00000296679	0.0
9606.ENSP00000304437	0.0
9606.ENSP00000264433	0.0
9606.ENSP00000448696	0.0
9606.ENSP00000261879	0.0
9606.ENSP00000296161	0.0
9606.ENSP00000322885	0.0
9606.ENSP00000447006	0.0
9606.ENSP00000358105	0.0
9606.ENSP00000264072	0.0
9606.ENSP00000257600	0.0
9606.ENSP00000256649	0.0
9606.ENSP00000291860	0.0
9606.ENSP00000273183	0.0
9606.ENSP00000325525	0.0
9606.ENSP00000320869	0.0
9606.ENSP00000335261	0.0
9606.ENSP00000306496	0.0
9606.ENSP00000261622	0.0
9606.ENSP00000256707	0.0
9606.ENSP00000284202	0.0
9606.ENSP00000336762	0.0
9606.ENSP00000311184	0.0
9606.ENSP00000320309	0.0
9606.ENSP00000305766	0.0
9606.ENSP00000256999	0.0
9606.ENSP00000435534	0.0
9606.ENSP00000256906	0.0
9606.ENSP00000267845	0.0
9606.ENSP00000256925	0.0
9606.ENSP00000423665	0.0
9606.ENSP00000344572	0.0
9606.ENSP00000261211	0.0
9606.ENSP00000337335	0.0
9606.ENSP00000294383	0.0
9606.ENSP00000317971	0.0
9606.ENSP00000432481	0.0
9606.ENSP00000377284	0.0
9606.ENSP00000414330	0.0
9606.ENSP00000298223	0.0
9606.ENSP00000323926	0.0
9606.ENSP00000481114	0.0
9606.ENSP00000332963	0.0
9606.ENSP00000257013	0.0
9606.ENSP00000375267	0.0
9606.ENSP00000257017	0.0
9606.ENSP00000432586	0.0
9606.ENSP00000318094	0.0
9606.ENSP00000344401	0.0
9606.ENSP00000352785	0.0
9606.ENSP00000397157	0.0
9606.ENSP00000470538	0.0
9606.ENSP00000385247	0.0
9606.ENSP00000337733	0.0
9606.ENSP00000352936	0.0
9606.ENSP00000257248	0.0
9606.ENSP00000291526	0.0
9606.ENSP00000354085	0.0
9606.ENSP00000420180	0.0
9606.ENSP00000336524	0.0
9606.ENSP00000295872	0.0
9606.ENSP00000270708	0.0
9606.ENSP00000323302	0.0
9606.ENSP00000316681	0.0
9606.ENSP00000384792	0.0
9606.ENSP00000380661	0.0
9606.ENSP00000410216	0.0
9606.ENSP00000278935	0.0
9606.ENSP00000370337	0.0
9606.ENSP00000303058	0.0
9606.ENSP00000355250	0.0
9606.ENSP00000344314	0.0
9606.ENSP00000371347	0.0
9606.ENSP00000257336	0.0
9606.ENSP00000257359	0.0
9606.ENSP00000258526	0.0
9606.ENSP00000352676	0.0
9606.ENSP00000431876	0.0
9606.ENSP00000264198	0.0
9606.ENSP00000471700	0.0
9606.ENSP00000336721	0.0
9606.ENSP00000374240	0.0
9606.ENSP00000306565	0.0
9606.ENSP00000339208	0.0
9606.ENSP00000345229	0.0
9606.ENSP00000257604	0.0
9606.ENSP00000280700	0.0
9606.ENSP00000257626	0.0
9606.ENSP00000257627	0.0
9606.ENSP00000257694	0.0
9606.ENSP00000257724	0.0
9606.ENSP00000349874	0.0
9606.ENSP00000385632	0.0
9606.ENSP00000367890	0.0
9606.ENSP00000266736	0.0
9606.ENSP00000310661	0.0
9606.ENSP00000303775	0.0
9606.ENSP00000468086	0.0
9606.ENSP00000392678	0.0
9606.ENSP00000359215	0.0
9606.ENSP00000442521	0.0
9606.ENSP00000296921	0.0
9606.ENSP00000334547	0.0
9606.ENSP00000358519	0.0
9606.ENSP00000361813	0.0
9606.ENSP00000264824	0.0
9606.ENSP00000379392	0.0
9606.ENSP00000384015	0.0
9606.ENSP00000257836	0.0
9606.ENSP00000382241	0.0
9606.ENSP00000257861	0.0
9606.ENSP00000362777	0.0
9606.ENSP00000257901	0.0
9606.ENSP00000267119	0.0
9606.ENSP00000479860	0.0
9606.ENSP00000257910	0.0
9606.ENSP00000257915	0.0
9606.ENSP00000498569	0.0
9606.ENSP00000468354	0.0
9606.ENSP00000274289	0.0
9606.ENSP00000468376	0.0
9606.ENSP00000361275	0.0
9606.ENSP00000257974	0.0
9606.ENSP00000479656	0.0
9606.ENSP00000257981	0.0
9606.ENSP00000258034	0.0
9606.ENSP00000356940	0.0
9606.ENSP00000284440	0.0
9606.ENSP00000491227	0.0
9606.ENSP00000387170	0.0
9606.ENSP00000361725	0.0
9606.ENSP00000325421	0.0
9606.ENSP00000329002	0.0
9606.ENSP00000264254	0.0
9606.ENSP00000312318	0.0
9606.ENSP00000258098	0.0
9606.ENSP00000354376	0.0
9606.ENSP00000285039	0.0
9606.ENSP00000258106	0.0
9606.ENSP00000297142	0.0
9606.ENSP00000339004	0.0
9606.ENSP00000258111	0.0
9606.ENSP00000274629	0.0
9606.ENSP00000476519	0.0
9606.ENSP00000319370	0.0
9606.ENSP00000382770	0.0
9606.ENSP00000407592	0.0
9606.ENSP00000360822	0.0
9606.ENSP00000311825	0.0
9606.ENSP00000344635	0.0
9606.ENSP00000342105	0.0
9606.ENSP00000303398	0.0
9606.ENSP00000321239	0.0
9606.ENSP00000348538	0.0
9606.ENSP00000418582	0.0
9606.ENSP00000311492	0.0
9606.ENSP00000436596	0.0
9606.ENSP00000278826	0.0
9606.ENSP00000380646	0.0
9606.ENSP00000498700	0.0
9606.ENSP00000341803	0.0
9606.ENSP00000282670	0.0
9606.ENSP00000301336	0.0
9606.ENSP00000258201	0.0
9606.ENSP00000356224	0.0
9606.ENSP00000350719	0.0
9606.ENSP00000258243	0.0
9606.ENSP00000423333	0.0
9606.ENSP00000483631	0.0
9606.ENSP00000304467	0.0
9606.ENSP00000349305	0.0
9606.ENSP00000309141	0.0
9606.ENSP00000471536	0.0
9606.ENSP00000279907	0.0
9606.ENSP00000258302	0.0
9606.ENSP00000423541	0.0
9606.ENSP00000359603	0.0
9606.ENSP00000258385	0.0
9606.ENSP00000276410	0.0
9606.ENSP00000344432	0.0
9606.ENSP00000289957	0.0
9606.ENSP00000304290	0.0
9606.ENSP00000385026	0.0
9606.ENSP00000407546	0.0
9606.ENSP00000497829	0.0
9606.ENSP00000373298	0.0
9606.ENSP00000498757	0.0
9606.ENSP00000357461	0.0
9606.ENSP00000363571	0.0
9606.ENSP00000363680	0.0
9606.ENSP00000335076	0.0
9606.ENSP00000356842	0.0
9606.ENSP00000318684	0.0
9606.ENSP00000275732	0.0
9606.ENSP00000380659	0.0
9606.ENSP00000308472	0.0
9606.ENSP00000418529	0.0
9606.ENSP00000455308	0.0
9606.ENSP00000296088	0.0
9606.ENSP00000370980	0.0
9606.ENSP00000398064	0.0
9606.ENSP00000385741	0.0
9606.ENSP00000326052	0.0
9606.ENSP00000258436	0.0
9606.ENSP00000405482	0.0
9606.ENSP00000376141	0.0
9606.ENSP00000258439	0.0
9606.ENSP00000301761	0.0
9606.ENSP00000443130	0.0
9606.ENSP00000263934	0.0
9606.ENSP00000296589	0.0
9606.ENSP00000341550	0.0
9606.ENSP00000258494	0.0
9606.ENSP00000258499	0.0
9606.ENSP00000496491	0.0
9606.ENSP00000261918	0.0
9606.ENSP00000258534	0.0
9606.ENSP00000258538	0.0
9606.ENSP00000354006	0.0
9606.ENSP00000495860	0.0
9606.ENSP00000486146	0.0
9606.ENSP00000457718	0.0
9606.ENSP00000429168	0.0
9606.ENSP00000454500	0.0
9606.ENSP00000470086	0.0
9606.ENSP00000258704	0.0
9606.ENSP00000485230	0.0
9606.ENSP00000424058	0.0
9606.ENSP00000485398	0.0
9606.ENSP00000326759	0.0
9606.ENSP00000455813	0.0
9606.ENSP00000258770	0.0
9606.ENSP00000417078	0.0
9606.ENSP00000362687	0.0
9606.ENSP00000349503	0.0
9606.ENSP00000479598	0.0
9606.ENSP00000439601	0.0
9606.ENSP00000379441	0.0
9606.ENSP00000258829	0.0
9606.ENSP00000464512	0.0
9606.ENSP00000258874	0.0
9606.ENSP00000455643	0.0
9606.ENSP00000264344	0.0
9606.ENSP00000261024	0.0
9606.ENSP00000357633	0.0
9606.ENSP00000258888	0.0
9606.ENSP00000494576	0.0
9606.ENSP00000317636	0.0
9606.ENSP00000481850	0.0
9606.ENSP00000350267	0.0
9606.ENSP00000282605	0.0
9606.ENSP00000259053	0.0
9606.ENSP00000419371	0.0
9606.ENSP00000307023	0.0
9606.ENSP00000320509	0.0
9606.ENSP00000335040	0.0
9606.ENSP00000259154	0.0
9606.ENSP00000359990	0.0
9606.ENSP00000291842	0.0
9606.ENSP00000354778	0.0
9606.ENSP00000259199	0.0
9606.ENSP00000366608	0.0
9606.ENSP00000366617	0.0
9606.ENSP00000259205	0.0
9606.ENSP00000264257	0.0
9606.ENSP00000259212	0.0
9606.ENSP00000259211	0.0
9606.ENSP00000259213	0.0
9606.ENSP00000498071	0.0
9606.ENSP00000403104	0.0
9606.ENSP00000376893	0.0
9606.ENSP00000320089	0.0
9606.ENSP00000355799	0.0
9606.ENSP00000354812	0.0
9606.ENSP00000310657	0.0
9606.ENSP00000374268	0.0
9606.ENSP00000381666	0.0
9606.ENSP00000328729	0.0
9606.ENSP00000427690	0.0
9606.ENSP00000384886	0.0
9606.ENSP00000351430	0.0
9606.ENSP00000259324	0.0
9606.ENSP00000338887	0.0
9606.ENSP00000479953	0.0
9606.ENSP00000491377	0.0
9606.ENSP00000359483	0.0
9606.ENSP00000356584	0.0
9606.ENSP00000259351	0.0
9606.ENSP00000259365	0.0
9606.ENSP00000375857	0.0
9606.ENSP00000353518	0.0
9606.ENSP00000396935	0.0
9606.ENSP00000410732	0.0
9606.ENSP00000427603	0.0
9606.ENSP00000430100	0.0
9606.ENSP00000355316	0.0
9606.ENSP00000274547	0.0
9606.ENSP00000295454	0.0
9606.ENSP00000417261	0.0
9606.ENSP00000412673	0.0
9606.ENSP00000469332	0.0
9606.ENSP00000426548	0.0
9606.ENSP00000386029	0.0
9606.ENSP00000308725	0.0
9606.ENSP00000386711	0.0
9606.ENSP00000259456	0.0
9606.ENSP00000364260	0.0
9606.ENSP00000259466	0.0
9606.ENSP00000304235	0.0
9606.ENSP00000360715	0.0
9606.ENSP00000361207	0.0
9606.ENSP00000310658	0.0
9606.ENSP00000259486	0.0
9606.ENSP00000367691	0.0
9606.ENSP00000393098	0.0
9606.ENSP00000384363	0.0
9606.ENSP00000284116	0.0
9606.ENSP00000408205	0.0
9606.ENSP00000367312	0.0
9606.ENSP00000372394	0.0
9606.ENSP00000382767	0.0
9606.ENSP00000259569	0.0
9606.ENSP00000259605	0.0
9606.ENSP00000259608	0.0
9606.ENSP00000402460	0.0
9606.ENSP00000259711	0.0
9606.ENSP00000259782	0.0
9606.ENSP00000259803	0.0
9606.ENSP00000305919	0.0
9606.ENSP00000439068	0.0
9606.ENSP00000337797	0.0
9606.ENSP00000374552	0.0
9606.ENSP00000365678	0.0
9606.ENSP00000416797	0.0
9606.ENSP00000348842	0.0
9606.ENSP00000468312	0.0
9606.ENSP00000482335	0.0
9606.ENSP00000374183	0.0
9606.ENSP00000334314	0.0
9606.ENSP00000428324	0.0
9606.ENSP00000259845	0.0
9606.ENSP00000379566	0.0
9606.ENSP00000259881	0.0
9606.ENSP00000259883	0.0
9606.ENSP00000470123	0.0
9606.ENSP00000466500	0.0
9606.ENSP00000380087	0.0
9606.ENSP00000332750	0.0
9606.ENSP00000365433	0.0
9606.ENSP00000301921	0.0
9606.ENSP00000352926	0.0
9606.ENSP00000259939	0.0
9606.ENSP00000272444	0.0
9606.ENSP00000365924	0.0
9606.ENSP00000437563	0.0
9606.ENSP00000299663	0.0
9606.ENSP00000389600	0.0
9606.ENSP00000263071	0.0
9606.ENSP00000357727	0.0
9606.ENSP00000470259	0.0
9606.ENSP00000318916	0.0
9606.ENSP00000320951	0.0
9606.ENSP00000385006	0.0
9606.ENSP00000260113	0.0
9606.ENSP00000365908	0.0
9606.ENSP00000390941	0.0
9606.ENSP00000379500	0.0
9606.ENSP00000308895	0.0
9606.ENSP00000260126	0.0
9606.ENSP00000260128	0.0
9606.ENSP00000260184	0.0
9606.ENSP00000369292	0.0
9606.ENSP00000260191	0.0
9606.ENSP00000406050	0.0
9606.ENSP00000322617	0.0
9606.ENSP00000371929	0.0
9606.ENSP00000453153	0.0
9606.ENSP00000341815	0.0
9606.ENSP00000260228	0.0
9606.ENSP00000366275	0.0
9606.ENSP00000379383	0.0
9606.ENSP00000379619	0.0
9606.ENSP00000379401	0.0
9606.ENSP00000373565	0.0
9606.ENSP00000406925	0.0
9606.ENSP00000341013	0.0
9606.ENSP00000273371	0.0
9606.ENSP00000442308	0.0
9606.ENSP00000296252	0.0
9606.ENSP00000260283	0.0
9606.ENSP00000362372	0.0
9606.ENSP00000260323	0.0
9606.ENSP00000260327	0.0
9606.ENSP00000339613	0.0
9606.ENSP00000500094	0.0
9606.ENSP00000427900	0.0
9606.ENSP00000496229	0.0
9606.ENSP00000416015	0.0
9606.ENSP00000264047	0.0
9606.ENSP00000401947	0.0
9606.ENSP00000311857	0.0
9606.ENSP00000482032	0.0
9606.ENSP00000333262	0.0
9606.ENSP00000413937	0.0
9606.ENSP00000367747	0.0
9606.ENSP00000293756	0.0
9606.ENSP00000436450	0.0
9606.ENSP00000375093	0.0
9606.ENSP00000309493	0.0
9606.ENSP00000431719	0.0
9606.ENSP00000309036	0.0
9606.ENSP00000362387	0.0
9606.ENSP00000429993	0.0
9606.ENSP00000361231	0.0
9606.ENSP00000307701	0.0
9606.ENSP00000312399	0.0
9606.ENSP00000403453	0.0
9606.ENSP00000260502	0.0
9606.ENSP00000355084	0.0
9606.ENSP00000434511	0.0
9606.ENSP00000333956	0.0
9606.ENSP00000418813	0.0
9606.ENSP00000384564	0.0
9606.ENSP00000500633	0.0
9606.ENSP00000356169	0.0
9606.ENSP00000473185	0.0
9606.ENSP00000366641	0.0
9606.ENSP00000288078	0.0
9606.ENSP00000475168	0.0
9606.ENSP00000326491	0.0
9606.ENSP00000338844	0.0
9606.ENSP00000340900	0.0
9606.ENSP00000280612	0.0
9606.ENSP00000386543	0.0
9606.ENSP00000320378	0.0
9606.ENSP00000380666	0.0
9606.ENSP00000297524	0.0
9606.ENSP00000369699	0.0
9606.ENSP00000455064	0.0
9606.ENSP00000284476	0.0
9606.ENSP00000362717	0.0
9606.ENSP00000365514	0.0
9606.ENSP00000290552	0.0
9606.ENSP00000475750	0.0
9606.ENSP00000264669	0.0
9606.ENSP00000356723	0.0
9606.ENSP00000356729	0.0
9606.ENSP00000346901	0.0
9606.ENSP00000260702	0.0
9606.ENSP00000411831	0.0
9606.ENSP00000374566	0.0
9606.ENSP00000342699	0.0
9606.ENSP00000387498	0.0
9606.ENSP00000260803	0.0
9606.ENSP00000406164	0.0
9606.ENSP00000370293	0.0
9606.ENSP00000260818	0.0
9606.ENSP00000341364	0.0
9606.ENSP00000327214	0.0
9606.ENSP00000493560	0.0
9606.ENSP00000260843	0.0
9606.ENSP00000369857	0.0
9606.ENSP00000352408	0.0
9606.ENSP00000362570	0.0
9606.ENSP00000490275	0.0
9606.ENSP00000301146	0.0
9606.ENSP00000369887	0.0
9606.ENSP00000260983	0.0
9606.ENSP00000299847	0.0
9606.ENSP00000354201	0.0
9606.ENSP00000351100	0.0
9606.ENSP00000265131	0.0
9606.ENSP00000407685	0.0
9606.ENSP00000370635	0.0
9606.ENSP00000319141	0.0
9606.ENSP00000380901	0.0
9606.ENSP00000326879	0.0
9606.ENSP00000265074	0.0
9606.ENSP00000261180	0.0
9606.ENSP00000381064	0.0
9606.ENSP00000415433	0.0
9606.ENSP00000498715	0.0
9606.ENSP00000340220	0.0
9606.ENSP00000491427	0.0
9606.ENSP00000261200	0.0
9606.ENSP00000358532	0.0
9606.ENSP00000266732	0.0
9606.ENSP00000450857	0.0
9606.ENSP00000497070	0.0
9606.ENSP00000392767	0.0
9606.ENSP00000489551	0.0
9606.ENSP00000351682	0.0
9606.ENSP00000373073	0.0
9606.ENSP00000389009	0.0
9606.ENSP00000501085	0.0
9606.ENSP00000322343	0.0
9606.ENSP00000352645	0.0
9606.ENSP00000307214	0.0
9606.ENSP00000359904	0.0
9606.ENSP00000455229	0.0
9606.ENSP00000261250	0.0
9606.ENSP00000378198	0.0
9606.ENSP00000378193	0.0
9606.ENSP00000370196	0.0
9606.ENSP00000356198	0.0
9606.ENSP00000366157	0.0
9606.ENSP00000261318	0.0
9606.ENSP00000499199	0.0
9606.ENSP00000261336	0.0
9606.ENSP00000306185	0.0
9606.ENSP00000269593	0.0
9606.ENSP00000301945	0.0
9606.ENSP00000435365	0.0
9606.ENSP00000293760	0.0
9606.ENSP00000308369	0.0
9606.ENSP00000385616	0.0
9606.ENSP00000344503	0.0
9606.ENSP00000261367	0.0
9606.ENSP00000428968	0.0
9606.ENSP00000377296	0.0
9606.ENSP00000261369	0.0
9606.ENSP00000377665	0.0
9606.ENSP00000323435	0.0
9606.ENSP00000261374	0.0
9606.ENSP00000263733	0.0
9606.ENSP00000310829	0.0
9606.ENSP00000379310	0.0
9606.ENSP00000379643	0.0
9606.ENSP00000261402	0.0
9606.ENSP00000363593	0.0
9606.ENSP00000436047	0.0
9606.ENSP00000300404	0.0
9606.ENSP00000495398	0.0
9606.ENSP00000383382	0.0
9606.ENSP00000349687	0.0
9606.ENSP00000381699	0.0
9606.ENSP00000491316	0.0
9606.ENSP00000379680	0.0
9606.ENSP00000390784	0.0
9606.ENSP00000337854	0.0
9606.ENSP00000361110	0.0
9606.ENSP00000261593	0.0
9606.ENSP00000373696	0.0
9606.ENSP00000261438	0.0
9606.ENSP00000362107	0.0
9606.ENSP00000261441	0.0
9606.ENSP00000358617	0.0
9606.ENSP00000368767	0.0
9606.ENSP00000491750	0.0
9606.ENSP00000313172	0.0
9606.ENSP00000355964	0.0
9606.ENSP00000271751	0.0
9606.ENSP00000357453	0.0
9606.ENSP00000348959	0.0
9606.ENSP00000332073	0.0
9606.ENSP00000313318	0.0
9606.ENSP00000307423	0.0
9606.ENSP00000363452	0.0
9606.ENSP00000275016	0.0
9606.ENSP00000365256	0.0
9606.ENSP00000280187	0.0
9606.ENSP00000359740	0.0
9606.ENSP00000322915	0.0
9606.ENSP00000399441	0.0
9606.ENSP00000362728	0.0
9606.ENSP00000369042	0.0
9606.ENSP00000357552	0.0
9606.ENSP00000280701	0.0
9606.ENSP00000446916	0.0
9606.ENSP00000433205	0.0
9606.ENSP00000261588	0.0
9606.ENSP00000284878	0.0
9606.ENSP00000384625	0.0
9606.ENSP00000378877	0.0
9606.ENSP00000285518	0.0
9606.ENSP00000355607	0.0
9606.ENSP00000460683	0.0
9606.ENSP00000462116	0.0
9606.ENSP00000451594	0.0
9606.ENSP00000309198	0.0
9606.ENSP00000344208	0.0
9606.ENSP00000334808	0.0
9606.ENSP00000382390	0.0
9606.ENSP00000498616	0.0
9606.ENSP00000493664	0.0
9606.ENSP00000278426	0.0
9606.ENSP00000461382	0.0
9606.ENSP00000344446	0.0
9606.ENSP00000261636	0.0
9606.ENSP00000477352	0.0
9606.ENSP00000262215	0.0
9606.ENSP00000379242	0.0
9606.ENSP00000293826	0.0
9606.ENSP00000282878	0.0
9606.ENSP00000261658	0.0
9606.ENSP00000493382	0.0
9606.ENSP00000289968	0.0
9606.ENSP00000424765	0.0
9606.ENSP00000344666	0.0
9606.ENSP00000263713	0.0
9606.ENSP00000320006	0.0
9606.ENSP00000356370	0.0
9606.ENSP00000453502	0.0
9606.ENSP00000471575	0.0
9606.ENSP00000319486	0.0
9606.ENSP00000340519	0.0
9606.ENSP00000318804	0.0
9606.ENSP00000395204	0.0
9606.ENSP00000266719	0.0
9606.ENSP00000261716	0.0
9606.ENSP00000404860	0.0
9606.ENSP00000310094	0.0
9606.ENSP00000376317	0.0
9606.ENSP00000420182	0.0
9606.ENSP00000261726	0.0
9606.ENSP00000354461	0.0
9606.ENSP00000283268	0.0
9606.ENSP00000261731	0.0
9606.ENSP00000360577	0.0
9606.ENSP00000308820	0.0
9606.ENSP00000355354	0.0
9606.ENSP00000367433	0.0
9606.ENSP00000405738	0.0
9606.ENSP00000394496	0.0
9606.ENSP00000400870	0.0
9606.ENSP00000341171	0.0
9606.ENSP00000483397	0.0
9606.ENSP00000261778	0.0
9606.ENSP00000362540	0.0
9606.ENSP00000261789	0.0
9606.ENSP00000261796	0.0
9606.ENSP00000367028	0.0
9606.ENSP00000359579	0.0
9606.ENSP00000373647	0.0
9606.ENSP00000304078	0.0
9606.ENSP00000356912	0.0
9606.ENSP00000403459	0.0
9606.ENSP00000261800	0.0
9606.ENSP00000400223	0.0
9606.ENSP00000416706	0.0
9606.ENSP00000431459	0.0
9606.ENSP00000355614	0.0
9606.ENSP00000365529	0.0
9606.ENSP00000297313	0.0
9606.ENSP00000433001	0.0
9606.ENSP00000339381	0.0
9606.ENSP00000261839	0.0
9606.ENSP00000319096	0.0
9606.ENSP00000413507	0.0
9606.ENSP00000364389	0.0
9606.ENSP00000383234	0.0
9606.ENSP00000261854	0.0
9606.ENSP00000261861	0.0
9606.ENSP00000346112	0.0
9606.ENSP00000378310	0.0
9606.ENSP00000336887	0.0
9606.ENSP00000445829	0.0
9606.ENSP00000269187	0.0
9606.ENSP00000315006	0.0
9606.ENSP00000386766	0.0
9606.ENSP00000301305	0.0
9606.ENSP00000368648	0.0
9606.ENSP00000266980	0.0
9606.ENSP00000378275	0.0
9606.ENSP00000370607	0.0
9606.ENSP00000452773	0.0
9606.ENSP00000319918	0.0
9606.ENSP00000421377	0.0
9606.ENSP00000301015	0.0
9606.ENSP00000261883	0.0
9606.ENSP00000380877	0.0
9606.ENSP00000339404	0.0
9606.ENSP00000420612	0.0
9606.ENSP00000418194	0.0
9606.ENSP00000417214	0.0
9606.ENSP00000328524	0.0
9606.ENSP00000380911	0.0
9606.ENSP00000452181	0.0
9606.ENSP00000373301	0.0
9606.ENSP00000409594	0.0
9606.ENSP00000354884	0.0
9606.ENSP00000360252	0.0
9606.ENSP00000386921	0.0
9606.ENSP00000355428	0.0
9606.ENSP00000261892	0.0
9606.ENSP00000324960	0.0
9606.ENSP00000261893	0.0
9606.ENSP00000308546	0.0
9606.ENSP00000302276	0.0
9606.ENSP00000328773	0.0
9606.ENSP00000467201	0.0
9606.ENSP00000261921	0.0
9606.ENSP00000355923	0.0
9606.ENSP00000309031	0.0
9606.ENSP00000380460	0.0
9606.ENSP00000272638	0.0
9606.ENSP00000301281	0.0
9606.ENSP00000305161	0.0
9606.ENSP00000346986	0.0
9606.ENSP00000499205	0.0
9606.ENSP00000343629	0.0
9606.ENSP00000330188	0.0
9606.ENSP00000352956	0.0
9606.ENSP00000471851	0.0
9606.ENSP00000481824	0.0
9606.ENSP00000305631	0.0
9606.ENSP00000261994	0.0
9606.ENSP00000417190	0.0
9606.ENSP00000460964	0.0
9606.ENSP00000262031	0.0
9606.ENSP00000386609	0.0
9606.ENSP00000370891	0.0
9606.ENSP00000321684	0.0
9606.ENSP00000497588	0.0
9606.ENSP00000262065	0.0
9606.ENSP00000262067	0.0
9606.ENSP00000263268	0.0
9606.ENSP00000440704	0.0
9606.ENSP00000483936	0.0
9606.ENSP00000318803	0.0
9606.ENSP00000265843	0.0
9606.ENSP00000262096	0.0
9606.ENSP00000367265	0.0
9606.ENSP00000360973	0.0
9606.ENSP00000262103	0.0
9606.ENSP00000298032	0.0
9606.ENSP00000478589	0.0
9606.ENSP00000262113	0.0
9606.ENSP00000263671	0.0
9606.ENSP00000334186	0.0
9606.ENSP00000262127	0.0
9606.ENSP00000364403	0.0
9606.ENSP00000360217	0.0
9606.ENSP00000404923	0.0
9606.ENSP00000462729	0.0
9606.ENSP00000484928	0.0
9606.ENSP00000367797	0.0
9606.ENSP00000415243	0.0
9606.ENSP00000426848	0.0
9606.ENSP00000362981	0.0
9606.ENSP00000345826	0.0
9606.ENSP00000327255	0.0
9606.ENSP00000352420	0.0
9606.ENSP00000341483	0.0
9606.ENSP00000376568	0.0
9606.ENSP00000486357	0.0
9606.ENSP00000463533	0.0
9606.ENSP00000358802	0.0
9606.ENSP00000367173	0.0
9606.ENSP00000326519	0.0
9606.ENSP00000262198	0.0
9606.ENSP00000262207	0.0
9606.ENSP00000498161	0.0
9606.ENSP00000310631	0.0
9606.ENSP00000262210	0.0
9606.ENSP00000355204	0.0
9606.ENSP00000328347	0.0
9606.ENSP00000354163	0.0
9606.ENSP00000309402	0.0
9606.ENSP00000471457	0.0
9606.ENSP00000360985	0.0
9606.ENSP00000262219	0.0
9606.ENSP00000379065	0.0
9606.ENSP00000297405	0.0
9606.ENSP00000359305	0.0
9606.ENSP00000328720	0.0
9606.ENSP00000335677	0.0
9606.ENSP00000378235	0.0
9606.ENSP00000357323	0.0
9606.ENSP00000389381	0.0
9606.ENSP00000394757	0.0
9606.ENSP00000380718	0.0
9606.ENSP00000369270	0.0
9606.ENSP00000360526	0.0
9606.ENSP00000332723	0.0
9606.ENSP00000484687	0.0
9606.ENSP00000359606	0.0
9606.ENSP00000433126	0.0
9606.ENSP00000376822	0.0
9606.ENSP00000310722	0.0
9606.ENSP00000262301	0.0
9606.ENSP00000305699	0.0
9606.ENSP00000264607	0.0
9606.ENSP00000369192	0.0
9606.ENSP00000305133	0.0
9606.ENSP00000445622	0.0
9606.ENSP00000452522	0.0
9606.ENSP00000499751	0.0
9606.ENSP00000499750	0.0
9606.ENSP00000277458	0.0
9606.ENSP00000457206	0.0
9606.ENSP00000428338	0.0
9606.ENSP00000484710	0.0
9606.ENSP00000330221	0.0
9606.ENSP00000311609	0.0
9606.ENSP00000451575	0.0
9606.ENSP00000262316	0.0
9606.ENSP00000368144	0.0
9606.ENSP00000301727	0.0
9606.ENSP00000402515	0.0
9606.ENSP00000384848	0.0
9606.ENSP00000345767	0.0
9606.ENSP00000394352	0.0
9606.ENSP00000302924	0.0
9606.ENSP00000365686	0.0
9606.ENSP00000262366	0.0
9606.ENSP00000375717	0.0
9606.ENSP00000386165	0.0
9606.ENSP00000418037	0.0
9606.ENSP00000435619	0.0
9606.ENSP00000401764	0.0
9606.ENSP00000370896	0.0
9606.ENSP00000361721	0.0
9606.ENSP00000262919	0.0
9606.ENSP00000429015	0.0
9606.ENSP00000370194	0.0
9606.ENSP00000296292	0.0
9606.ENSP00000378260	0.0
9606.ENSP00000445418	0.0
9606.ENSP00000262384	0.0
9606.ENSP00000306906	0.0
9606.ENSP00000365643	0.0
9606.ENSP00000355437	0.0
9606.ENSP00000495214	0.0
9606.ENSP00000268122	0.0
9606.ENSP00000294413	0.0
9606.ENSP00000262424	0.0
9606.ENSP00000496415	0.0
9606.ENSP00000262428	0.0
9606.ENSP00000262441	0.0
9606.ENSP00000338927	0.0
9606.ENSP00000368646	0.0
9606.ENSP00000341292	0.0
9606.ENSP00000346667	0.0
9606.ENSP00000419412	0.0
9606.ENSP00000291041	0.0
9606.ENSP00000262462	0.0
9606.ENSP00000262482	0.0
9606.ENSP00000464006	0.0
9606.ENSP00000487693	0.0
9606.ENSP00000262487	0.0
9606.ENSP00000332900	0.0
9606.ENSP00000376582	0.0
9606.ENSP00000358120	0.0
9606.ENSP00000396160	0.0
9606.ENSP00000324792	0.0
9606.ENSP00000280097	0.0
9606.ENSP00000262545	0.0
9606.ENSP00000477507	0.0
9606.ENSP00000328251	0.0
9606.ENSP00000262593	0.0
9606.ENSP00000462835	0.0
9606.ENSP00000262622	0.0
9606.ENSP00000497294	0.0
9606.ENSP00000480991	0.0
9606.ENSP00000266383	0.0
9606.ENSP00000328277	0.0
9606.ENSP00000414287	0.0
9606.ENSP00000371018	0.0
9606.ENSP00000305529	0.0
9606.ENSP00000376395	0.0
9606.ENSP00000371505	0.0
9606.ENSP00000354090	0.0
9606.ENSP00000353259	0.0
9606.ENSP00000365261	0.0
9606.ENSP00000363770	0.0
9606.ENSP00000375618	0.0
9606.ENSP00000462309	0.0
9606.ENSP00000446828	0.0
9606.ENSP00000479202	0.0
9606.ENSP00000477829	0.0
9606.ENSP00000380869	0.0
9606.ENSP00000493102	0.0
9606.ENSP00000500220	0.0
9606.ENSP00000303325	0.0
9606.ENSP00000262653	0.0
9606.ENSP00000384725	0.0
9606.ENSP00000262659	0.0
9606.ENSP00000431391	0.0
9606.ENSP00000466953	0.0
9606.ENSP00000437550	0.0
9606.ENSP00000378760	0.0
9606.ENSP00000395793	0.0
9606.ENSP00000327950	0.0
9606.ENSP00000262765	0.0
9606.ENSP00000377428	0.0
9606.ENSP00000349568	0.0
9606.ENSP00000373948	0.0
9606.ENSP00000313571	0.0
9606.ENSP00000367891	0.0
9606.ENSP00000350266	0.0
9606.ENSP00000262811	0.0
9606.ENSP00000304604	0.0
9606.ENSP00000452877	0.0
9606.ENSP00000415332	0.0
9606.ENSP00000385019	0.0
9606.ENSP00000348752	0.0
9606.ENSP00000322249	0.0
9606.ENSP00000429243	0.0
9606.ENSP00000361475	0.0
9606.ENSP00000262843	0.0
9606.ENSP00000414521	0.0
9606.ENSP00000262848	0.0
9606.ENSP00000355419	0.0
9606.ENSP00000421985	0.0
9606.ENSP00000316628	0.0
9606.ENSP00000359096	0.0
9606.ENSP00000490119	0.0
9606.ENSP00000392395	0.0
9606.ENSP00000435648	0.0
9606.ENSP00000262894	0.0
9606.ENSP00000400878	0.0
9606.ENSP00000262903	0.0
9606.ENSP00000358955	0.0
9606.ENSP00000314129	0.0
9606.ENSP00000362464	0.0
9606.ENSP00000262932	0.0
9606.ENSP00000389715	0.0
9606.ENSP00000442658	0.0
9606.ENSP00000292513	0.0
9606.ENSP00000262960	0.0
9606.ENSP00000360635	0.0
9606.ENSP00000302216	0.0
9606.ENSP00000363689	0.0
9606.ENSP00000338207	0.0
9606.ENSP00000435770	0.0
9606.ENSP00000330878	0.0
9606.ENSP00000359022	0.0
9606.ENSP00000382237	0.0
9606.ENSP00000320017	0.0
9606.ENSP00000380494	0.0
9606.ENSP00000375248	0.0
9606.ENSP00000329548	0.0
9606.ENSP00000338860	0.0
9606.ENSP00000270066	0.0
9606.ENSP00000361522	0.0
9606.ENSP00000438748	0.0
9606.ENSP00000497590	0.0
9606.ENSP00000477515	0.0
9606.ENSP00000337572	0.0
9606.ENSP00000338648	0.0
9606.ENSP00000263095	0.0
9606.ENSP00000412999	0.0
9606.ENSP00000263100	0.0
9606.ENSP00000389026	0.0
9606.ENSP00000399588	0.0
9606.ENSP00000263102	0.0
9606.ENSP00000384570	0.0
9606.ENSP00000263150	0.0
9606.ENSP00000326238	0.0
9606.ENSP00000326706	0.0
9606.ENSP00000308753	0.0
9606.ENSP00000376800	0.0
9606.ENSP00000331983	0.0
9606.ENSP00000354848	0.0
9606.ENSP00000269878	0.0
9606.ENSP00000323913	0.0
9606.ENSP00000319974	0.0
9606.ENSP00000355613	0.0
9606.ENSP00000274773	0.0
9606.ENSP00000327604	0.0
9606.ENSP00000296098	0.0
9606.ENSP00000369440	0.0
9606.ENSP00000282369	0.0
9606.ENSP00000312675	0.0
9606.ENSP00000485378	0.0
9606.ENSP00000285805	0.0
9606.ENSP00000365844	0.0
9606.ENSP00000284551	0.0
9606.ENSP00000346916	0.0
9606.ENSP00000318615	0.0
9606.ENSP00000299413	0.0
9606.ENSP00000465204	0.0
9606.ENSP00000379226	0.0
9606.ENSP00000389709	0.0
9606.ENSP00000359401	0.0
9606.ENSP00000314484	0.0
9606.ENSP00000363405	0.0
9606.ENSP00000331681	0.0
9606.ENSP00000482514	0.0
9606.ENSP00000364240	0.0
9606.ENSP00000295050	0.0
9606.ENSP00000321617	0.0
9606.ENSP00000363317	0.0
9606.ENSP00000433999	0.0
9606.ENSP00000319060	0.0
9606.ENSP00000292211	0.0
9606.ENSP00000378912	0.0
9606.ENSP00000487041	0.0
9606.ENSP00000310301	0.0
9606.ENSP00000347358	0.0
9606.ENSP00000338629	0.0
9606.ENSP00000296233	0.0
9606.ENSP00000444896	0.0
9606.ENSP00000477538	0.0
9606.ENSP00000498671	0.0
9606.ENSP00000379841	0.0
9606.ENSP00000389277	0.0
9606.ENSP00000295082	0.0
9606.ENSP00000337675	0.0
9606.ENSP00000301218	0.0
9606.ENSP00000485238	0.0
9606.ENSP00000352208	0.0
9606.ENSP00000263285	0.0
9606.ENSP00000356906	0.0
9606.ENSP00000319053	0.0
9606.ENSP00000323148	0.0
9606.ENSP00000377171	0.0
9606.ENSP00000276816	0.0
9606.ENSP00000370886	0.0
9606.ENSP00000437849	0.0
9606.ENSP00000392762	0.0
9606.ENSP00000263326	0.0
9606.ENSP00000295006	0.0
9606.ENSP00000263346	0.0
9606.ENSP00000437872	0.0
9606.ENSP00000318128	0.0
9606.ENSP00000447537	0.0
9606.ENSP00000369081	0.0
9606.ENSP00000263372	0.0
9606.ENSP00000330101	0.0
9606.ENSP00000282146	0.0
9606.ENSP00000269197	0.0
9606.ENSP00000338217	0.0
9606.ENSP00000306324	0.0
9606.ENSP00000428055	0.0
9606.ENSP00000479119	0.0
9606.ENSP00000477815	0.0
9606.ENSP00000361943	0.0
9606.ENSP00000263401	0.0
9606.ENSP00000493768	0.0
9606.ENSP00000278980	0.0
9606.ENSP00000301242	0.0
9606.ENSP00000379156	0.0
9606.ENSP00000482396	0.0
9606.ENSP00000401197	0.0
9606.ENSP00000263512	0.0
9606.ENSP00000263519	0.0
9606.ENSP00000316881	0.0
9606.ENSP00000263576	0.0
9606.ENSP00000414884	0.0
9606.ENSP00000403910	0.0
9606.ENSP00000312599	0.0
9606.ENSP00000263579	0.0
9606.ENSP00000297273	0.0
9606.ENSP00000277526	0.0
9606.ENSP00000417898	0.0
9606.ENSP00000267102	0.0
9606.ENSP00000263610	0.0
9606.ENSP00000356357	0.0
9606.ENSP00000263620	0.0
9606.ENSP00000477878	0.0
9606.ENSP00000368189	0.0
9606.ENSP00000263635	0.0
9606.ENSP00000380413	0.0
9606.ENSP00000316377	0.0
9606.ENSP00000449751	0.0
9606.ENSP00000263655	0.0
9606.ENSP00000426421	0.0
9606.ENSP00000263665	0.0
9606.ENSP00000418112	0.0
9606.ENSP00000263666	0.0
9606.ENSP00000350541	0.0
9606.ENSP00000263674	0.0
9606.ENSP00000480527	0.0
9606.ENSP00000328992	0.0
9606.ENSP00000343497	0.0
9606.ENSP00000309463	0.0
9606.ENSP00000303525	0.0
9606.ENSP00000263707	0.0
9606.ENSP00000275216	0.0
9606.ENSP00000264638	0.0
9606.ENSP00000300181	0.0
9606.ENSP00000359567	0.0
9606.ENSP00000361669	0.0
9606.ENSP00000407301	0.0
9606.ENSP00000377003	0.0
9606.ENSP00000264674	0.0
9606.ENSP00000325958	0.0
9606.ENSP00000263776	0.0
9606.ENSP00000392147	0.0
9606.ENSP00000263795	0.0
9606.ENSP00000274532	0.0
9606.ENSP00000263800	0.0
9606.ENSP00000384604	0.0
9606.ENSP00000351345	0.0
9606.ENSP00000263849	0.0
9606.ENSP00000463245	0.0
9606.ENSP00000263867	0.0
9606.ENSP00000263881	0.0
9606.ENSP00000269886	0.0
9606.ENSP00000263915	0.0
9606.ENSP00000343658	0.0
9606.ENSP00000347427	0.0
9606.ENSP00000263921	0.0
9606.ENSP00000366936	0.0
9606.ENSP00000454945	0.0
9606.ENSP00000347532	0.0
9606.ENSP00000371514	0.0
9606.ENSP00000314543	0.0
9606.ENSP00000369962	0.0
9606.ENSP00000320821	0.0
9606.ENSP00000480059	0.0
9606.ENSP00000333697	0.0
9606.ENSP00000333845	0.0
9606.ENSP00000334785	0.0
9606.ENSP00000295269	0.0
9606.ENSP00000335632	0.0
9606.ENSP00000393557	0.0
9606.ENSP00000450281	0.0
9606.ENSP00000418661	0.0
9606.ENSP00000365160	0.0
9606.ENSP00000333833	0.0
9606.ENSP00000479032	0.0
9606.ENSP00000482678	0.0
9606.ENSP00000342295	0.0
9606.ENSP00000355988	0.0
9606.ENSP00000300557	0.0
9606.ENSP00000334938	0.0
9606.ENSP00000320092	0.0
9606.ENSP00000440273	0.0
9606.ENSP00000273261	0.0
9606.ENSP00000481675	0.0
9606.ENSP00000361634	0.0
9606.ENSP00000366306	0.0
9606.ENSP00000494162	0.0
9606.ENSP00000367950	0.0
9606.ENSP00000355187	0.0
9606.ENSP00000387228	0.0
9606.ENSP00000331504	0.0
9606.ENSP00000264059	0.0
9606.ENSP00000343899	0.0
9606.ENSP00000359621	0.0
9606.ENSP00000359640	0.0
9606.ENSP00000264080	0.0
9606.ENSP00000268099	0.0
9606.ENSP00000366939	0.0
9606.ENSP00000264094	0.0
9606.ENSP00000387982	0.0
9606.ENSP00000466022	0.0
9606.ENSP00000264151	0.0
9606.ENSP00000427882	0.0
9606.ENSP00000482613	0.0
9606.ENSP00000264159	0.0
9606.ENSP00000361628	0.0
9606.ENSP00000443291	0.0
9606.ENSP00000346874	0.0
9606.ENSP00000498386	0.0
9606.ENSP00000313437	0.0
9606.ENSP00000480750	0.0
9606.ENSP00000264192	0.0
9606.ENSP00000473623	0.0
9606.ENSP00000266025	0.0
9606.ENSP00000420267	0.0
9606.ENSP00000380281	0.0
9606.ENSP00000332766	0.0
9606.ENSP00000264231	0.0
9606.ENSP00000394033	0.0
9606.ENSP00000294618	0.0
9606.ENSP00000358501	0.0
9606.ENSP00000306844	0.0
9606.ENSP00000365505	0.0
9606.ENSP00000419162	0.0
9606.ENSP00000368079	0.0
9606.ENSP00000381047	0.0
9606.ENSP00000424757	0.0
9606.ENSP00000447057	0.0
9606.ENSP00000264313	0.0
9606.ENSP00000402861	0.0
9606.ENSP00000371126	0.0
9606.ENSP00000317224	0.0
9606.ENSP00000394623	0.0
9606.ENSP00000333982	0.0
9606.ENSP00000422354	0.0
9606.ENSP00000379931	0.0
9606.ENSP00000264360	0.0
9606.ENSP00000322020	0.0
9606.ENSP00000369325	0.0
9606.ENSP00000264377	0.0
9606.ENSP00000302297	0.0
9606.ENSP00000265727	0.0
9606.ENSP00000371548	0.0
9606.ENSP00000376848	0.0
9606.ENSP00000264400	0.0
9606.ENSP00000412130	0.0
9606.ENSP00000392043	0.0
9606.ENSP00000369099	0.0
9606.ENSP00000389395	0.0
9606.ENSP00000332646	0.0
9606.ENSP00000495203	0.0
9606.ENSP00000431186	0.0
9606.ENSP00000367552	0.0
9606.ENSP00000376419	0.0
9606.ENSP00000305721	0.0
9606.ENSP00000332791	0.0
9606.ENSP00000359942	0.0
9606.ENSP00000376337	0.0
9606.ENSP00000293303	0.0
9606.ENSP00000314608	0.0
9606.ENSP00000302586	0.0
9606.ENSP00000343930	0.0
9606.ENSP00000436713	0.0
9606.ENSP00000341342	0.0
9606.ENSP00000388723	0.0
9606.ENSP00000423897	0.0
9606.ENSP00000427926	0.0
9606.ENSP00000264428	0.0
9606.ENSP00000274093	0.0
9606.ENSP00000411593	0.0
9606.ENSP00000383295	0.0
9606.ENSP00000359911	0.0
9606.ENSP00000314173	0.0
9606.ENSP00000264434	0.0
9606.ENSP00000300576	0.0
9606.ENSP00000353422	0.0
9606.ENSP00000478061	0.0
9606.ENSP00000379836	0.0
9606.ENSP00000350278	0.0
9606.ENSP00000355893	0.0
9606.ENSP00000363394	0.0
9606.ENSP00000355968	0.0
9606.ENSP00000377112	0.0
9606.ENSP00000441765	0.0
9606.ENSP00000264501	0.0
9606.ENSP00000296513	0.0
9606.ENSP00000363360	0.0
9606.ENSP00000284274	0.0
9606.ENSP00000344465	0.0
9606.ENSP00000264555	0.0
9606.ENSP00000348472	0.0
9606.ENSP00000385721	0.0
9606.ENSP00000477856	0.0
9606.ENSP00000498268	0.0
9606.ENSP00000264601	0.0
9606.ENSP00000333275	0.0
9606.ENSP00000349259	0.0
9606.ENSP00000344786	0.0
9606.ENSP00000469242	0.0
9606.ENSP00000335196	0.0
9606.ENSP00000264651	0.0
9606.ENSP00000338806	0.0
9606.ENSP00000468927	0.0
9606.ENSP00000498684	0.0
9606.ENSP00000495986	0.0
9606.ENSP00000264689	0.0
9606.ENSP00000358283	0.0
9606.ENSP00000287859	0.0
9606.ENSP00000346483	0.0
9606.ENSP00000323036	0.0
9606.ENSP00000296125	0.0
9606.ENSP00000356113	0.0
9606.ENSP00000276893	0.0
9606.ENSP00000383920	0.0
9606.ENSP00000366070	0.0
9606.ENSP00000391167	0.0
9606.ENSP00000473469	0.0
9606.ENSP00000264711	0.0
9606.ENSP00000342604	0.0
9606.ENSP00000264712	0.0
9606.ENSP00000381984	0.0
9606.ENSP00000387122	0.0
9606.ENSP00000354218	0.0
9606.ENSP00000428480	0.0
9606.ENSP00000356133	0.0
9606.ENSP00000318113	0.0
9606.ENSP00000340939	0.0
9606.ENSP00000438400	0.0
9606.ENSP00000296387	0.0
9606.ENSP00000385300	0.0
9606.ENSP00000264771	0.0
9606.ENSP00000371307	0.0
9606.ENSP00000379326	0.0
9606.ENSP00000445340	0.0
9606.ENSP00000279178	0.0
9606.ENSP00000380250	0.0
9606.ENSP00000342114	0.0
9606.ENSP00000439120	0.0
9606.ENSP00000264866	0.0
9606.ENSP00000273598	0.0
9606.ENSP00000453273	0.0
9606.ENSP00000266254	0.0
9606.ENSP00000499695	0.0
9606.ENSP00000354855	0.0
9606.ENSP00000268184	0.0
9606.ENSP00000369346	0.0
9606.ENSP00000264917	0.0
9606.ENSP00000378056	0.0
9606.ENSP00000386125	0.0
9606.ENSP00000329213	0.0
9606.ENSP00000275233	0.0
9606.ENSP00000359292	0.0
9606.ENSP00000299563	0.0
9606.ENSP00000435506	0.0
9606.ENSP00000370150	0.0
9606.ENSP00000414066	0.0
9606.ENSP00000344140	0.0
9606.ENSP00000372112	0.0
9606.ENSP00000359505	0.0
9606.ENSP00000385080	0.0
9606.ENSP00000358071	0.0
9606.ENSP00000264935	0.0
9606.ENSP00000280665	0.0
9606.ENSP00000338019	0.0
9606.ENSP00000360129	0.0
9606.ENSP00000264968	0.0
9606.ENSP00000338487	0.0
9606.ENSP00000421185	0.0
9606.ENSP00000345270	0.0
9606.ENSP00000391227	0.0
9606.ENSP00000357169	0.0
9606.ENSP00000405252	0.0
9606.ENSP00000296506	0.0
9606.ENSP00000442464	0.0
9606.ENSP00000465589	0.0
9606.ENSP00000481721	0.0
9606.ENSP00000320291	0.0
9606.ENSP00000334642	0.0
9606.ENSP00000265068	0.0
9606.ENSP00000265069	0.0
9606.ENSP00000373364	0.0
9606.ENSP00000327545	0.0
9606.ENSP00000342356	0.0
9606.ENSP00000387159	0.0
9606.ENSP00000265087	0.0
9606.ENSP00000467843	0.0
9606.ENSP00000356576	0.0
9606.ENSP00000382382	0.0
9606.ENSP00000383737	0.0
9606.ENSP00000370340	0.0
9606.ENSP00000273283	0.0
9606.ENSP00000265138	0.0
9606.ENSP00000330694	0.0
9606.ENSP00000358019	0.0
9606.ENSP00000399518	0.0
9606.ENSP00000345772	0.0
9606.ENSP00000472109	0.0
9606.ENSP00000423354	0.0
9606.ENSP00000341247	0.0
9606.ENSP00000292779	0.0
9606.ENSP00000361272	0.0
9606.ENSP00000361278	0.0
9606.ENSP00000265239	0.0
9606.ENSP00000353942	0.0
9606.ENSP00000360560	0.0
9606.ENSP00000265260	0.0
9606.ENSP00000265271	0.0
9606.ENSP00000265322	0.0
9606.ENSP00000356795	0.0
9606.ENSP00000450527	0.0
9606.ENSP00000459626	0.0
9606.ENSP00000265361	0.0
9606.ENSP00000284136	0.0
9606.ENSP00000440428	0.0
9606.ENSP00000345436	0.0
9606.ENSP00000297668	0.0
9606.ENSP00000345988	0.0
9606.ENSP00000265404	0.0
9606.ENSP00000365220	0.0
9606.ENSP00000265440	0.0
9606.ENSP00000365272	0.0
9606.ENSP00000305288	0.0
9606.ENSP00000266546	0.0
9606.ENSP00000295057	0.0
9606.ENSP00000489774	0.0
9606.ENSP00000293441	0.0
9606.ENSP00000345193	0.0
9606.ENSP00000384551	0.0
9606.ENSP00000286353	0.0
9606.ENSP00000394770	0.0
9606.ENSP00000360485	0.0
9606.ENSP00000354718	0.0
9606.ENSP00000378207	0.0
9606.ENSP00000265593	0.0
9606.ENSP00000364883	0.0
9606.ENSP00000382071	0.0
9606.ENSP00000265605	0.0
9606.ENSP00000265634	0.0
9606.ENSP00000319739	0.0
9606.ENSP00000384400	0.0
9606.ENSP00000308733	0.0
9606.ENSP00000377948	0.0
9606.ENSP00000359386	0.0
9606.ENSP00000406909	0.0
9606.ENSP00000296486	0.0
9606.ENSP00000265708	0.0
9606.ENSP00000358407	0.0
9606.ENSP00000498512	0.0
9606.ENSP00000392782	0.0
9606.ENSP00000474385	0.0
9606.ENSP00000317790	0.0
9606.ENSP00000495909	0.0
9606.ENSP00000455507	0.0
9606.ENSP00000377233	0.0
9606.ENSP00000265720	0.0
9606.ENSP00000368414	0.0
9606.ENSP00000302676	0.0
9606.ENSP00000265769	0.0
9606.ENSP00000265729	0.0
9606.ENSP00000265742	0.0
9606.ENSP00000287957	0.0
9606.ENSP00000479861	0.0
9606.ENSP00000341524	0.0
9606.ENSP00000398350	0.0
9606.ENSP00000265840	0.0
9606.ENSP00000386248	0.0
9606.ENSP00000370395	0.0
9606.ENSP00000292363	0.0
9606.ENSP00000427951	0.0
9606.ENSP00000481592	0.0
9606.ENSP00000357425	0.0
9606.ENSP00000380598	0.0
9606.ENSP00000449253	0.0
9606.ENSP00000367001	0.0
9606.ENSP00000376855	0.0
9606.ENSP00000342276	0.0
9606.ENSP00000265978	0.0
9606.ENSP00000300245	0.0
9606.ENSP00000473853	0.0
9606.ENSP00000287474	0.0
9606.ENSP00000369753	0.0
9606.ENSP00000355938	0.0
9606.ENSP00000380440	0.0
9606.ENSP00000364028	0.0
9606.ENSP00000350066	0.0
9606.ENSP00000304077	0.0
9606.ENSP00000407442	0.0
9606.ENSP00000498602	0.0
9606.ENSP00000320246	0.0
9606.ENSP00000311291	0.0
9606.ENSP00000268383	0.0
9606.ENSP00000304945	0.0
9606.ENSP00000347198	0.0
9606.ENSP00000435790	0.0
9606.ENSP00000266068	0.0
9606.ENSP00000294409	0.0
9606.ENSP00000301463	0.0
9606.ENSP00000266077	0.0
9606.ENSP00000309521	0.0
9606.ENSP00000358045	0.0
9606.ENSP00000378058	0.0
9606.ENSP00000266086	0.0
9606.ENSP00000294338	0.0
9606.ENSP00000500934	0.0
9606.ENSP00000355512	0.0
9606.ENSP00000352265	0.0
9606.ENSP00000385579	0.0
9606.ENSP00000367878	0.0
9606.ENSP00000464780	0.0
9606.ENSP00000266263	0.0
9606.ENSP00000266269	0.0
9606.ENSP00000362071	0.0
9606.ENSP00000284262	0.0
9606.ENSP00000380307	0.0
9606.ENSP00000266397	0.0
9606.ENSP00000355319	0.0
9606.ENSP00000417451	0.0
9606.ENSP00000266542	0.0
9606.ENSP00000362144	0.0
9606.ENSP00000428281	0.0
9606.ENSP00000266556	0.0
9606.ENSP00000477563	0.0
9606.ENSP00000266579	0.0
9606.ENSP00000380353	0.0
9606.ENSP00000266643	0.0
9606.ENSP00000347836	0.0
9606.ENSP00000266659	0.0
9606.ENSP00000367196	0.0
9606.ENSP00000266673	0.0
9606.ENSP00000354032	0.0
9606.ENSP00000349131	0.0
9606.ENSP00000276659	0.0
9606.ENSP00000284995	0.0
9606.ENSP00000424571	0.0
9606.ENSP00000309270	0.0
9606.ENSP00000362207	0.0
9606.ENSP00000378957	0.0
9606.ENSP00000343924	0.0
9606.ENSP00000328983	0.0
9606.ENSP00000364700	0.0
9606.ENSP00000287590	0.0
9606.ENSP00000473200	0.0
9606.ENSP00000337512	0.0
9606.ENSP00000472808	0.0
9606.ENSP00000272937	0.0
9606.ENSP00000298231	0.0
9606.ENSP00000319118	0.0
9606.ENSP00000340226	0.0
9606.ENSP00000306754	0.0
9606.ENSP00000266771	0.0
9606.ENSP00000368245	0.0
9606.ENSP00000487772	0.0
9606.ENSP00000421686	0.0
9606.ENSP00000435373	0.0
9606.ENSP00000329565	0.0
9606.ENSP00000329522	0.0
9606.ENSP00000403660	0.0
9606.ENSP00000379571	0.0
9606.ENSP00000374482	0.0
9606.ENSP00000366331	0.0
9606.ENSP00000330612	0.0
9606.ENSP00000333800	0.0
9606.ENSP00000501180	0.0
9606.ENSP00000314042	0.0
9606.ENSP00000373854	0.0
9606.ENSP00000417498	0.0
9606.ENSP00000267103	0.0
9606.ENSP00000499020	0.0
9606.ENSP00000374218	0.0
9606.ENSP00000368931	0.0
9606.ENSP00000267116	0.0
9606.ENSP00000414202	0.0
9606.ENSP00000382379	0.0
9606.ENSP00000478417	0.0
9606.ENSP00000377390	0.0
9606.ENSP00000310573	0.0
9606.ENSP00000307240	0.0
9606.ENSP00000442626	0.0
9606.ENSP00000279575	0.0
9606.ENSP00000420826	0.0
9606.ENSP00000267205	0.0
9606.ENSP00000312143	0.0
9606.ENSP00000267260	0.0
9606.ENSP00000267273	0.0
9606.ENSP00000267294	0.0
9606.ENSP00000267328	0.0
9606.ENSP00000293897	0.0
9606.ENSP00000267406	0.0
9606.ENSP00000461865	0.0
9606.ENSP00000410811	0.0
9606.ENSP00000448047	0.0
9606.ENSP00000460825	0.0
9606.ENSP00000457353	0.0
9606.ENSP00000383692	0.0
9606.ENSP00000267436	0.0
9606.ENSP00000315351	0.0
9606.ENSP00000267460	0.0
9606.ENSP00000368237	0.0
9606.ENSP00000422473	0.0
9606.ENSP00000339754	0.0
9606.ENSP00000267594	0.0
9606.ENSP00000287996	0.0
9606.ENSP00000375881	0.0
9606.ENSP00000267803	0.0
9606.ENSP00000267807	0.0
9606.ENSP00000322956	0.0
9606.ENSP00000303356	0.0
9606.ENSP00000366288	0.0
9606.ENSP00000342560	0.0
9606.ENSP00000267853	0.0
9606.ENSP00000271620	0.0
9606.ENSP00000267889	0.0
9606.ENSP00000281142	0.0
9606.ENSP00000490726	0.0
9606.ENSP00000267938	0.0
9606.ENSP00000382713	0.0
9606.ENSP00000267970	0.0
9606.ENSP00000370503	0.0
9606.ENSP00000268070	0.0
9606.ENSP00000293502	0.0
9606.ENSP00000268129	0.0
9606.ENSP00000268130	0.0
9606.ENSP00000393222	0.0
9606.ENSP00000341787	0.0
9606.ENSP00000342197	0.0
9606.ENSP00000330200	0.0
9606.ENSP00000312158	0.0
9606.ENSP00000313699	0.0
9606.ENSP00000349143	0.0
9606.ENSP00000336733	0.0
9606.ENSP00000362935	0.0
9606.ENSP00000345001	0.0
9606.ENSP00000305976	0.0
9606.ENSP00000268231	0.0
9606.ENSP00000324511	0.0
9606.ENSP00000422896	0.0
9606.ENSP00000367991	0.0
9606.ENSP00000349116	0.0
9606.ENSP00000494051	0.0
9606.ENSP00000387334	0.0
9606.ENSP00000378725	0.0
9606.ENSP00000359563	0.0
9606.ENSP00000336587	0.0
9606.ENSP00000268389	0.0
9606.ENSP00000334767	0.0
9606.ENSP00000268616	0.0
9606.ENSP00000471921	0.0
9606.ENSP00000315664	0.0
9606.ENSP00000354686	0.0
9606.ENSP00000415836	0.0
9606.ENSP00000338673	0.0
9606.ENSP00000331152	0.0
9606.ENSP00000323670	0.0
9606.ENSP00000343746	0.0
9606.ENSP00000315035	0.0
9606.ENSP00000268835	0.0
9606.ENSP00000414624	0.0
9606.ENSP00000393453	0.0
9606.ENSP00000355500	0.0
9606.ENSP00000269025	0.0
9606.ENSP00000362125	0.0
9606.ENSP00000327467	0.0
9606.ENSP00000295079	0.0
9606.ENSP00000360270	0.0
9606.ENSP00000493232	0.0
9606.ENSP00000368771	0.0
9606.ENSP00000269209	0.0
9606.ENSP00000384434	0.0
9606.ENSP00000429754	0.0
9606.ENSP00000402457	0.0
9606.ENSP00000438863	0.0
9606.ENSP00000291823	0.0
9606.ENSP00000304226	0.0
9606.ENSP00000417196	0.0
9606.ENSP00000298492	0.0
9606.ENSP00000285947	0.0
9606.ENSP00000338770	0.0
9606.ENSP00000449795	0.0
9606.ENSP00000442786	0.0
9606.ENSP00000326170	0.0
9606.ENSP00000465757	0.0
9606.ENSP00000355924	0.0
9606.ENSP00000309132	0.0
9606.ENSP00000364193	0.0
9606.ENSP00000478931	0.0
9606.ENSP00000311221	0.0
9606.ENSP00000499289	0.0
9606.ENSP00000432743	0.0
9606.ENSP00000390158	0.0
9606.ENSP00000299157	0.0
9606.ENSP00000372221	0.0
9606.ENSP00000301962	0.0
9606.ENSP00000269383	0.0
9606.ENSP00000269389	0.0
9606.ENSP00000347152	0.0
9606.ENSP00000269392	0.0
9606.ENSP00000269394	0.0
9606.ENSP00000426504	0.0
9606.ENSP00000269439	0.0
9606.ENSP00000269445	0.0
9606.ENSP00000269466	0.0
9606.ENSP00000269503	0.0
9606.ENSP00000366702	0.0
9606.ENSP00000295065	0.0
9606.ENSP00000378485	0.0
9606.ENSP00000462998	0.0
9606.ENSP00000269582	0.0
9606.ENSP00000275525	0.0
9606.ENSP00000383923	0.0
9606.ENSP00000269740	0.0
9606.ENSP00000394248	0.0
9606.ENSP00000269844	0.0
9606.ENSP00000305465	0.0
9606.ENSP00000374424	0.0
9606.ENSP00000302455	0.0
9606.ENSP00000482749	0.0
9606.ENSP00000365426	0.0
9606.ENSP00000359575	0.0
9606.ENSP00000464167	0.0
9606.ENSP00000292125	0.0
9606.ENSP00000332215	0.0
9606.ENSP00000384770	0.0
9606.ENSP00000385706	0.0
9606.ENSP00000418018	0.0
9606.ENSP00000276943	0.0
9606.ENSP00000369578	0.0
9606.ENSP00000482829	0.0
9606.ENSP00000353670	0.0
9606.ENSP00000345997	0.0
9606.ENSP00000316842	0.0
9606.ENSP00000377355	0.0
9606.ENSP00000270235	0.0
9606.ENSP00000481762	0.0
9606.ENSP00000270310	0.0
9606.ENSP00000473361	0.0
9606.ENSP00000473929	0.0
9606.ENSP00000321805	0.0
9606.ENSP00000270357	0.0
9606.ENSP00000375844	0.0
9606.ENSP00000270509	0.0
9606.ENSP00000311219	0.0
9606.ENSP00000270560	0.0
9606.ENSP00000355920	0.0
9606.ENSP00000309741	0.0
9606.ENSP00000380081	0.0
9606.ENSP00000270590	0.0
9606.ENSP00000482604	0.0
9606.ENSP00000270593	0.0
9606.ENSP00000270631	0.0
9606.ENSP00000272847	0.0
9606.ENSP00000270642	0.0
9606.ENSP00000350364	0.0
9606.ENSP00000348982	0.0
9606.ENSP00000384527	0.0
9606.ENSP00000430241	0.0
9606.ENSP00000497406	0.0
9606.ENSP00000270747	0.0
9606.ENSP00000367355	0.0
9606.ENSP00000440246	0.0
9606.ENSP00000356065	0.0
9606.ENSP00000270824	0.0
9606.ENSP00000285013	0.0
9606.ENSP00000358458	0.0
9606.ENSP00000271064	0.0
9606.ENSP00000271373	0.0
9606.ENSP00000489748	0.0
9606.ENSP00000354223	0.0
9606.ENSP00000271375	0.0
9606.ENSP00000271417	0.0
9606.ENSP00000410798	0.0
9606.ENSP00000386935	0.0
9606.ENSP00000306625	0.0
9606.ENSP00000380019	0.0
9606.ENSP00000271588	0.0
9606.ENSP00000436682	0.0
9606.ENSP00000314396	0.0
9606.ENSP00000482647	0.0
9606.ENSP00000499655	0.0
9606.ENSP00000271638	0.0
9606.ENSP00000357695	0.0
9606.ENSP00000347845	0.0
9606.ENSP00000414150	0.0
9606.ENSP00000378145	0.0
9606.ENSP00000282032	0.0
9606.ENSP00000379808	0.0
9606.ENSP00000477602	0.0
9606.ENSP00000271732	0.0
9606.ENSP00000389903	0.0
9606.ENSP00000271835	0.0
9606.ENSP00000370867	0.0
9606.ENSP00000298295	0.0
9606.ENSP00000357779	0.0
9606.ENSP00000330475	0.0
9606.ENSP00000306261	0.0
9606.ENSP00000271971	0.0
9606.ENSP00000501093	0.0
9606.ENSP00000315654	0.0
9606.ENSP00000355156	0.0
9606.ENSP00000381588	0.0
9606.ENSP00000272203	0.0
9606.ENSP00000291906	0.0
9606.ENSP00000341071	0.0
9606.ENSP00000347134	0.0
9606.ENSP00000371897	0.0
9606.ENSP00000400099	0.0
9606.ENSP00000387185	0.0
9606.ENSP00000498596	0.0
9606.ENSP00000472836	0.0
9606.ENSP00000289528	0.0
9606.ENSP00000341361	0.0
9606.ENSP00000354669	0.0
9606.ENSP00000369681	0.0
9606.ENSP00000468956	0.0
9606.ENSP00000360992	0.0
9606.ENSP00000360116	0.0
9606.ENSP00000417748	0.0
9606.ENSP00000452885	0.0
9606.ENSP00000381577	0.0
9606.ENSP00000364749	0.0
9606.ENSP00000354504	0.0
9606.ENSP00000280020	0.0
9606.ENSP00000334072	0.0
9606.ENSP00000286744	0.0
9606.ENSP00000333539	0.0
9606.ENSP00000431759	0.0
9606.ENSP00000334003	0.0
9606.ENSP00000313309	0.0
9606.ENSP00000494067	0.0
9606.ENSP00000307666	0.0
9606.ENSP00000381652	0.0
9606.ENSP00000272324	0.0
9606.ENSP00000272367	0.0
9606.ENSP00000443292	0.0
9606.ENSP00000324701	0.0
9606.ENSP00000369251	0.0
9606.ENSP00000389870	0.0
9606.ENSP00000290295	0.0
9606.ENSP00000312734	0.0
9606.ENSP00000495855	0.0
9606.ENSP00000370800	0.0
9606.ENSP00000321963	0.0
9606.ENSP00000319622	0.0
9606.ENSP00000284110	0.0
9606.ENSP00000354213	0.0
9606.ENSP00000330606	0.0
9606.ENSP00000296499	0.0
9606.ENSP00000272520	0.0
9606.ENSP00000272542	0.0
9606.ENSP00000346130	0.0
9606.ENSP00000272641	0.0
9606.ENSP00000294435	0.0
9606.ENSP00000272771	0.0
9606.ENSP00000350353	0.0
9606.ENSP00000371345	0.0
9606.ENSP00000386184	0.0
9606.ENSP00000307975	0.0
9606.ENSP00000311313	0.0
9606.ENSP00000320219	0.0
9606.ENSP00000370522	0.0
9606.ENSP00000333395	0.0
9606.ENSP00000370546	0.0
9606.ENSP00000325594	0.0
9606.ENSP00000350934	0.0
9606.ENSP00000313670	0.0
9606.ENSP00000277575	0.0
9606.ENSP00000358518	0.0
9606.ENSP00000467107	0.0
9606.ENSP00000273062	0.0
9606.ENSP00000273179	0.0
9606.ENSP00000273067	0.0
9606.ENSP00000273077	0.0
9606.ENSP00000355396	0.0
9606.ENSP00000273308	0.0
9606.ENSP00000317445	0.0
9606.ENSP00000349298	0.0
9606.ENSP00000273353	0.0
9606.ENSP00000380702	0.0
9606.ENSP00000423505	0.0
9606.ENSP00000409131	0.0
9606.ENSP00000355195	0.0
9606.ENSP00000337358	0.0
9606.ENSP00000346990	0.0
9606.ENSP00000273610	0.0
9606.ENSP00000369798	0.0
9606.ENSP00000340943	0.0
9606.ENSP00000274368	0.0
9606.ENSP00000329214	0.0
9606.ENSP00000366827	0.0
9606.ENSP00000273857	0.0
9606.ENSP00000450842	0.0
9606.ENSP00000273905	0.0
9606.ENSP00000273936	0.0
9606.ENSP00000324741	0.0
9606.ENSP00000483781	0.0
9606.ENSP00000357973	0.0
9606.ENSP00000274278	0.0
9606.ENSP00000296503	0.0
9606.ENSP00000303997	0.0
9606.ENSP00000296591	0.0
9606.ENSP00000349790	0.0
9606.ENSP00000274361	0.0
9606.ENSP00000473370	0.0
9606.ENSP00000328423	0.0
9606.ENSP00000391788	0.0
9606.ENSP00000350348	0.0
9606.ENSP00000310561	0.0
9606.ENSP00000274498	0.0
9606.ENSP00000369853	0.0
9606.ENSP00000336923	0.0
9606.ENSP00000274507	0.0
9606.ENSP00000367198	0.0
9606.ENSP00000487363	0.0
9606.ENSP00000274605	0.0
9606.ENSP00000498533	0.0
9606.ENSP00000365253	0.0
9606.ENSP00000294818	0.0
9606.ENSP00000418735	0.0
9606.ENSP00000366243	0.0
9606.ENSP00000484261	0.0
9606.ENSP00000274766	0.0
9606.ENSP00000383840	0.0
9606.ENSP00000354080	0.0
9606.ENSP00000274979	0.0
9606.ENSP00000313581	0.0
9606.ENSP00000275034	0.0
9606.ENSP00000275198	0.0
9606.ENSP00000363694	0.0
9606.ENSP00000482810	0.0
9606.ENSP00000275230	0.0
9606.ENSP00000400325	0.0
9606.ENSP00000316527	0.0
9606.ENSP00000359793	0.0
9606.ENSP00000455215	0.0
9606.ENSP00000328472	0.0
9606.ENSP00000496438	0.0
9606.ENSP00000319883	0.0
9606.ENSP00000389787	0.0
9606.ENSP00000464391	0.0
9606.ENSP00000275461	0.0
9606.ENSP00000321221	0.0
9606.ENSP00000296129	0.0
9606.ENSP00000371341	0.0
9606.ENSP00000296484	0.0
9606.ENSP00000337226	0.0
9606.ENSP00000402674	0.0
9606.ENSP00000385285	0.0
9606.ENSP00000275954	0.0
9606.ENSP00000412388	0.0
9606.ENSP00000276052	0.0
9606.ENSP00000295414	0.0
9606.ENSP00000363836	0.0
9606.ENSP00000276055	0.0
9606.ENSP00000481912	0.0
9606.ENSP00000333947	0.0
9606.ENSP00000345797	0.0
9606.ENSP00000429148	0.0
9606.ENSP00000480916	0.0
9606.ENSP00000317404	0.0
9606.ENSP00000378605	0.0
9606.ENSP00000276127	0.0
9606.ENSP00000362206	0.0
9606.ENSP00000276241	0.0
9606.ENSP00000276282	0.0
9606.ENSP00000354775	0.0
9606.ENSP00000313881	0.0
9606.ENSP00000276416	0.0
9606.ENSP00000498807	0.0
9606.ENSP00000328083	0.0
9606.ENSP00000276440	0.0
9606.ENSP00000276569	0.0
9606.ENSP00000363419	0.0
9606.ENSP00000340644	0.0
9606.ENSP00000455442	0.0
9606.ENSP00000463762	0.0
9606.ENSP00000301896	0.0
9606.ENSP00000276616	0.0
9606.ENSP00000276654	0.0
9606.ENSP00000462298	0.0
9606.ENSP00000276708	0.0
9606.ENSP00000415049	0.0
9606.ENSP00000277165	0.0
9606.ENSP00000277225	0.0
9606.ENSP00000358207	0.0
9606.ENSP00000482512	0.0
9606.ENSP00000360696	0.0
9606.ENSP00000366208	0.0
9606.ENSP00000339621	0.0
9606.ENSP00000418491	0.0
9606.ENSP00000319781	0.0
9606.ENSP00000356301	0.0
9606.ENSP00000385089	0.0
9606.ENSP00000311436	0.0
9606.ENSP00000333181	0.0
9606.ENSP00000369636	0.0
9606.ENSP00000385545	0.0
9606.ENSP00000337907	0.0
9606.ENSP00000278198	0.0
9606.ENSP00000278200	0.0
9606.ENSP00000350833	0.0
9606.ENSP00000385936	0.0
9606.ENSP00000296694	0.0
9606.ENSP00000278314	0.0
9606.ENSP00000376534	0.0
9606.ENSP00000278319	0.0
9606.ENSP00000424123	0.0
9606.ENSP00000482899	0.0
9606.ENSP00000495557	0.0
9606.ENSP00000278483	0.0
9606.ENSP00000278505	0.0
9606.ENSP00000312439	0.0
9606.ENSP00000278550	0.0
9606.ENSP00000339916	0.0
9606.ENSP00000380559	0.0
9606.ENSP00000299575	0.0
9606.ENSP00000369545	0.0
9606.ENSP00000491596	0.0
9606.ENSP00000373669	0.0
9606.ENSP00000278742	0.0
9606.ENSP00000278780	0.0
9606.ENSP00000495564	0.0
9606.ENSP00000278829	0.0
9606.ENSP00000278836	0.0
9606.ENSP00000278840	0.0
9606.ENSP00000359956	0.0
9606.ENSP00000278853	0.0
9606.ENSP00000482304	0.0
9606.ENSP00000358747	0.0
9606.ENSP00000278855	0.0
9606.ENSP00000494485	0.0
9606.ENSP00000495263	0.0
9606.ENSP00000300190	0.0
9606.ENSP00000451162	0.0
9606.ENSP00000334379	0.0
9606.ENSP00000306105	0.0
9606.ENSP00000356265	0.0
9606.ENSP00000496114	0.0
9606.ENSP00000278949	0.0
9606.ENSP00000278979	0.0
9606.ENSP00000357087	0.0
9606.ENSP00000279027	0.0
9606.ENSP00000340402	0.0
9606.ENSP00000279058	0.0
9606.ENSP00000302938	0.0
9606.ENSP00000361735	0.0
9606.ENSP00000361755	0.0
9606.ENSP00000279101	0.0
9606.ENSP00000478993	0.0
9606.ENSP00000378050	0.0
9606.ENSP00000489770	0.0
9606.ENSP00000356807	0.0
9606.ENSP00000305924	0.0
9606.ENSP00000481917	0.0
9606.ENSP00000344967	0.0
9606.ENSP00000309338	0.0
9606.ENSP00000352185	0.0
9606.ENSP00000285697	0.0
9606.ENSP00000280191	0.0
9606.ENSP00000355900	0.0
9606.ENSP00000280258	0.0
9606.ENSP00000468308	0.0
9606.ENSP00000280295	0.0
9606.ENSP00000340088	0.0
9606.ENSP00000280358	0.0
9606.ENSP00000385480	0.0
9606.ENSP00000350162	0.0
9606.ENSP00000324920	0.0
9606.ENSP00000482732	0.0
9606.ENSP00000365528	0.0
9606.ENSP00000295453	0.0
9606.ENSP00000493688	0.0
9606.ENSP00000362294	0.0
9606.ENSP00000280481	0.0
9606.ENSP00000412940	0.0
9606.ENSP00000389252	0.0
9606.ENSP00000422834	0.0
9606.ENSP00000280527	0.0
9606.ENSP00000368547	0.0
9606.ENSP00000359370	0.0
9606.ENSP00000375066	0.0
9606.ENSP00000496921	0.0
9606.ENSP00000389255	0.0
9606.ENSP00000436714	0.0
9606.ENSP00000356107	0.0
9606.ENSP00000331748	0.0
9606.ENSP00000306817	0.0
9606.ENSP00000295131	0.0
9606.ENSP00000462333	0.0
9606.ENSP00000430025	0.0
9606.ENSP00000300051	0.0
9606.ENSP00000406577	0.0
9606.ENSP00000321070	0.0
9606.ENSP00000280871	0.0
9606.ENSP00000370543	0.0
9606.ENSP00000280979	0.0
9606.ENSP00000345502	0.0
9606.ENSP00000281030	0.0
9606.ENSP00000483547	0.0
9606.ENSP00000345292	0.0
9606.ENSP00000451712	0.0
9606.ENSP00000281047	0.0
9606.ENSP00000281092	0.0
9606.ENSP00000478874	0.0
9606.ENSP00000306760	0.0
9606.ENSP00000479542	0.0
9606.ENSP00000281156	0.0
9606.ENSP00000348108	0.0
9606.ENSP00000338769	0.0
9606.ENSP00000357402	0.0
9606.ENSP00000281741	0.0
9606.ENSP00000281772	0.0
9606.ENSP00000355026	0.0
9606.ENSP00000375829	0.0
9606.ENSP00000481096	0.0
9606.ENSP00000364870	0.0
9606.ENSP00000306015	0.0
9606.ENSP00000304956	0.0
9606.ENSP00000282003	0.0
9606.ENSP00000397351	0.0
9606.ENSP00000282026	0.0
9606.ENSP00000346175	0.0
9606.ENSP00000348848	0.0
9606.ENSP00000450856	0.0
9606.ENSP00000302657	0.0
9606.ENSP00000334650	0.0
9606.ENSP00000327611	0.0
9606.ENSP00000402797	0.0
9606.ENSP00000344820	0.0
9606.ENSP00000282272	0.0
9606.ENSP00000282292	0.0
9606.ENSP00000365407	0.0
9606.ENSP00000312411	0.0
9606.ENSP00000282388	0.0
9606.ENSP00000359890	0.0
9606.ENSP00000365861	0.0
9606.ENSP00000488422	0.0
9606.ENSP00000410769	0.0
9606.ENSP00000282507	0.0
9606.ENSP00000370345	0.0
9606.ENSP00000301030	0.0
9606.ENSP00000404705	0.0
9606.ENSP00000386433	0.0
9606.ENSP00000358374	0.0
9606.ENSP00000343676	0.0
9606.ENSP00000282570	0.0
9606.ENSP00000286049	0.0
9606.ENSP00000377823	0.0
9606.ENSP00000305632	0.0
9606.ENSP00000439937	0.0
9606.ENSP00000440556	0.0
9606.ENSP00000293662	0.0
9606.ENSP00000327687	0.0
9606.ENSP00000449241	0.0
9606.ENSP00000282869	0.0
9606.ENSP00000366118	0.0
9606.ENSP00000310335	0.0
9606.ENSP00000282908	0.0
9606.ENSP00000326240	0.0
9606.ENSP00000283148	0.0
9606.ENSP00000300128	0.0
9606.ENSP00000428259	0.0
9606.ENSP00000362759	0.0
9606.ENSP00000418232	0.0
9606.ENSP00000479494	0.0
9606.ENSP00000283206	0.0
9606.ENSP00000331411	0.0
9606.ENSP00000283243	0.0
9606.ENSP00000406482	0.0
9606.ENSP00000307513	0.0
9606.ENSP00000298925	0.0
9606.ENSP00000357711	0.0
9606.ENSP00000401112	0.0
9606.ENSP00000450524	0.0
9606.ENSP00000283309	0.0
9606.ENSP00000283357	0.0
9606.ENSP00000335247	0.0
9606.ENSP00000283441	0.0
9606.ENSP00000345268	0.0
9606.ENSP00000496422	0.0
9606.ENSP00000454404	0.0
9606.ENSP00000283905	0.0
9606.ENSP00000479730	0.0
9606.ENSP00000283916	0.0
9606.ENSP00000321038	0.0
9606.ENSP00000453302	0.0
9606.ENSP00000284245	0.0
9606.ENSP00000358888	0.0
9606.ENSP00000284268	0.0
9606.ENSP00000284292	0.0
9606.ENSP00000303252	0.0
9606.ENSP00000402153	0.0
9606.ENSP00000284311	0.0
9606.ENSP00000361199	0.0
9606.ENSP00000339017	0.0
9606.ENSP00000284425	0.0
9606.ENSP00000342216	0.0
9606.ENSP00000416707	0.0
9606.ENSP00000347433	0.0
9606.ENSP00000393832	0.0
9606.ENSP00000339577	0.0
9606.ENSP00000284637	0.0
9606.ENSP00000414670	0.0
9606.ENSP00000284674	0.0
9606.ENSP00000357682	0.0
9606.ENSP00000284694	0.0
9606.ENSP00000284767	0.0
9606.ENSP00000432651	0.0
9606.ENSP00000348635	0.0
9606.ENSP00000284885	0.0
9606.ENSP00000374135	0.0
9606.ENSP00000497221	0.0
9606.ENSP00000366047	0.0
9606.ENSP00000350718	0.0
9606.ENSP00000367888	0.0
9606.ENSP00000332979	0.0
9606.ENSP00000382083	0.0
9606.ENSP00000284984	0.0
9606.ENSP00000397402	0.0
9606.ENSP00000355299	0.0
9606.ENSP00000350549	0.0
9606.ENSP00000368109	0.0
9606.ENSP00000362751	0.0
9606.ENSP00000405812	0.0
9606.ENSP00000343507	0.0
9606.ENSP00000458018	0.0
9606.ENSP00000363391	0.0
9606.ENSP00000293845	0.0
9606.ENSP00000360913	0.0
9606.ENSP00000331086	0.0
9606.ENSP00000285420	0.0
9606.ENSP00000285599	0.0
9606.ENSP00000395473	0.0
9606.ENSP00000343331	0.0
9606.ENSP00000390513	0.0
9606.ENSP00000383820	0.0
9606.ENSP00000370624	0.0
9606.ENSP00000364752	0.0
9606.ENSP00000494147	0.0
9606.ENSP00000285928	0.0
9606.ENSP00000437532	0.0
9606.ENSP00000417061	0.0
9606.ENSP00000367922	0.0
9606.ENSP00000337804	0.0
9606.ENSP00000479064	0.0
9606.ENSP00000399136	0.0
9606.ENSP00000380747	0.0
9606.ENSP00000286031	0.0
9606.ENSP00000364766	0.0
9606.ENSP00000392411	0.0
9606.ENSP00000297282	0.0
9606.ENSP00000397863	0.0
9606.ENSP00000300184	0.0
9606.ENSP00000338030	0.0
9606.ENSP00000286523	0.0
9606.ENSP00000361705	0.0
9606.ENSP00000439689	0.0
9606.ENSP00000362403	0.0
9606.ENSP00000349677	0.0
9606.ENSP00000498610	0.0
9606.ENSP00000365413	0.0
9606.ENSP00000286692	0.0
9606.ENSP00000388713	0.0
9606.ENSP00000286719	0.0
9606.ENSP00000367739	0.0
9606.ENSP00000286955	0.0
9606.ENSP00000420161	0.0
9606.ENSP00000466880	0.0
9606.ENSP00000305595	0.0
9606.ENSP00000302599	0.0
9606.ENSP00000321874	0.0
9606.ENSP00000483018	0.0
9606.ENSP00000319636	0.0
9606.ENSP00000312021	0.0
9606.ENSP00000480884	0.0
9606.ENSP00000305603	0.0
9606.ENSP00000447651	0.0
9606.ENSP00000287042	0.0
9606.ENSP00000482760	0.0
9606.ENSP00000287152	0.0
9606.ENSP00000362555	0.0
9606.ENSP00000287169	0.0
9606.ENSP00000364013	0.0
9606.ENSP00000359634	0.0
9606.ENSP00000377735	0.0
9606.ENSP00000287202	0.0
9606.ENSP00000319914	0.0
9606.ENSP00000287380	0.0
9606.ENSP00000301744	0.0
9606.ENSP00000464215	0.0
9606.ENSP00000357651	0.0
9606.ENSP00000287585	0.0
9606.ENSP00000380635	0.0
9606.ENSP00000328551	0.0
9606.ENSP00000480364	0.0
9606.ENSP00000308893	0.0
9606.ENSP00000287675	0.0
9606.ENSP00000307911	0.0
9606.ENSP00000341206	0.0
9606.ENSP00000361083	0.0
9606.ENSP00000304769	0.0
9606.ENSP00000455426	0.0
9606.ENSP00000440125	0.0
9606.ENSP00000360214	0.0
9606.ENSP00000362127	0.0
9606.ENSP00000400887	0.0
9606.ENSP00000288014	0.0
9606.ENSP00000288065	0.0
9606.ENSP00000359935	0.0
9606.ENSP00000398803	0.0
9606.ENSP00000309245	0.0
9606.ENSP00000358770	0.0
9606.ENSP00000340836	0.0
9606.ENSP00000288368	0.0
9606.ENSP00000381473	0.0
9606.ENSP00000392353	0.0
9606.ENSP00000363371	0.0
9606.ENSP00000376035	0.0
9606.ENSP00000364476	0.0
9606.ENSP00000344609	0.0
9606.ENSP00000478220	0.0
9606.ENSP00000484940	0.0
9606.ENSP00000406723	0.0
9606.ENSP00000480524	0.0
9606.ENSP00000289619	0.0
9606.ENSP00000323191	0.0
9606.ENSP00000326598	0.0
9606.ENSP00000289672	0.0
9606.ENSP00000289707	0.0
9606.ENSP00000357072	0.0
9606.ENSP00000435466	0.0
9606.ENSP00000289788	0.0
9606.ENSP00000289805	0.0
9606.ENSP00000374037	0.0
9606.ENSP00000299665	0.0
9606.ENSP00000364501	0.0
9606.ENSP00000289921	0.0
9606.ENSP00000497104	0.0
9606.ENSP00000368994	0.0
9606.ENSP00000414390	0.0
9606.ENSP00000370621	0.0
9606.ENSP00000366273	0.0
9606.ENSP00000380165	0.0
9606.ENSP00000366153	0.0
9606.ENSP00000290291	0.0
9606.ENSP00000290294	0.0
9606.ENSP00000484945	0.0
9606.ENSP00000361547	0.0
9606.ENSP00000428756	0.0
9606.ENSP00000349594	0.0
9606.ENSP00000290399	0.0
9606.ENSP00000501317	0.0
9606.ENSP00000290536	0.0
9606.ENSP00000290583	0.0
9606.ENSP00000376565	0.0
9606.ENSP00000290722	0.0
9606.ENSP00000334869	0.0
9606.ENSP00000334644	0.0
9606.ENSP00000335358	0.0
9606.ENSP00000352672	0.0
9606.ENSP00000431049	0.0
9606.ENSP00000290871	0.0
9606.ENSP00000290881	0.0
9606.ENSP00000325655	0.0
9606.ENSP00000417303	0.0
9606.ENSP00000360500	0.0
9606.ENSP00000490116	0.0
9606.ENSP00000386200	0.0
9606.ENSP00000387757	0.0
9606.ENSP00000313158	0.0
9606.ENSP00000483523	0.0
9606.ENSP00000344285	0.0
9606.ENSP00000296777	0.0
9606.ENSP00000290974	0.0
9606.ENSP00000340474	0.0
9606.ENSP00000347409	0.0
9606.ENSP00000412886	0.0
9606.ENSP00000413496	0.0
9606.ENSP00000307093	0.0
9606.ENSP00000362638	0.0
9606.ENSP00000306522	0.0
9606.ENSP00000376132	0.0
9606.ENSP00000329403	0.0
9606.ENSP00000291416	0.0
9606.ENSP00000291442	0.0
9606.ENSP00000291481	0.0
9606.ENSP00000317000	0.0
9606.ENSP00000329292	0.0
9606.ENSP00000347486	0.0
9606.ENSP00000362987	0.0
9606.ENSP00000292879	0.0
9606.ENSP00000485022	0.0
9606.ENSP00000359958	0.0
9606.ENSP00000482816	0.0
9606.ENSP00000295728	0.0
9606.ENSP00000302105	0.0
9606.ENSP00000459580	0.0
9606.ENSP00000333551	0.0
9606.ENSP00000305653	0.0
9606.ENSP00000365174	0.0
9606.ENSP00000470129	0.0
9606.ENSP00000415070	0.0
9606.ENSP00000350402	0.0
9606.ENSP00000382334	0.0
9606.ENSP00000357791	0.0
9606.ENSP00000296370	0.0
9606.ENSP00000357702	0.0
9606.ENSP00000297578	0.0
9606.ENSP00000399979	0.0
9606.ENSP00000377833	0.0
9606.ENSP00000292330	0.0
9606.ENSP00000491507	0.0
9606.ENSP00000292377	0.0
9606.ENSP00000293829	0.0
9606.ENSP00000362109	0.0
9606.ENSP00000472308	0.0
9606.ENSP00000352163	0.0
9606.ENSP00000423325	0.0
9606.ENSP00000368389	0.0
9606.ENSP00000292524	0.0
9606.ENSP00000292539	0.0
9606.ENSP00000433769	0.0
9606.ENSP00000358064	0.0
9606.ENSP00000292672	0.0
9606.ENSP00000345147	0.0
9606.ENSP00000444839	0.0
9606.ENSP00000315013	0.0
9606.ENSP00000413575	0.0
9606.ENSP00000381036	0.0
9606.ENSP00000298352	0.0
9606.ENSP00000322775	0.0
9606.ENSP00000330753	0.0
9606.ENSP00000405424	0.0
9606.ENSP00000477548	0.0
9606.ENSP00000340748	0.0
9606.ENSP00000384387	0.0
9606.ENSP00000497225	0.0
9606.ENSP00000304277	0.0
9606.ENSP00000342267	0.0
9606.ENSP00000293405	0.0
9606.ENSP00000378712	0.0
9606.ENSP00000474246	0.0
9606.ENSP00000363023	0.0
9606.ENSP00000293471	0.0
9606.ENSP00000411084	0.0
9606.ENSP00000357655	0.0
9606.ENSP00000361959	0.0
9606.ENSP00000302251	0.0
9606.ENSP00000293670	0.0
9606.ENSP00000375428	0.0
9606.ENSP00000293745	0.0
9606.ENSP00000307014	0.0
9606.ENSP00000293771	0.0
9606.ENSP00000293805	0.0
9606.ENSP00000306894	0.0
9606.ENSP00000316109	0.0
9606.ENSP00000477725	0.0
9606.ENSP00000345470	0.0
9606.ENSP00000293851	0.0
9606.ENSP00000365318	0.0
9606.ENSP00000398722	0.0
9606.ENSP00000332454	0.0
9606.ENSP00000423881	0.0
9606.ENSP00000359225	0.0
9606.ENSP00000321971	0.0
9606.ENSP00000318602	0.0
9606.ENSP00000399475	0.0
9606.ENSP00000293889	0.0
9606.ENSP00000298050	0.0
9606.ENSP00000293894	0.0
9606.ENSP00000293973	0.0
9606.ENSP00000337691	0.0
9606.ENSP00000409378	0.0
9606.ENSP00000310803	0.0
9606.ENSP00000335008	0.0
9606.ENSP00000492795	0.0
9606.ENSP00000294258	0.0
9606.ENSP00000294288	0.0
9606.ENSP00000298892	0.0
9606.ENSP00000294360	0.0
9606.ENSP00000361664	0.0
9606.ENSP00000489959	0.0
9606.ENSP00000344674	0.0
9606.ENSP00000363478	0.0
9606.ENSP00000294484	0.0
9606.ENSP00000349359	0.0
9606.ENSP00000381581	0.0
9606.ENSP00000373206	0.0
9606.ENSP00000297537	0.0
9606.ENSP00000294671	0.0
9606.ENSP00000495718	0.0
9606.ENSP00000296456	0.0
9606.ENSP00000294904	0.0
9606.ENSP00000321691	0.0
9606.ENSP00000349954	0.0
9606.ENSP00000403649	0.0
9606.ENSP00000357440	0.0
9606.ENSP00000294964	0.0
9606.ENSP00000395340	0.0
9606.ENSP00000484403	0.0
9606.ENSP00000362799	0.0
9606.ENSP00000383089	0.0
9606.ENSP00000295095	0.0
9606.ENSP00000376608	0.0
9606.ENSP00000359170	0.0
9606.ENSP00000295148	0.0
9606.ENSP00000295171	0.0
9606.ENSP00000295213	0.0
9606.ENSP00000303424	0.0
9606.ENSP00000384347	0.0
9606.ENSP00000394390	0.0
9606.ENSP00000321951	0.0
9606.ENSP00000295461	0.0
9606.ENSP00000358894	0.0
9606.ENSP00000295488	0.0
9606.ENSP00000295542	0.0
9606.ENSP00000374632	0.0
9606.ENSP00000295569	0.0
9606.ENSP00000360054	0.0
9606.ENSP00000295588	0.0
9606.ENSP00000295628	0.0
9606.ENSP00000295645	0.0
9606.ENSP00000334657	0.0
9606.ENSP00000295694	0.0
9606.ENSP00000295704	0.0
9606.ENSP00000374069	0.0
9606.ENSP00000295746	0.0
9606.ENSP00000496301	0.0
9606.ENSP00000410446	0.0
9606.ENSP00000422947	0.0
9606.ENSP00000348299	0.0
9606.ENSP00000406970	0.0
9606.ENSP00000394546	0.0
9606.ENSP00000497443	0.0
9606.ENSP00000381057	0.0
9606.ENSP00000352463	0.0
9606.ENSP00000430000	0.0
9606.ENSP00000295926	0.0
9606.ENSP00000367900	0.0
9606.ENSP00000418994	0.0
9606.ENSP00000363463	0.0
9606.ENSP00000296043	0.0
9606.ENSP00000418668	0.0
9606.ENSP00000296121	0.0
9606.ENSP00000378119	0.0
9606.ENSP00000406286	0.0
9606.ENSP00000296130	0.0
9606.ENSP00000376443	0.0
9606.ENSP00000476746	0.0
9606.ENSP00000331479	0.0
9606.ENSP00000296220	0.0
9606.ENSP00000412733	0.0
9606.ENSP00000379804	0.0
9606.ENSP00000344749	0.0
9606.ENSP00000376930	0.0
9606.ENSP00000345359	0.0
9606.ENSP00000364831	0.0
9606.ENSP00000296238	0.0
9606.ENSP00000417914	0.0
9606.ENSP00000386908	0.0
9606.ENSP00000335158	0.0
9606.ENSP00000390410	0.0
9606.ENSP00000356658	0.0
9606.ENSP00000296333	0.0
9606.ENSP00000296350	0.0
9606.ENSP00000362574	0.0
9606.ENSP00000428864	0.0
9606.ENSP00000369915	0.0
9606.ENSP00000305151	0.0
9606.ENSP00000321005	0.0
9606.ENSP00000359778	0.0
9606.ENSP00000296422	0.0
9606.ENSP00000298690	0.0
9606.ENSP00000424598	0.0
9606.ENSP00000477868	0.0
9606.ENSP00000462154	0.0
9606.ENSP00000331462	0.0
9606.ENSP00000481773	0.0
9606.ENSP00000386143	0.0
9606.ENSP00000296522	0.0
9606.ENSP00000353920	0.0
9606.ENSP00000370713	0.0
9606.ENSP00000366058	0.0
9606.ENSP00000296582	0.0
9606.ENSP00000379365	0.0
9606.ENSP00000296632	0.0
9606.ENSP00000296658	0.0
9606.ENSP00000422338	0.0
9606.ENSP00000457258	0.0
9606.ENSP00000358466	0.0
9606.ENSP00000323074	0.0
9606.ENSP00000296754	0.0
9606.ENSP00000436455	0.0
9606.ENSP00000445247	0.0
9606.ENSP00000354152	0.0
9606.ENSP00000428585	0.0
9606.ENSP00000296824	0.0
9606.ENSP00000384832	0.0
9606.ENSP00000296839	0.0
9606.ENSP00000426948	0.0
9606.ENSP00000381032	0.0
9606.ENSP00000320251	0.0
9606.ENSP00000359128	0.0
9606.ENSP00000474071	0.0
9606.ENSP00000381549	0.0
9606.ENSP00000392105	0.0
9606.ENSP00000369453	0.0
9606.ENSP00000297130	0.0
9606.ENSP00000297164	0.0
9606.ENSP00000368030	0.0
9606.ENSP00000360803	0.0
9606.ENSP00000417418	0.0
9606.ENSP00000297205	0.0
9606.ENSP00000385586	0.0
9606.ENSP00000368666	0.0
9606.ENSP00000366267	0.0
9606.ENSP00000346359	0.0
9606.ENSP00000297290	0.0
9606.ENSP00000492990	0.0
9606.ENSP00000297293	0.0
9606.ENSP00000300057	0.0
9606.ENSP00000297325	0.0
9606.ENSP00000316130	0.0
9606.ENSP00000334308	0.0
9606.ENSP00000297423	0.0
9606.ENSP00000335281	0.0
9606.ENSP00000322191	0.0
9606.ENSP00000297459	0.0
9606.ENSP00000370303	0.0
9606.ENSP00000379047	0.0
9606.ENSP00000442477	0.0
9606.ENSP00000363417	0.0
9606.ENSP00000297532	0.0
9606.ENSP00000400513	0.0
9606.ENSP00000297534	0.0
9606.ENSP00000356110	0.0
9606.ENSP00000323348	0.0
9606.ENSP00000297596	0.0
9606.ENSP00000333942	0.0
9606.ENSP00000297613	0.0
9606.ENSP00000297625	0.0
9606.ENSP00000297788	0.0
9606.ENSP00000347896	0.0
9606.ENSP00000386049	0.0
9606.ENSP00000297857	0.0
9606.ENSP00000297873	0.0
9606.ENSP00000297954	0.0
9606.ENSP00000320488	0.0
9606.ENSP00000298119	0.0
9606.ENSP00000460885	0.0
9606.ENSP00000298181	0.0
9606.ENSP00000298396	0.0
9606.ENSP00000298251	0.0
9606.ENSP00000334044	0.0
9606.ENSP00000360583	0.0
9606.ENSP00000437554	0.0
9606.ENSP00000384830	0.0
9606.ENSP00000359484	0.0
9606.ENSP00000298351	0.0
9606.ENSP00000298440	0.0
9606.ENSP00000400500	0.0
9606.ENSP00000497720	0.0
9606.ENSP00000298542	0.0
9606.ENSP00000340328	0.0
9606.ENSP00000371846	0.0
9606.ENSP00000298681	0.0
9606.ENSP00000366586	0.0
9606.ENSP00000298705	0.0
9606.ENSP00000490587	0.0
9606.ENSP00000298815	0.0
9606.ENSP00000372278	0.0
9606.ENSP00000298832	0.0
9606.ENSP00000373600	0.0
9606.ENSP00000298943	0.0
9606.ENSP00000424381	0.0
9606.ENSP00000299045	0.0
9606.ENSP00000360764	0.0
9606.ENSP00000416158	0.0
9606.ENSP00000377059	0.0
9606.ENSP00000299213	0.0
9606.ENSP00000415464	0.0
9606.ENSP00000349147	0.0
9606.ENSP00000299338	0.0
9606.ENSP00000346414	0.0
9606.ENSP00000299432	0.0
9606.ENSP00000349768	0.0
9606.ENSP00000299443	0.0
9606.ENSP00000351856	0.0
9606.ENSP00000299454	0.0
9606.ENSP00000369157	0.0
9606.ENSP00000320560	0.0
9606.ENSP00000299459	0.0
9606.ENSP00000493131	0.0
9606.ENSP00000493074	0.0
9606.ENSP00000402576	0.0
9606.ENSP00000299505	0.0
9606.ENSP00000365637	0.0
9606.ENSP00000377747	0.0
9606.ENSP00000326407	0.0
9606.ENSP00000299687	0.0
9606.ENSP00000322361	0.0
9606.ENSP00000299698	0.0
9606.ENSP00000330284	0.0
9606.ENSP00000382684	0.0
9606.ENSP00000331268	0.0
9606.ENSP00000408410	0.0
9606.ENSP00000299798	0.0
9606.ENSP00000299952	0.0
9606.ENSP00000300006	0.0
9606.ENSP00000382485	0.0
9606.ENSP00000300069	0.0
9606.ENSP00000383145	0.0
9606.ENSP00000362962	0.0
9606.ENSP00000355499	0.0
9606.ENSP00000364585	0.0
9606.ENSP00000365782	0.0
9606.ENSP00000317902	0.0
9606.ENSP00000300098	0.0
9606.ENSP00000362183	0.0
9606.ENSP00000357660	0.0
9606.ENSP00000424711	0.0
9606.ENSP00000300176	0.0
9606.ENSP00000327732	0.0
9606.ENSP00000354543	0.0
9606.ENSP00000397435	0.0
9606.ENSP00000414055	0.0
9606.ENSP00000300226	0.0
9606.ENSP00000311862	0.0
9606.ENSP00000300209	0.0
9606.ENSP00000413196	0.0
9606.ENSP00000359629	0.0
9606.ENSP00000364032	0.0
9606.ENSP00000368868	0.0
9606.ENSP00000483599	0.0
9606.ENSP00000376456	0.0
9606.ENSP00000457111	0.0
9606.ENSP00000452796	0.0
9606.ENSP00000366826	0.0
9606.ENSP00000300584	0.0
9606.ENSP00000402760	0.0
9606.ENSP00000343223	0.0
9606.ENSP00000396345	0.0
9606.ENSP00000363330	0.0
9606.ENSP00000326693	0.0
9606.ENSP00000418748	0.0
9606.ENSP00000496817	0.0
9606.ENSP00000300773	0.0
9606.ENSP00000300778	0.0
9606.ENSP00000493016	0.0
9606.ENSP00000493005	0.0
9606.ENSP00000369568	0.0
9606.ENSP00000300811	0.0
9606.ENSP00000300896	0.0
9606.ENSP00000478473	0.0
9606.ENSP00000478683	0.0
9606.ENSP00000312671	0.0
9606.ENSP00000300961	0.0
9606.ENSP00000357336	0.0
9606.ENSP00000317579	0.0
9606.ENSP00000301039	0.0
9606.ENSP00000362590	0.0
9606.ENSP00000429633	0.0
9606.ENSP00000301202	0.0
9606.ENSP00000301204	0.0
9606.ENSP00000406986	0.0
9606.ENSP00000301246	0.0
9606.ENSP00000398342	0.0
9606.ENSP00000319730	0.0
9606.ENSP00000358470	0.0
9606.ENSP00000379201	0.0
9606.ENSP00000301310	0.0
9606.ENSP00000381499	0.0
9606.ENSP00000301327	0.0
9606.ENSP00000442688	0.0
9606.ENSP00000301329	0.0
9606.ENSP00000413156	0.0
9606.ENSP00000301391	0.0
9606.ENSP00000301407	0.0
9606.ENSP00000301420	0.0
9606.ENSP00000368468	0.0
9606.ENSP00000301459	0.0
9606.ENSP00000385312	0.0
9606.ENSP00000301599	0.0
9606.ENSP00000301659	0.0
9606.ENSP00000339637	0.0
9606.ENSP00000332013	0.0
9606.ENSP00000301732	0.0
9606.ENSP00000316496	0.0
9606.ENSP00000327796	0.0
9606.ENSP00000353128	0.0
9606.ENSP00000360167	0.0
9606.ENSP00000301785	0.0
9606.ENSP00000301790	0.0
9606.ENSP00000301831	0.0
9606.ENSP00000360998	0.0
9606.ENSP00000341843	0.0
9606.ENSP00000371923	0.0
9606.ENSP00000357915	0.0
9606.ENSP00000302046	0.0
9606.ENSP00000426455	0.0
9606.ENSP00000302114	0.0
9606.ENSP00000338988	0.0
9606.ENSP00000311290	0.0
9606.ENSP00000302189	0.0
9606.ENSP00000302199	0.0
9606.ENSP00000302289	0.0
9606.ENSP00000448071	0.0
9606.ENSP00000321735	0.0
9606.ENSP00000389300	0.0
9606.ENSP00000372127	0.0
9606.ENSP00000307155	0.0
9606.ENSP00000302456	0.0
9606.ENSP00000402537	0.0
9606.ENSP00000302485	0.0
9606.ENSP00000302543	0.0
9606.ENSP00000302621	0.0
9606.ENSP00000371786	0.0
9606.ENSP00000419395	0.0
9606.ENSP00000366970	0.0
9606.ENSP00000302716	0.0
9606.ENSP00000431983	0.0
9606.ENSP00000365473	0.0
9606.ENSP00000441929	0.0
9606.ENSP00000485028	0.0
9606.ENSP00000385968	0.0
9606.ENSP00000435954	0.0
9606.ENSP00000430846	0.0
9606.ENSP00000302756	0.0
9606.ENSP00000371940	0.0
9606.ENSP00000484056	0.0
9606.ENSP00000360195	0.0
9606.ENSP00000362027	0.0
9606.ENSP00000310205	0.0
9606.ENSP00000351473	0.0
9606.ENSP00000419545	0.0
9606.ENSP00000305107	0.0
9606.ENSP00000302867	0.0
9606.ENSP00000323355	0.0
9606.ENSP00000302895	0.0
9606.ENSP00000358001	0.0
9606.ENSP00000302913	0.0
9606.ENSP00000319829	0.0
9606.ENSP00000320532	0.0
9606.ENSP00000348968	0.0
9606.ENSP00000421861	0.0
9606.ENSP00000472118	0.0
9606.ENSP00000361900	0.0
9606.ENSP00000320650	0.0
9606.ENSP00000354794	0.0
9606.ENSP00000303061	0.0
9606.ENSP00000493515	0.0
9606.ENSP00000500939	0.0
9606.ENSP00000306328	0.0
9606.ENSP00000346955	0.0
9606.ENSP00000476815	0.0
9606.ENSP00000461324	0.0
9606.ENSP00000446242	0.0
9606.ENSP00000334042	0.0
9606.ENSP00000447121	0.0
9606.ENSP00000404676	0.0
9606.ENSP00000427336	0.0
9606.ENSP00000303482	0.0
9606.ENSP00000303490	0.0
9606.ENSP00000406026	0.0
9606.ENSP00000381480	0.0
9606.ENSP00000368332	0.0
9606.ENSP00000303549	0.0
9606.ENSP00000303570	0.0
9606.ENSP00000314792	0.0
9606.ENSP00000303758	0.0
9606.ENSP00000435585	0.0
9606.ENSP00000339115	0.0
9606.ENSP00000386213	0.0
9606.ENSP00000303909	0.0
9606.ENSP00000303915	0.0
9606.ENSP00000410734	0.0
9606.ENSP00000366179	0.0
9606.ENSP00000304032	0.0
9606.ENSP00000304127	0.0
9606.ENSP00000304139	0.0
9606.ENSP00000304234	0.0
9606.ENSP00000381636	0.0
9606.ENSP00000436042	0.0
9606.ENSP00000436426	0.0
9606.ENSP00000433378	0.0
9606.ENSP00000304250	0.0
9606.ENSP00000364361	0.0
9606.ENSP00000429150	0.0
9606.ENSP00000339299	0.0
9606.ENSP00000304360	0.0
9606.ENSP00000374152	0.0
9606.ENSP00000379377	0.0
9606.ENSP00000304419	0.0
9606.ENSP00000304435	0.0
9606.ENSP00000304440	0.0
9606.ENSP00000481581	0.0
9606.ENSP00000304553	0.0
9606.ENSP00000479716	0.0
9606.ENSP00000364324	0.0
9606.ENSP00000362993	0.0
9606.ENSP00000319281	0.0
9606.ENSP00000304854	0.0
9606.ENSP00000388684	0.0
9606.ENSP00000312457	0.0
9606.ENSP00000305005	0.0
9606.ENSP00000305069	0.0
9606.ENSP00000338034	0.0
9606.ENSP00000305096	0.0
9606.ENSP00000320520	0.0
9606.ENSP00000305138	0.0
9606.ENSP00000349596	0.0
9606.ENSP00000305193	0.0
9606.ENSP00000305244	0.0
9606.ENSP00000369465	0.0
9606.ENSP00000420091	0.0
9606.ENSP00000393128	0.0
9606.ENSP00000436552	0.0
9606.ENSP00000402584	0.0
9606.ENSP00000405456	0.0
9606.ENSP00000305343	0.0
9606.ENSP00000395723	0.0
9606.ENSP00000305449	0.0
9606.ENSP00000428976	0.0
9606.ENSP00000305469	0.0
9606.ENSP00000485156	0.0
9606.ENSP00000305533	0.0
9606.ENSP00000375733	0.0
9606.ENSP00000308591	0.0
9606.ENSP00000356404	0.0
9606.ENSP00000365899	0.0
9606.ENSP00000447091	0.0
9606.ENSP00000305654	0.0
9606.ENSP00000402355	0.0
9606.ENSP00000305675	0.0
9606.ENSP00000307292	0.0
9606.ENSP00000358251	0.0
9606.ENSP00000305725	0.0
9606.ENSP00000388823	0.0
9606.ENSP00000305839	0.0
9606.ENSP00000305892	0.0
9606.ENSP00000484609	0.0
9606.ENSP00000306070	0.0
9606.ENSP00000362381	0.0
9606.ENSP00000418086	0.0
9606.ENSP00000399208	0.0
9606.ENSP00000463334	0.0
9606.ENSP00000372459	0.0
9606.ENSP00000363436	0.0
9606.ENSP00000474456	0.0
9606.ENSP00000320324	0.0
9606.ENSP00000473047	0.0
9606.ENSP00000306163	0.0
9606.ENSP00000445725	0.0
9606.ENSP00000475216	0.0
9606.ENSP00000355580	0.0
9606.ENSP00000312811	0.0
9606.ENSP00000498198	0.0
9606.ENSP00000306335	0.0
9606.ENSP00000306396	0.0
9606.ENSP00000325546	0.0
9606.ENSP00000360776	0.0
9606.ENSP00000316173	0.0
9606.ENSP00000475261	0.0
9606.ENSP00000357740	0.0
9606.ENSP00000309653	0.0
9606.ENSP00000357769	0.0
9606.ENSP00000357737	0.0
9606.ENSP00000333952	0.0
9606.ENSP00000480484	0.0
9606.ENSP00000357746	0.0
9606.ENSP00000306564	0.0
9606.ENSP00000306637	0.0
9606.ENSP00000306670	0.0
9606.ENSP00000419652	0.0
9606.ENSP00000306752	0.0
9606.ENSP00000358149	0.0
9606.ENSP00000306822	0.0
9606.ENSP00000395249	0.0
9606.ENSP00000309432	0.0
9606.ENSP00000421965	0.0
9606.ENSP00000358059	0.0
9606.ENSP00000306900	0.0
9606.ENSP00000433712	0.0
9606.ENSP00000368808	0.0
9606.ENSP00000366246	0.0
9606.ENSP00000439065	0.0
9606.ENSP00000402033	0.0
9606.ENSP00000307159	0.0
9606.ENSP00000348449	0.0
9606.ENSP00000485661	0.0
9606.ENSP00000307164	0.0
9606.ENSP00000395505	0.0
9606.ENSP00000351325	0.0
9606.ENSP00000346627	0.0
9606.ENSP00000396379	0.0
9606.ENSP00000322273	0.0
9606.ENSP00000442982	0.0
9606.ENSP00000427407	0.0
9606.ENSP00000382518	0.0
9606.ENSP00000310375	0.0
9606.ENSP00000335147	0.0
9606.ENSP00000446680	0.0
9606.ENSP00000469142	0.0
9606.ENSP00000348460	0.0
9606.ENSP00000499466	0.0
9606.ENSP00000408792	0.0
9606.ENSP00000307519	0.0
9606.ENSP00000307549	0.0
9606.ENSP00000334374	0.0
9606.ENSP00000307636	0.0
9606.ENSP00000407761	0.0
9606.ENSP00000322609	0.0
9606.ENSP00000307726	0.0
9606.ENSP00000493075	0.0
9606.ENSP00000307746	0.0
9606.ENSP00000307774	0.0
9606.ENSP00000307854	0.0
9606.ENSP00000307858	0.0
9606.ENSP00000448310	0.0
9606.ENSP00000435189	0.0
9606.ENSP00000398502	0.0
9606.ENSP00000362186	0.0
9606.ENSP00000453750	0.0
9606.ENSP00000453704	0.0
9606.ENSP00000308082	0.0
9606.ENSP00000452126	0.0
9606.ENSP00000363254	0.0
9606.ENSP00000450895	0.0
9606.ENSP00000322251	0.0
9606.ENSP00000308354	0.0
9606.ENSP00000405514	0.0
9606.ENSP00000355955	0.0
9606.ENSP00000355877	0.0
9606.ENSP00000355880	0.0
9606.ENSP00000439625	0.0
9606.ENSP00000369755	0.0
9606.ENSP00000363339	0.0
9606.ENSP00000432016	0.0
9606.ENSP00000342778	0.0
9606.ENSP00000323687	0.0
9606.ENSP00000308578	0.0
9606.ENSP00000409652	0.0
9606.ENSP00000308597	0.0
9606.ENSP00000494009	0.0
9606.ENSP00000371000	0.0
9606.ENSP00000370981	0.0
9606.ENSP00000359607	0.0
9606.ENSP00000489687	0.0
9606.ENSP00000418001	0.0
9606.ENSP00000308689	0.0
9606.ENSP00000417038	0.0
9606.ENSP00000308764	0.0
9606.ENSP00000387146	0.0
9606.ENSP00000308921	0.0
9606.ENSP00000318914	0.0
9606.ENSP00000309087	0.0
9606.ENSP00000379294	0.0
9606.ENSP00000309142	0.0
9606.ENSP00000422097	0.0
9606.ENSP00000366173	0.0
9606.ENSP00000309285	0.0
9606.ENSP00000368127	0.0
9606.ENSP00000376188	0.0
9606.ENSP00000309376	0.0
9606.ENSP00000386456	0.0
9606.ENSP00000365606	0.0
9606.ENSP00000397039	0.0
9606.ENSP00000348064	0.0
9606.ENSP00000313691	0.0
9606.ENSP00000309504	0.0
9606.ENSP00000309524	0.0
9606.ENSP00000309570	0.0
9606.ENSP00000342023	0.0
9606.ENSP00000310459	0.0
9606.ENSP00000363654	0.0
9606.ENSP00000379696	0.0
9606.ENSP00000349629	0.0
9606.ENSP00000367650	0.0
9606.ENSP00000354645	0.0
9606.ENSP00000309673	0.0
9606.ENSP00000309689	0.0
9606.ENSP00000309794	0.0
9606.ENSP00000309899	0.0
9606.ENSP00000309945	0.0
9606.ENSP00000342501	0.0
9606.ENSP00000310117	0.0
9606.ENSP00000310182	0.0
9606.ENSP00000344431	0.0
9606.ENSP00000346139	0.0
9606.ENSP00000310255	0.0
9606.ENSP00000403683	0.0
9606.ENSP00000362170	0.0
9606.ENSP00000347586	0.0
9606.ENSP00000310431	0.0
9606.ENSP00000428263	0.0
9606.ENSP00000310472	0.0
9606.ENSP00000373066	0.0
9606.ENSP00000310585	0.0
9606.ENSP00000331127	0.0
9606.ENSP00000310632	0.0
9606.ENSP00000340796	0.0
9606.ENSP00000310801	0.0
9606.ENSP00000489706	0.0
9606.ENSP00000376417	0.0
9606.ENSP00000374045	0.0
9606.ENSP00000441823	0.0
9606.ENSP00000310880	0.0
9606.ENSP00000311010	0.0
9606.ENSP00000361875	0.0
9606.ENSP00000361892	0.0
9606.ENSP00000320548	0.0
9606.ENSP00000315064	0.0
9606.ENSP00000359729	0.0
9606.ENSP00000359310	0.0
9606.ENSP00000311280	0.0
9606.ENSP00000311343	0.0
9606.ENSP00000390232	0.0
9606.ENSP00000481699	0.0
9606.ENSP00000355979	0.0
9606.ENSP00000311398	0.0
9606.ENSP00000311401	0.0
9606.ENSP00000315568	0.0
9606.ENSP00000445768	0.0
9606.ENSP00000311427	0.0
9606.ENSP00000393511	0.0
9606.ENSP00000327506	0.0
9606.ENSP00000351346	0.0
9606.ENSP00000311605	0.0
9606.ENSP00000311679	0.0
9606.ENSP00000311684	0.0
9606.ENSP00000311712	0.0
9606.ENSP00000398778	0.0
9606.ENSP00000311746	0.0
9606.ENSP00000311760	0.0
9606.ENSP00000403039	0.0
9606.ENSP00000311778	0.0
9606.ENSP00000320434	0.0
9606.ENSP00000311977	0.0
9606.ENSP00000311984	0.0
9606.ENSP00000426964	0.0
9606.ENSP00000312017	0.0
9606.ENSP00000420418	0.0
9606.ENSP00000386845	0.0
9606.ENSP00000312222	0.0
9606.ENSP00000312224	0.0
9606.ENSP00000482916	0.0
9606.ENSP00000392065	0.0
9606.ENSP00000312293	0.0
9606.ENSP00000312299	0.0
9606.ENSP00000450584	0.0
9606.ENSP00000345243	0.0
9606.ENSP00000413861	0.0
9606.ENSP00000312367	0.0
9606.ENSP00000385852	0.0
9606.ENSP00000366783	0.0
9606.ENSP00000312403	0.0
9606.ENSP00000312415	0.0
9606.ENSP00000471512	0.0
9606.ENSP00000312535	0.0
9606.ENSP00000368278	0.0
9606.ENSP00000383594	0.0
9606.ENSP00000348821	0.0
9606.ENSP00000348099	0.0
9606.ENSP00000401502	0.0
9606.ENSP00000312753	0.0
9606.ENSP00000464955	0.0
9606.ENSP00000312774	0.0
9606.ENSP00000439666	0.0
9606.ENSP00000468991	0.0
9606.ENSP00000385510	0.0
9606.ENSP00000331305	0.0
9606.ENSP00000368856	0.0
9606.ENSP00000385610	0.0
9606.ENSP00000444215	0.0
9606.ENSP00000313088	0.0
9606.ENSP00000313121	0.0
9606.ENSP00000398789	0.0
9606.ENSP00000424737	0.0
9606.ENSP00000318960	0.0
9606.ENSP00000356058	0.0
9606.ENSP00000355157	0.0
9606.ENSP00000321330	0.0
9606.ENSP00000313422	0.0
9606.ENSP00000442046	0.0
9606.ENSP00000330918	0.0
9606.ENSP00000313500	0.0
9606.ENSP00000370253	0.0
9606.ENSP00000333292	0.0
9606.ENSP00000375909	0.0
9606.ENSP00000357842	0.0
9606.ENSP00000333735	0.0
9606.ENSP00000463201	0.0
9606.ENSP00000365693	0.0
9606.ENSP00000347324	0.0
9606.ENSP00000313936	0.0
9606.ENSP00000327417	0.0
9606.ENSP00000314223	0.0
9606.ENSP00000314295	0.0
9606.ENSP00000314380	0.0
9606.ENSP00000374387	0.0
9606.ENSP00000333018	0.0
9606.ENSP00000384869	0.0
9606.ENSP00000314500	0.0
9606.ENSP00000428331	0.0
9606.ENSP00000355384	0.0
9606.ENSP00000419153	0.0
9606.ENSP00000468002	0.0
9606.ENSP00000368818	0.0
9606.ENSP00000314992	0.0
9606.ENSP00000469759	0.0
9606.ENSP00000440329	0.0
9606.ENSP00000362285	0.0
9606.ENSP00000361668	0.0
9606.ENSP00000384223	0.0
9606.ENSP00000315070	0.0
9606.ENSP00000411253	0.0
9606.ENSP00000343890	0.0
9606.ENSP00000315265	0.0
9606.ENSP00000384690	0.0
9606.ENSP00000416341	0.0
9606.ENSP00000315387	0.0
9606.ENSP00000315465	0.0
9606.ENSP00000365130	0.0
9606.ENSP00000315630	0.0
9606.ENSP00000497230	0.0
9606.ENSP00000389427	0.0
9606.ENSP00000340596	0.0
9606.ENSP00000386146	0.0
9606.ENSP00000356124	0.0
9606.ENSP00000349732	0.0
9606.ENSP00000315743	0.0
9606.ENSP00000484689	0.0
9606.ENSP00000315915	0.0
9606.ENSP00000364765	0.0
9606.ENSP00000322579	0.0
9606.ENSP00000496197	0.0
9606.ENSP00000335091	0.0
9606.ENSP00000323879	0.0
9606.ENSP00000495726	0.0
9606.ENSP00000409279	0.0
9606.ENSP00000319140	0.0
9606.ENSP00000316491	0.0
9606.ENSP00000342680	0.0
9606.ENSP00000370718	0.0
9606.ENSP00000324827	0.0
9606.ENSP00000371073	0.0
9606.ENSP00000358742	0.0
9606.ENSP00000316649	0.0
9606.ENSP00000316737	0.0
9606.ENSP00000335006	0.0
9606.ENSP00000357773	0.0
9606.ENSP00000357768	0.0
9606.ENSP00000357772	0.0
9606.ENSP00000411070	0.0
9606.ENSP00000357778	0.0
9606.ENSP00000357759	0.0
9606.ENSP00000334187	0.0
9606.ENSP00000475270	0.0
9606.ENSP00000357766	0.0
9606.ENSP00000353203	0.0
9606.ENSP00000316782	0.0
9606.ENSP00000316794	0.0
9606.ENSP00000340434	0.0
9606.ENSP00000376703	0.0
9606.ENSP00000316948	0.0
9606.ENSP00000316950	0.0
9606.ENSP00000495988	0.0
9606.ENSP00000357909	0.0
9606.ENSP00000317175	0.0
9606.ENSP00000440896	0.0
9606.ENSP00000317214	0.0
9606.ENSP00000452535	0.0
9606.ENSP00000393275	0.0
9606.ENSP00000450962	0.0
9606.ENSP00000484621	0.0
9606.ENSP00000355736	0.0
9606.ENSP00000317439	0.0
9606.ENSP00000317564	0.0
9606.ENSP00000369573	0.0
9606.ENSP00000324557	0.0
9606.ENSP00000380155	0.0
9606.ENSP00000465517	0.0
9606.ENSP00000482950	0.0
9606.ENSP00000317743	0.0
9606.ENSP00000345793	0.0
9606.ENSP00000426387	0.0
9606.ENSP00000347646	0.0
9606.ENSP00000369419	0.0
9606.ENSP00000318066	0.0
9606.ENSP00000326817	0.0
9606.ENSP00000318131	0.0
9606.ENSP00000318154	0.0
9606.ENSP00000318352	0.0
9606.ENSP00000318177	0.0
9606.ENSP00000442129	0.0
9606.ENSP00000318222	0.0
9606.ENSP00000498556	0.0
9606.ENSP00000318298	0.0
9606.ENSP00000320247	0.0
9606.ENSP00000318374	0.0
9606.ENSP00000318437	0.0
9606.ENSP00000324196	0.0
9606.ENSP00000322730	0.0
9606.ENSP00000345494	0.0
9606.ENSP00000339764	0.0
9606.ENSP00000414904	0.0
9606.ENSP00000387266	0.0
9606.ENSP00000367494	0.0
9606.ENSP00000318900	0.0
9606.ENSP00000391488	0.0
9606.ENSP00000318956	0.0
9606.ENSP00000351767	0.0
9606.ENSP00000318997	0.0
9606.ENSP00000350976	0.0
9606.ENSP00000319179	0.0
9606.ENSP00000319197	0.0
9606.ENSP00000319250	0.0
9606.ENSP00000319464	0.0
9606.ENSP00000378992	0.0
9606.ENSP00000332565	0.0
9606.ENSP00000319673	0.0
9606.ENSP00000360360	0.0
9606.ENSP00000389513	0.0
9606.ENSP00000358233	0.0
9606.ENSP00000319726	0.0
9606.ENSP00000319744	0.0
9606.ENSP00000479586	0.0
9606.ENSP00000356549	0.0
9606.ENSP00000367177	0.0
9606.ENSP00000355082	0.0
9606.ENSP00000410041	0.0
9606.ENSP00000398410	0.0
9606.ENSP00000366460	0.0
9606.ENSP00000347457	0.0
9606.ENSP00000363638	0.0
9606.ENSP00000320431	0.0
9606.ENSP00000410943	0.0
9606.ENSP00000444565	0.0
9606.ENSP00000349087	0.0
9606.ENSP00000320521	0.0
9606.ENSP00000320563	0.0
9606.ENSP00000363275	0.0
9606.ENSP00000320634	0.0
9606.ENSP00000335307	0.0
9606.ENSP00000368667	0.0
9606.ENSP00000347224	0.0
9606.ENSP00000357603	0.0
9606.ENSP00000324633	0.0
9606.ENSP00000482410	0.0
9606.ENSP00000321077	0.0
9606.ENSP00000426613	0.0
9606.ENSP00000321386	0.0
9606.ENSP00000367137	0.0
9606.ENSP00000367081	0.0
9606.ENSP00000321447	0.0
9606.ENSP00000321498	0.0
9606.ENSP00000484228	0.0
9606.ENSP00000321506	0.0
9606.ENSP00000321546	0.0
9606.ENSP00000342331	0.0
9606.ENSP00000425864	0.0
9606.ENSP00000321573	0.0
9606.ENSP00000394720	0.0
9606.ENSP00000407560	0.0
9606.ENSP00000321679	0.0
9606.ENSP00000377170	0.0
9606.ENSP00000348019	0.0
9606.ENSP00000357305	0.0
9606.ENSP00000440396	0.0
9606.ENSP00000496496	0.0
9606.ENSP00000321835	0.0
9606.ENSP00000321856	0.0
9606.ENSP00000335201	0.0
9606.ENSP00000479518	0.0
9606.ENSP00000321997	0.0
9606.ENSP00000427567	0.0
9606.ENSP00000322218	0.0
9606.ENSP00000372390	0.0
9606.ENSP00000385923	0.0
9606.ENSP00000322339	0.0
9606.ENSP00000333980	0.0
9606.ENSP00000341165	0.0
9606.ENSP00000470969	0.0
9606.ENSP00000322469	0.0
9606.ENSP00000490842	0.0
9606.ENSP00000322594	0.0
9606.ENSP00000322628	0.0
9606.ENSP00000497053	0.0
9606.ENSP00000325917	0.0
9606.ENSP00000322754	0.0
9606.ENSP00000493323	0.0
9606.ENSP00000322784	0.0
9606.ENSP00000322802	0.0
9606.ENSP00000371434	0.0
9606.ENSP00000323183	0.0
9606.ENSP00000325634	0.0
9606.ENSP00000359361	0.0
9606.ENSP00000345667	0.0
9606.ENSP00000397925	0.0
9606.ENSP00000323328	0.0
9606.ENSP00000375678	0.0
9606.ENSP00000365838	0.0
9606.ENSP00000491301	0.0
9606.ENSP00000335578	0.0
9606.ENSP00000452398	0.0
9606.ENSP00000323549	0.0
9606.ENSP00000371234	0.0
9606.ENSP00000357008	0.0
9606.ENSP00000495996	0.0
9606.ENSP00000483562	0.0
9606.ENSP00000493906	0.0
9606.ENSP00000366144	0.0
9606.ENSP00000356275	0.0
9606.ENSP00000440038	0.0
9606.ENSP00000323795	0.0
9606.ENSP00000323853	0.0
9606.ENSP00000405111	0.0
9606.ENSP00000377616	0.0
9606.ENSP00000350881	0.0
9606.ENSP00000446479	0.0
9606.ENSP00000324191	0.0
9606.ENSP00000324403	0.0
9606.ENSP00000366326	0.0
9606.ENSP00000324463	0.0
9606.ENSP00000453019	0.0
9606.ENSP00000373627	0.0
9606.ENSP00000324527	0.0
9606.ENSP00000338727	0.0
9606.ENSP00000324587	0.0
9606.ENSP00000324651	0.0
9606.ENSP00000341743	0.0
9606.ENSP00000377807	0.0
9606.ENSP00000369431	0.0
9606.ENSP00000404991	0.0
9606.ENSP00000389383	0.0
9606.ENSP00000324956	0.0
9606.ENSP00000494172	0.0
9606.ENSP00000483469	0.0
9606.ENSP00000497110	0.0
9606.ENSP00000477817	0.0
9606.ENSP00000325091	0.0
9606.ENSP00000366330	0.0
9606.ENSP00000325128	0.0
9606.ENSP00000325266	0.0
9606.ENSP00000325326	0.0
9606.ENSP00000455169	0.0
9606.ENSP00000358035	0.0
9606.ENSP00000346478	0.0
9606.ENSP00000327608	0.0
9606.ENSP00000366030	0.0
9606.ENSP00000467600	0.0
9606.ENSP00000325589	0.0
9606.ENSP00000373420	0.0
9606.ENSP00000371408	0.0
9606.ENSP00000325775	0.0
9606.ENSP00000325785	0.0
9606.ENSP00000325836	0.0
9606.ENSP00000325868	0.0
9606.ENSP00000325978	0.0
9606.ENSP00000342188	0.0
9606.ENSP00000378635	0.0
9606.ENSP00000329880	0.0
9606.ENSP00000480270	0.0
9606.ENSP00000355260	0.0
9606.ENSP00000326070	0.0
9606.ENSP00000326110	0.0
9606.ENSP00000354553	0.0
9606.ENSP00000376258	0.0
9606.ENSP00000334801	0.0
9606.ENSP00000326232	0.0
9606.ENSP00000369559	0.0
9606.ENSP00000333037	0.0
9606.ENSP00000414635	0.0
9606.ENSP00000352167	0.0
9606.ENSP00000326324	0.0
9606.ENSP00000337478	0.0
9606.ENSP00000460539	0.0
9606.ENSP00000326342	0.0
9606.ENSP00000326718	0.0
9606.ENSP00000383059	0.0
9606.ENSP00000339389	0.0
9606.ENSP00000326888	0.0
9606.ENSP00000385995	0.0
9606.ENSP00000471683	0.0
9606.ENSP00000327009	0.0
9606.ENSP00000397598	0.0
9606.ENSP00000327168	0.0
9606.ENSP00000368698	0.0
9606.ENSP00000327234	0.0
9606.ENSP00000360379	0.0
9606.ENSP00000346255	0.0
9606.ENSP00000327323	0.0
9606.ENSP00000371607	0.0
9606.ENSP00000361162	0.0
9606.ENSP00000327509	0.0
9606.ENSP00000388299	0.0
9606.ENSP00000354571	0.0
9606.ENSP00000327724	0.0
9606.ENSP00000362601	0.0
9606.ENSP00000380671	0.0
9606.ENSP00000369146	0.0
9606.ENSP00000328245	0.0
9606.ENSP00000345333	0.0
9606.ENSP00000328270	0.0
9606.ENSP00000328325	0.0
9606.ENSP00000328326	0.0
9606.ENSP00000362763	0.0
9606.ENSP00000354227	0.0
9606.ENSP00000328426	0.0
9606.ENSP00000377582	0.0
9606.ENSP00000436376	0.0
9606.ENSP00000328598	0.0
9606.ENSP00000328818	0.0
9606.ENSP00000498702	0.0
9606.ENSP00000340672	0.0
9606.ENSP00000328878	0.0
9606.ENSP00000457408	0.0
9606.ENSP00000329056	0.0
9606.ENSP00000329127	0.0
9606.ENSP00000329295	0.0
9606.ENSP00000474135	0.0
9606.ENSP00000479675	0.0
9606.ENSP00000329360	0.0
9606.ENSP00000335024	0.0
9606.ENSP00000329452	0.0
9606.ENSP00000454562	0.0
9606.ENSP00000406478	0.0
9606.ENSP00000329557	0.0
9606.ENSP00000394653	0.0
9606.ENSP00000363873	0.0
9606.ENSP00000334854	0.0
9606.ENSP00000329794	0.0
9606.ENSP00000361860	0.0
9606.ENSP00000384193	0.0
9606.ENSP00000343158	0.0
9606.ENSP00000329803	0.0
9606.ENSP00000329918	0.0
9606.ENSP00000358798	0.0
9606.ENSP00000329982	0.0
9606.ENSP00000409316	0.0
9606.ENSP00000330049	0.0
9606.ENSP00000391498	0.0
9606.ENSP00000361952	0.0
9606.ENSP00000362328	0.0
9606.ENSP00000330148	0.0
9606.ENSP00000330199	0.0
9606.ENSP00000497310	0.0
9606.ENSP00000493555	0.0
9606.ENSP00000330240	0.0
9606.ENSP00000387229	0.0
9606.ENSP00000358783	0.0
9606.ENSP00000456974	0.0
9606.ENSP00000330338	0.0
9606.ENSP00000357736	0.0
9606.ENSP00000483521	0.0
9606.ENSP00000330426	0.0
9606.ENSP00000330433	0.0
9606.ENSP00000359100	0.0
9606.ENSP00000365301	0.0
9606.ENSP00000357668	0.0
9606.ENSP00000332690	0.0
9606.ENSP00000339238	0.0
9606.ENSP00000335503	0.0
9606.ENSP00000333887	0.0
9606.ENSP00000334866	0.0
9606.ENSP00000334560	0.0
9606.ENSP00000330746	0.0
9606.ENSP00000347635	0.0
9606.ENSP00000353742	0.0
9606.ENSP00000493109	0.0
9606.ENSP00000375482	0.0
9606.ENSP00000372286	0.0
9606.ENSP00000330842	0.0
9606.ENSP00000330862	0.0
9606.ENSP00000396722	0.0
9606.ENSP00000497585	0.0
9606.ENSP00000330904	0.0
9606.ENSP00000331012	0.0
9606.ENSP00000384262	0.0
9606.ENSP00000331211	0.0
9606.ENSP00000356687	0.0
9606.ENSP00000331435	0.0
9606.ENSP00000333183	0.0
9606.ENSP00000480492	0.0
9606.ENSP00000331532	0.0
9606.ENSP00000484807	0.0
9606.ENSP00000331545	0.0
9606.ENSP00000331556	0.0
9606.ENSP00000334996	0.0
9606.ENSP00000499131	0.0
9606.ENSP00000331600	0.0
9606.ENSP00000378132	0.0
9606.ENSP00000412869	0.0
9606.ENSP00000448419	0.0
9606.ENSP00000357881	0.0
9606.ENSP00000331704	0.0
9606.ENSP00000331727	0.0
9606.ENSP00000394842	0.0
9606.ENSP00000331843	0.0
9606.ENSP00000331845	0.0
9606.ENSP00000405095	0.0
9606.ENSP00000386201	0.0
9606.ENSP00000375091	0.0
9606.ENSP00000334050	0.0
9606.ENSP00000424040	0.0
9606.ENSP00000331944	0.0
9606.ENSP00000332148	0.0
9606.ENSP00000332163	0.0
9606.ENSP00000332325	0.0
9606.ENSP00000332404	0.0
9606.ENSP00000332433	0.0
9606.ENSP00000332449	0.0
9606.ENSP00000332528	0.0
9606.ENSP00000361281	0.0
9606.ENSP00000332530	0.0
9606.ENSP00000345985	0.0
9606.ENSP00000333591	0.0
9606.ENSP00000332592	0.0
9606.ENSP00000365811	0.0
9606.ENSP00000384334	0.0
9606.ENSP00000332595	0.0
9606.ENSP00000335325	0.0
9606.ENSP00000377447	0.0
9606.ENSP00000477922	0.0
9606.ENSP00000469441	0.0
9606.ENSP00000426237	0.0
9606.ENSP00000332681	0.0
9606.ENSP00000379051	0.0
9606.ENSP00000340998	0.0
9606.ENSP00000332879	0.0
9606.ENSP00000362991	0.0
9606.ENSP00000498282	0.0
9606.ENSP00000332772	0.0
9606.ENSP00000332773	0.0
9606.ENSP00000375108	0.0
9606.ENSP00000386376	0.0
9606.ENSP00000332886	0.0
9606.ENSP00000366542	0.0
9606.ENSP00000469394	0.0
9606.ENSP00000469011	0.0
9606.ENSP00000333024	0.0
9606.ENSP00000369210	0.0
9606.ENSP00000421868	0.0
9606.ENSP00000463080	0.0
9606.ENSP00000375682	0.0
9606.ENSP00000333223	0.0
9606.ENSP00000439402	0.0
9606.ENSP00000476295	0.0
9606.ENSP00000364635	0.0
9606.ENSP00000334181	0.0
9606.ENSP00000353025	0.0
9606.ENSP00000440288	0.0
9606.ENSP00000403645	0.0
9606.ENSP00000349781	0.0
9606.ENSP00000333593	0.0
9606.ENSP00000358904	0.0
9606.ENSP00000362217	0.0
9606.ENSP00000333680	0.0
9606.ENSP00000340983	0.0
9606.ENSP00000333724	0.0
9606.ENSP00000358794	0.0
9606.ENSP00000378958	0.0
9606.ENSP00000360210	0.0
9606.ENSP00000393675	0.0
9606.ENSP00000361160	0.0
9606.ENSP00000338728	0.0
9606.ENSP00000425040	0.0
9606.ENSP00000344488	0.0
9606.ENSP00000338127	0.0
9606.ENSP00000405165	0.0
9606.ENSP00000364164	0.0
9606.ENSP00000352626	0.0
9606.ENSP00000477445	0.0
9606.ENSP00000353537	0.0
9606.ENSP00000492963	0.0
9606.ENSP00000493179	0.0
9606.ENSP00000493020	0.0
9606.ENSP00000493255	0.0
9606.ENSP00000493436	0.0
9606.ENSP00000493299	0.0
9606.ENSP00000485287	0.0
9606.ENSP00000493343	0.0
9606.ENSP00000493353	0.0
9606.ENSP00000367649	0.0
9606.ENSP00000493111	0.0
9606.ENSP00000479757	0.0
9606.ENSP00000493354	0.0
9606.ENSP00000492985	0.0
9606.ENSP00000363522	0.0
9606.ENSP00000444054	0.0
9606.ENSP00000412752	0.0
9606.ENSP00000445383	0.0
9606.ENSP00000493271	0.0
9606.ENSP00000384563	0.0
9606.ENSP00000367664	0.0
9606.ENSP00000348033	0.0
9606.ENSP00000493333	0.0
9606.ENSP00000349945	0.0
9606.ENSP00000485612	0.0
9606.ENSP00000493162	0.0
9606.ENSP00000493419	0.0
9606.ENSP00000393889	0.0
9606.ENSP00000493050	0.0
9606.ENSP00000493110	0.0
9606.ENSP00000335025	0.0
9606.ENSP00000493202	0.0
9606.ENSP00000493320	0.0
9606.ENSP00000342836	0.0
9606.ENSP00000485292	0.0
9606.ENSP00000459028	0.0
9606.ENSP00000493263	0.0
9606.ENSP00000485407	0.0
9606.ENSP00000493362	0.0
9606.ENSP00000386209	0.0
9606.ENSP00000362784	0.0
9606.ENSP00000492905	0.0
9606.ENSP00000334441	0.0
9606.ENSP00000366378	0.0
9606.ENSP00000369729	0.0
9606.ENSP00000493297	0.0
9606.ENSP00000366340	0.0
9606.ENSP00000492902	0.0
9606.ENSP00000485431	0.0
9606.ENSP00000493151	0.0
9606.ENSP00000493217	0.0
9606.ENSP00000436453	0.0
9606.ENSP00000493157	0.0
9606.ENSP00000492894	0.0
9606.ENSP00000432011	0.0
9606.ENSP00000367219	0.0
9606.ENSP00000493222	0.0
9606.ENSP00000401306	0.0
9606.ENSP00000334113	0.0
9606.ENSP00000352614	0.0
9606.ENSP00000452747	0.0
9606.ENSP00000483585	0.0
9606.ENSP00000411124	0.0
9606.ENSP00000334197	0.0
9606.ENSP00000335565	0.0
9606.ENSP00000383216	0.0
9606.ENSP00000383225	0.0
9606.ENSP00000476821	0.0
9606.ENSP00000381009	0.0
9606.ENSP00000369438	0.0
9606.ENSP00000338627	0.0
9606.ENSP00000334246	0.0
9606.ENSP00000360968	0.0
9606.ENSP00000334287	0.0
9606.ENSP00000335566	0.0
9606.ENSP00000404517	0.0
9606.ENSP00000334289	0.0
9606.ENSP00000366223	0.0
9606.ENSP00000493046	0.0
9606.ENSP00000352447	0.0
9606.ENSP00000353915	0.0
9606.ENSP00000458791	0.0
9606.ENSP00000366694	0.0
9606.ENSP00000360299	0.0
9606.ENSP00000342981	0.0
9606.ENSP00000490174	0.0
9606.ENSP00000377699	0.0
9606.ENSP00000334472	0.0
9606.ENSP00000334474	0.0
9606.ENSP00000334501	0.0
9606.ENSP00000471224	0.0
9606.ENSP00000427401	0.0
9606.ENSP00000496394	0.0
9606.ENSP00000435421	0.0
9606.ENSP00000411268	0.0
9606.ENSP00000334685	0.0
9606.ENSP00000467218	0.0
9606.ENSP00000368135	0.0
9606.ENSP00000334940	0.0
9606.ENSP00000334952	0.0
9606.ENSP00000420256	0.0
9606.ENSP00000381429	0.0
9606.ENSP00000335082	0.0
9606.ENSP00000434676	0.0
9606.ENSP00000364298	0.0
9606.ENSP00000387307	0.0
9606.ENSP00000363597	0.0
9606.ENSP00000335255	0.0
9606.ENSP00000417710	0.0
9606.ENSP00000335384	0.0
9606.ENSP00000367157	0.0
9606.ENSP00000335397	0.0
9606.ENSP00000335481	0.0
9606.ENSP00000381005	0.0
9606.ENSP00000383223	0.0
9606.ENSP00000335575	0.0
9606.ENSP00000343521	0.0
9606.ENSP00000335660	0.0
9606.ENSP00000432104	0.0
9606.ENSP00000350090	0.0
9606.ENSP00000336724	0.0
9606.ENSP00000362550	0.0
9606.ENSP00000452245	0.0
9606.ENSP00000386439	0.0
9606.ENSP00000336817	0.0
9606.ENSP00000336861	0.0
9606.ENSP00000336866	0.0
9606.ENSP00000364277	0.0
9606.ENSP00000336931	0.0
9606.ENSP00000377416	0.0
9606.ENSP00000353850	0.0
9606.ENSP00000343288	0.0
9606.ENSP00000367879	0.0
9606.ENSP00000337133	0.0
9606.ENSP00000337180	0.0
9606.ENSP00000467271	0.0
9606.ENSP00000395538	0.0
9606.ENSP00000464535	0.0
9606.ENSP00000459551	0.0
9606.ENSP00000419378	0.0
9606.ENSP00000364935	0.0
9606.ENSP00000355996	0.0
9606.ENSP00000367139	0.0
9606.ENSP00000348314	0.0
9606.ENSP00000337852	0.0
9606.ENSP00000337998	0.0
9606.ENSP00000354671	0.0
9606.ENSP00000338260	0.0
9606.ENSP00000338276	0.0
9606.ENSP00000341564	0.0
9606.ENSP00000338512	0.0
9606.ENSP00000410890	0.0
9606.ENSP00000338624	0.0
9606.ENSP00000450040	0.0
9606.ENSP00000480998	0.0
9606.ENSP00000401115	0.0
9606.ENSP00000472619	0.0
9606.ENSP00000338812	0.0
9606.ENSP00000340864	0.0
9606.ENSP00000356746	0.0
9606.ENSP00000338967	0.0
9606.ENSP00000398619	0.0
9606.ENSP00000430242	0.0
9606.ENSP00000342012	0.0
9606.ENSP00000339280	0.0
9606.ENSP00000498888	0.0
9606.ENSP00000339314	0.0
9606.ENSP00000339340	0.0
9606.ENSP00000358884	0.0
9606.ENSP00000339405	0.0
9606.ENSP00000381672	0.0
9606.ENSP00000380185	0.0
9606.ENSP00000348828	0.0
9606.ENSP00000367629	0.0
9606.ENSP00000340608	0.0
9606.ENSP00000339532	0.0
9606.ENSP00000443168	0.0
9606.ENSP00000369921	0.0
9606.ENSP00000339659	0.0
9606.ENSP00000339692	0.0
9606.ENSP00000345420	0.0
9606.ENSP00000359583	0.0
9606.ENSP00000339813	0.0
9606.ENSP00000358715	0.0
9606.ENSP00000427874	0.0
9606.ENSP00000339918	0.0
9606.ENSP00000340132	0.0
9606.ENSP00000344562	0.0
9606.ENSP00000340243	0.0
9606.ENSP00000497482	0.0
9606.ENSP00000363259	0.0
9606.ENSP00000376071	0.0
9606.ENSP00000406220	0.0
9606.ENSP00000398481	0.0
9606.ENSP00000359240	0.0
9606.ENSP00000340590	0.0
9606.ENSP00000419786	0.0
9606.ENSP00000340494	0.0
9606.ENSP00000365198	0.0
9606.ENSP00000375232	0.0
9606.ENSP00000340578	0.0
9606.ENSP00000485526	0.0
9606.ENSP00000351416	0.0
9606.ENSP00000403954	0.0
9606.ENSP00000424226	0.0
9606.ENSP00000383866	0.0
9606.ENSP00000483424	0.0
9606.ENSP00000474388	0.0
9606.ENSP00000388550	0.0
9606.ENSP00000373964	0.0
9606.ENSP00000341051	0.0
9606.ENSP00000341213	0.0
9606.ENSP00000362869	0.0
9606.ENSP00000357118	0.0
9606.ENSP00000341422	0.0
9606.ENSP00000341442	0.0
9606.ENSP00000360411	0.0
9606.ENSP00000380524	0.0
9606.ENSP00000371875	0.0
9606.ENSP00000496241	0.0
9606.ENSP00000387239	0.0
9606.ENSP00000351642	0.0
9606.ENSP00000380759	0.0
9606.ENSP00000493805	0.0
9606.ENSP00000439467	0.0
9606.ENSP00000341911	0.0
9606.ENSP00000353331	0.0
9606.ENSP00000342169	0.0
9606.ENSP00000381026	0.0
9606.ENSP00000342254	0.0
9606.ENSP00000342512	0.0
9606.ENSP00000358896	0.0
9606.ENSP00000367476	0.0
9606.ENSP00000384433	0.0
9606.ENSP00000342974	0.0
9606.ENSP00000343064	0.0
9606.ENSP00000354377	0.0
9606.ENSP00000358488	0.0
9606.ENSP00000343242	0.0
9606.ENSP00000352642	0.0
9606.ENSP00000343377	0.0
9606.ENSP00000363136	0.0
9606.ENSP00000386830	0.0
9606.ENSP00000361712	0.0
9606.ENSP00000343581	0.0
9606.ENSP00000376010	0.0
9606.ENSP00000421799	0.0
9606.ENSP00000343633	0.0
9606.ENSP00000380333	0.0
9606.ENSP00000417581	0.0
9606.ENSP00000344331	0.0
9606.ENSP00000381086	0.0
9606.ENSP00000441949	0.0
9606.ENSP00000444736	0.0
9606.ENSP00000344489	0.0
9606.ENSP00000388207	0.0
9606.ENSP00000374113	0.0
9606.ENSP00000344563	0.0
9606.ENSP00000364397	0.0
9606.ENSP00000443204	0.0
9606.ENSP00000344579	0.0
9606.ENSP00000381981	0.0
9606.ENSP00000446058	0.0
9606.ENSP00000344724	0.0
9606.ENSP00000467931	0.0
9606.ENSP00000429190	0.0
9606.ENSP00000379709	0.0
9606.ENSP00000350195	0.0
9606.ENSP00000345107	0.0
9606.ENSP00000345151	0.0
9606.ENSP00000392936	0.0
9606.ENSP00000385684	0.0
9606.ENSP00000448680	0.0
9606.ENSP00000406027	0.0
9606.ENSP00000351138	0.0
9606.ENSP00000376293	0.0
9606.ENSP00000405969	0.0
9606.ENSP00000384524	0.0
9606.ENSP00000384881	0.0
9606.ENSP00000345716	0.0
9606.ENSP00000355330	0.0
9606.ENSP00000371577	0.0
9606.ENSP00000359668	0.0
9606.ENSP00000345848	0.0
9606.ENSP00000353114	0.0
9606.ENSP00000390590	0.0
9606.ENSP00000346158	0.0
9606.ENSP00000346160	0.0
9606.ENSP00000493273	0.0
9606.ENSP00000367570	0.0
9606.ENSP00000349708	0.0
9606.ENSP00000391806	0.0
9606.ENSP00000346342	0.0
9606.ENSP00000455041	0.0
9606.ENSP00000346442	0.0
9606.ENSP00000346466	0.0
9606.ENSP00000373413	0.0
9606.ENSP00000440077	0.0
9606.ENSP00000346599	0.0
9606.ENSP00000346603	0.0
9606.ENSP00000442573	0.0
9606.ENSP00000482599	0.0
9606.ENSP00000357914	0.0
9606.ENSP00000346931	0.0
9606.ENSP00000346964	0.0
9606.ENSP00000346981	0.0
9606.ENSP00000347003	0.0
9606.ENSP00000373194	0.0
9606.ENSP00000362330	0.0
9606.ENSP00000477530	0.0
9606.ENSP00000479624	0.0
9606.ENSP00000380557	0.0
9606.ENSP00000347193	0.0
9606.ENSP00000379739	0.0
9606.ENSP00000352314	0.0
9606.ENSP00000410910	0.0
9606.ENSP00000361095	0.0
9606.ENSP00000432172	0.0
9606.ENSP00000347322	0.0
9606.ENSP00000362047	0.0
9606.ENSP00000347428	0.0
9606.ENSP00000347484	0.0
9606.ENSP00000480740	0.0
9606.ENSP00000370394	0.0
9606.ENSP00000347538	0.0
9606.ENSP00000490375	0.0
9606.ENSP00000347548	0.0
9606.ENSP00000363972	0.0
9606.ENSP00000347648	0.0
9606.ENSP00000386190	0.0
9606.ENSP00000361483	0.0
9606.ENSP00000398637	0.0
9606.ENSP00000403925	0.0
9606.ENSP00000347721	0.0
9606.ENSP00000347931	0.0
9606.ENSP00000349877	0.0
9606.ENSP00000347933	0.0
9606.ENSP00000372160	0.0
9606.ENSP00000348043	0.0
9606.ENSP00000372959	0.0
9606.ENSP00000390625	0.0
9606.ENSP00000359221	0.0
9606.ENSP00000470059	0.0
9606.ENSP00000348128	0.0
9606.ENSP00000348163	0.0
9606.ENSP00000348206	0.0
9606.ENSP00000348211	0.0
9606.ENSP00000348216	0.0
9606.ENSP00000348300	0.0
9606.ENSP00000348349	0.0
9606.ENSP00000348395	0.0
9606.ENSP00000370299	0.0
9606.ENSP00000493014	0.0
9606.ENSP00000493120	0.0
9606.ENSP00000366522	0.0
9606.ENSP00000440374	0.0
9606.ENSP00000482263	0.0
9606.ENSP00000348714	0.0
9606.ENSP00000357158	0.0
9606.ENSP00000348912	0.0
9606.ENSP00000468837	0.0
9606.ENSP00000415056	0.0
9606.ENSP00000349238	0.0
9606.ENSP00000370812	0.0
9606.ENSP00000406546	0.0
9606.ENSP00000356992	0.0
9606.ENSP00000360112	0.0
9606.ENSP00000359540	0.0
9606.ENSP00000349439	0.0
9606.ENSP00000349459	0.0
9606.ENSP00000359698	0.0
9606.ENSP00000358999	0.0
9606.ENSP00000349929	0.0
9606.ENSP00000349970	0.0
9606.ENSP00000350295	0.0
9606.ENSP00000444339	0.0
9606.ENSP00000470381	0.0
9606.ENSP00000350331	0.0
9606.ENSP00000351142	0.0
9606.ENSP00000359978	0.0
9606.ENSP00000350547	0.0
9606.ENSP00000350651	0.0
9606.ENSP00000353922	0.0
9606.ENSP00000350848	0.0
9606.ENSP00000426120	0.0
9606.ENSP00000350911	0.0
9606.ENSP00000350961	0.0
9606.ENSP00000396843	0.0
9606.ENSP00000351040	0.0
9606.ENSP00000351075	0.0
9606.ENSP00000351232	0.0
9606.ENSP00000357906	0.0
9606.ENSP00000457243	0.0
9606.ENSP00000483549	0.0
9606.ENSP00000351318	0.0
9606.ENSP00000411439	0.0
9606.ENSP00000359549	0.0
9606.ENSP00000359550	0.0
9606.ENSP00000351333	0.0
9606.ENSP00000351422	0.0
9606.ENSP00000374359	0.0
9606.ENSP00000477920	0.0
9606.ENSP00000351530	0.0
9606.ENSP00000485108	0.0
9606.ENSP00000361331	0.0
9606.ENSP00000351669	0.0
9606.ENSP00000360762	0.0
9606.ENSP00000379654	0.0
9606.ENSP00000351884	0.0
9606.ENSP00000405202	0.0
9606.ENSP00000378063	0.0
9606.ENSP00000352039	0.0
9606.ENSP00000480798	0.0
9606.ENSP00000352111	0.0
9606.ENSP00000352162	0.0
9606.ENSP00000352248	0.0
9606.ENSP00000378289	0.0
9606.ENSP00000352424	0.0
9606.ENSP00000382269	0.0
9606.ENSP00000369349	0.0
9606.ENSP00000444533	0.0
9606.ENSP00000352846	0.0
9606.ENSP00000417696	0.0
9606.ENSP00000467290	0.0
9606.ENSP00000365295	0.0
9606.ENSP00000352927	0.0
9606.ENSP00000352992	0.0
9606.ENSP00000353007	0.0
9606.ENSP00000478104	0.0
9606.ENSP00000376139	0.0
9606.ENSP00000353013	0.0
9606.ENSP00000498662	0.0
9606.ENSP00000358765	0.0
9606.ENSP00000390613	0.0
9606.ENSP00000405222	0.0
9606.ENSP00000363431	0.0
9606.ENSP00000353249	0.0
9606.ENSP00000354498	0.0
9606.ENSP00000353375	0.0
9606.ENSP00000453177	0.0
9606.ENSP00000358451	0.0
9606.ENSP00000353516	0.0
9606.ENSP00000353732	0.0
9606.ENSP00000353739	0.0
9606.ENSP00000353791	0.0
9606.ENSP00000353824	0.0
9606.ENSP00000361932	0.0
9606.ENSP00000353959	0.0
9606.ENSP00000354001	0.0
9606.ENSP00000375475	0.0
9606.ENSP00000362255	0.0
9606.ENSP00000397073	0.0
9606.ENSP00000356105	0.0
9606.ENSP00000405388	0.0
9606.ENSP00000436897	0.0
9606.ENSP00000409879	0.0
9606.ENSP00000354039	0.0
9606.ENSP00000427661	0.0
9606.ENSP00000473238	0.0
9606.ENSP00000354109	0.0
9606.ENSP00000498228	0.0
9606.ENSP00000488668	0.0
9606.ENSP00000369400	0.0
9606.ENSP00000354255	0.0
9606.ENSP00000354335	0.0
9606.ENSP00000472914	0.0
9606.ENSP00000359512	0.0
9606.ENSP00000369399	0.0
9606.ENSP00000442756	0.0
9606.ENSP00000482482	0.0
9606.ENSP00000386280	0.0
9606.ENSP00000373304	0.0
9606.ENSP00000363506	0.0
9606.ENSP00000476140	0.0
9606.ENSP00000363232	0.0
9606.ENSP00000388241	0.0
9606.ENSP00000380872	0.0
9606.ENSP00000354643	0.0
9606.ENSP00000378888	0.0
9606.ENSP00000363520	0.0
9606.ENSP00000407087	0.0
9606.ENSP00000354732	0.0
9606.ENSP00000418348	0.0
9606.ENSP00000471454	0.0
9606.ENSP00000466690	0.0
9606.ENSP00000354830	0.0
9606.ENSP00000355486	0.0
9606.ENSP00000354886	0.0
9606.ENSP00000498374	0.0
9606.ENSP00000354929	0.0
9606.ENSP00000481934	0.0
9606.ENSP00000375073	0.0
9606.ENSP00000355022	0.0
9606.ENSP00000376307	0.0
9606.ENSP00000355060	0.0
9606.ENSP00000379290	0.0
9606.ENSP00000398035	0.0
9606.ENSP00000413150	0.0
9606.ENSP00000355237	0.0
9606.ENSP00000414657	0.0
9606.ENSP00000355306	0.0
9606.ENSP00000457380	0.0
9606.ENSP00000412064	0.0
9606.ENSP00000355432	0.0
9606.ENSP00000492974	0.0
9606.ENSP00000402661	0.0
9606.ENSP00000355583	0.0
9606.ENSP00000457241	0.0
9606.ENSP00000364464	0.0
9606.ENSP00000355631	0.0
9606.ENSP00000455469	0.0
9606.ENSP00000361048	0.0
9606.ENSP00000416289	0.0
9606.ENSP00000355760	0.0
9606.ENSP00000375783	0.0
9606.ENSP00000359050	0.0
9606.ENSP00000355797	0.0
9606.ENSP00000387209	0.0
9606.ENSP00000355837	0.0
9606.ENSP00000363041	0.0
9606.ENSP00000450749	0.0
9606.ENSP00000370242	0.0
9606.ENSP00000355929	0.0
9606.ENSP00000378074	0.0
9606.ENSP00000415998	0.0
9606.ENSP00000374013	0.0
9606.ENSP00000356104	0.0
9606.ENSP00000356121	0.0
9606.ENSP00000437188	0.0
9606.ENSP00000392760	0.0
9606.ENSP00000357986	0.0
9606.ENSP00000356437	0.0
9606.ENSP00000356444	0.0
9606.ENSP00000356590	0.0
9606.ENSP00000368511	0.0
9606.ENSP00000356599	0.0
9606.ENSP00000356696	0.0
9606.ENSP00000356708	0.0
9606.ENSP00000359340	0.0
9606.ENSP00000362841	0.0
9606.ENSP00000356857	0.0
9606.ENSP00000371927	0.0
9606.ENSP00000356988	0.0
9606.ENSP00000377862	0.0
9606.ENSP00000427888	0.0
9606.ENSP00000431971	0.0
9606.ENSP00000357175	0.0
9606.ENSP00000357315	0.0
9606.ENSP00000357409	0.0
9606.ENSP00000487717	0.0
9606.ENSP00000357597	0.0
9606.ENSP00000458075	0.0
9606.ENSP00000357637	0.0
9606.ENSP00000357645	0.0
9606.ENSP00000357691	0.0
9606.ENSP00000357707	0.0
9606.ENSP00000364609	0.0
9606.ENSP00000357718	0.0
9606.ENSP00000357754	0.0
9606.ENSP00000357764	0.0
9606.ENSP00000357811	0.0
9606.ENSP00000373583	0.0
9606.ENSP00000431287	0.0
9606.ENSP00000434887	0.0
9606.ENSP00000357844	0.0
9606.ENSP00000373215	0.0
9606.ENSP00000369531	0.0
9606.ENSP00000473091	0.0
9606.ENSP00000357917	0.0
9606.ENSP00000358391	0.0
9606.ENSP00000477509	0.0
9606.ENSP00000358316	0.0
9606.ENSP00000358397	0.0
9606.ENSP00000463032	0.0
9606.ENSP00000358413	0.0
9606.ENSP00000358482	0.0
9606.ENSP00000358495	0.0
9606.ENSP00000358529	0.0
9606.ENSP00000358542	0.0
9606.ENSP00000456333	0.0
9606.ENSP00000358590	0.0
9606.ENSP00000359469	0.0
9606.ENSP00000389588	0.0
9606.ENSP00000358730	0.0
9606.ENSP00000358753	0.0
9606.ENSP00000358786	0.0
9606.ENSP00000359375	0.0
9606.ENSP00000378611	0.0
9606.ENSP00000446100	0.0
9606.ENSP00000365172	0.0
9606.ENSP00000374377	0.0
9606.ENSP00000364183	0.0
9606.ENSP00000358880	0.0
9606.ENSP00000478834	0.0
9606.ENSP00000359795	0.0
9606.ENSP00000359045	0.0
9606.ENSP00000383392	0.0
9606.ENSP00000359204	0.0
9606.ENSP00000444503	0.0
9606.ENSP00000369320	0.0
9606.ENSP00000367792	0.0
9606.ENSP00000419454	0.0
9606.ENSP00000359411	0.0
9606.ENSP00000414517	0.0
9606.ENSP00000359434	0.0
9606.ENSP00000489814	0.0
9606.ENSP00000359489	0.0
9606.ENSP00000471932	0.0
9606.ENSP00000359507	0.0
9606.ENSP00000359534	0.0
9606.ENSP00000405210	0.0
9606.ENSP00000359557	0.0
9606.ENSP00000477981	0.0
9606.ENSP00000416741	0.0
9606.ENSP00000429473	0.0
9606.ENSP00000359664	0.0
9606.ENSP00000367794	0.0
9606.ENSP00000361980	0.0
9606.ENSP00000359782	0.0
9606.ENSP00000359802	0.0
9606.ENSP00000359819	0.0
9606.ENSP00000359925	0.0
9606.ENSP00000483489	0.0
9606.ENSP00000360020	0.0
9606.ENSP00000493971	0.0
9606.ENSP00000413001	0.0
9606.ENSP00000402790	0.0
9606.ENSP00000483386	0.0
9606.ENSP00000414068	0.0
9606.ENSP00000370215	0.0
9606.ENSP00000360441	0.0
9606.ENSP00000379143	0.0
9606.ENSP00000365351	0.0
9606.ENSP00000435550	0.0
9606.ENSP00000448998	0.0
9606.ENSP00000384588	0.0
9606.ENSP00000482445	0.0
9606.ENSP00000386738	0.0
9606.ENSP00000360727	0.0
9606.ENSP00000409016	0.0
9606.ENSP00000365883	0.0
9606.ENSP00000445595	0.0
9606.ENSP00000362446	0.0
9606.ENSP00000360899	0.0
9606.ENSP00000360905	0.0
9606.ENSP00000490584	0.0
9606.ENSP00000378887	0.0
9606.ENSP00000360966	0.0
9606.ENSP00000361032	0.0
9606.ENSP00000380286	0.0
9606.ENSP00000475107	0.0
9606.ENSP00000493691	0.0
9606.ENSP00000361177	0.0
9606.ENSP00000438264	0.0
9606.ENSP00000388137	0.0
9606.ENSP00000361337	0.0
9606.ENSP00000377357	0.0
9606.ENSP00000368592	0.0
9606.ENSP00000378792	0.0
9606.ENSP00000490744	0.0
9606.ENSP00000378690	0.0
9606.ENSP00000362524	0.0
9606.ENSP00000361596	0.0
9606.ENSP00000361597	0.0
9606.ENSP00000361601	0.0
9606.ENSP00000480314	0.0
9606.ENSP00000361663	0.0
9606.ENSP00000361700	0.0
9606.ENSP00000375770	0.0
9606.ENSP00000361711	0.0
9606.ENSP00000446054	0.0
9606.ENSP00000361803	0.0
9606.ENSP00000361842	0.0
9606.ENSP00000361857	0.0
9606.ENSP00000443021	0.0
9606.ENSP00000361895	0.0
9606.ENSP00000419185	0.0
9606.ENSP00000362111	0.0
9606.ENSP00000476384	0.0
9606.ENSP00000362171	0.0
9606.ENSP00000362616	0.0
9606.ENSP00000362235	0.0
9606.ENSP00000362304	0.0
9606.ENSP00000384398	0.0
9606.ENSP00000362409	0.0
9606.ENSP00000366283	0.0
9606.ENSP00000362469	0.0
9606.ENSP00000455068	0.0
9606.ENSP00000365692	0.0
9606.ENSP00000362650	0.0
9606.ENSP00000410689	0.0
9606.ENSP00000362746	0.0
9606.ENSP00000362760	0.0
9606.ENSP00000362863	0.0
9606.ENSP00000362942	0.0
9606.ENSP00000384164	0.0
9606.ENSP00000363064	0.0
9606.ENSP00000501201	0.0
9606.ENSP00000466937	0.0
9606.ENSP00000365550	0.0
9606.ENSP00000363459	0.0
9606.ENSP00000471299	0.0
9606.ENSP00000432692	0.0
9606.ENSP00000396593	0.0
9606.ENSP00000363583	0.0
9606.ENSP00000473665	0.0
9606.ENSP00000386616	0.0
9606.ENSP00000363727	0.0
9606.ENSP00000423390	0.0
9606.ENSP00000406472	0.0
9606.ENSP00000363899	0.0
9606.ENSP00000363894	0.0
9606.ENSP00000448580	0.0
9606.ENSP00000384004	0.0
9606.ENSP00000495715	0.0
9606.ENSP00000412457	0.0
9606.ENSP00000364107	0.0
9606.ENSP00000365320	0.0
9606.ENSP00000501146	0.0
9606.ENSP00000379282	0.0
9606.ENSP00000364295	0.0
9606.ENSP00000493823	0.0
9606.ENSP00000441838	0.0
9606.ENSP00000364379	0.0
9606.ENSP00000364449	0.0
9606.ENSP00000364482	0.0
9606.ENSP00000407545	0.0
9606.ENSP00000482285	0.0
9606.ENSP00000375095	0.0
9606.ENSP00000386210	0.0
9606.ENSP00000364526	0.0
9606.ENSP00000364567	0.0
9606.ENSP00000364579	0.0
9606.ENSP00000364677	0.0
9606.ENSP00000421326	0.0
9606.ENSP00000364814	0.0
9606.ENSP00000481834	0.0
9606.ENSP00000364840	0.0
9606.ENSP00000364859	0.0
9606.ENSP00000497401	0.0
9606.ENSP00000404236	0.0
9606.ENSP00000364919	0.0
9606.ENSP00000366487	0.0
9606.ENSP00000364978	0.0
9606.ENSP00000372910	0.0
9606.ENSP00000364985	0.0
9606.ENSP00000372724	0.0
9606.ENSP00000364992	0.0
9606.ENSP00000365014	0.0
9606.ENSP00000365024	0.0
9606.ENSP00000365071	0.0
9606.ENSP00000400376	0.0
9606.ENSP00000365370	0.0
9606.ENSP00000464893	0.0
9606.ENSP00000365533	0.0
9606.ENSP00000371553	0.0
9606.ENSP00000365931	0.0
9606.ENSP00000366161	0.0
9606.ENSP00000366221	0.0
9606.ENSP00000366299	0.0
9606.ENSP00000378167	0.0
9606.ENSP00000394183	0.0
9606.ENSP00000427108	0.0
9606.ENSP00000435565	0.0
9606.ENSP00000366876	0.0
9606.ENSP00000366897	0.0
9606.ENSP00000366902	0.0
9606.ENSP00000366942	0.0
9606.ENSP00000405987	0.0
9606.ENSP00000366976	0.0
9606.ENSP00000367075	0.0
9606.ENSP00000367163	0.0
9606.ENSP00000404281	0.0
9606.ENSP00000438757	0.0
9606.ENSP00000367164	0.0
9606.ENSP00000392407	0.0
9606.ENSP00000367185	0.0
9606.ENSP00000479240	0.0
9606.ENSP00000419194	0.0
9606.ENSP00000400184	0.0
9606.ENSP00000367359	0.0
9606.ENSP00000367384	0.0
9606.ENSP00000495710	0.0
9606.ENSP00000456242	0.0
9606.ENSP00000498241	0.0
9606.ENSP00000389910	0.0
9606.ENSP00000367743	0.0
9606.ENSP00000392906	0.0
9606.ENSP00000367967	0.0
9606.ENSP00000483408	0.0
9606.ENSP00000368264	0.0
9606.ENSP00000368341	0.0
9606.ENSP00000368397	0.0
9606.ENSP00000379367	0.0
9606.ENSP00000501026	0.0
9606.ENSP00000476119	0.0
9606.ENSP00000417035	0.0
9606.ENSP00000456026	0.0
9606.ENSP00000368544	0.0
9606.ENSP00000484252	0.0
9606.ENSP00000368758	0.0
9606.ENSP00000368872	0.0
9606.ENSP00000368908	0.0
9606.ENSP00000409463	0.0
9606.ENSP00000444210	0.0
9606.ENSP00000469836	0.0
9606.ENSP00000379669	0.0
9606.ENSP00000383226	0.0
9606.ENSP00000375478	0.0
9606.ENSP00000490038	0.0
9606.ENSP00000369592	0.0
9606.ENSP00000452280	0.0
9606.ENSP00000369738	0.0
9606.ENSP00000370022	0.0
9606.ENSP00000370047	0.0
9606.ENSP00000370057	0.0
9606.ENSP00000370213	0.0
9606.ENSP00000380781	0.0
9606.ENSP00000370420	0.0
9606.ENSP00000370443	0.0
9606.ENSP00000494087	0.0
9606.ENSP00000481022	0.0
9606.ENSP00000370736	0.0
9606.ENSP00000394078	0.0
9606.ENSP00000390407	0.0
9606.ENSP00000432816	0.0
9606.ENSP00000370882	0.0
9606.ENSP00000415676	0.0
9606.ENSP00000454437	0.0
9606.ENSP00000385795	0.0
9606.ENSP00000495463	0.0
9606.ENSP00000438040	0.0
9606.ENSP00000497550	0.0
9606.ENSP00000448248	0.0
9606.ENSP00000477846	0.0
9606.ENSP00000371503	0.0
9606.ENSP00000371572	0.0
9606.ENSP00000493137	0.0
9606.ENSP00000449002	0.0
9606.ENSP00000389072	0.0
9606.ENSP00000492951	0.0
9606.ENSP00000492923	0.0
9606.ENSP00000371595	0.0
9606.ENSP00000417330	0.0
9606.ENSP00000371606	0.0
9606.ENSP00000431443	0.0
9606.ENSP00000382584	0.0
9606.ENSP00000371686	0.0
9606.ENSP00000380517	0.0
9606.ENSP00000371729	0.0
9606.ENSP00000441624	0.0
9606.ENSP00000372105	0.0
9606.ENSP00000372462	0.0
9606.ENSP00000372484	0.0
9606.ENSP00000458986	0.0
9606.ENSP00000372218	0.0
9606.ENSP00000430325	0.0
9606.ENSP00000372471	0.0
9606.ENSP00000499192	0.0
9606.ENSP00000372512	0.0
9606.ENSP00000474230	0.0
9606.ENSP00000446335	0.0
9606.ENSP00000373277	0.0
9606.ENSP00000494384	0.0
9606.ENSP00000496158	0.0
9606.ENSP00000374049	0.0
9606.ENSP00000441685	0.0
9606.ENSP00000375220	0.0
9606.ENSP00000375268	0.0
9606.ENSP00000382590	0.0
9606.ENSP00000375822	0.0
9606.ENSP00000385163	0.0
9606.ENSP00000411788	0.0
9606.ENSP00000377490	0.0
9606.ENSP00000375899	0.0
9606.ENSP00000397911	0.0
9606.ENSP00000399259	0.0
9606.ENSP00000481626	0.0
9606.ENSP00000376135	0.0
9606.ENSP00000376249	0.0
9606.ENSP00000490579	0.0
9606.ENSP00000376268	0.0
9606.ENSP00000384593	0.0
9606.ENSP00000387078	0.0
9606.ENSP00000466561	0.0
9606.ENSP00000496564	0.0
9606.ENSP00000440163	0.0
9606.ENSP00000468007	0.0
9606.ENSP00000499371	0.0
9606.ENSP00000440502	0.0
9606.ENSP00000382104	0.0
9606.ENSP00000377370	0.0
9606.ENSP00000377545	0.0
9606.ENSP00000377690	0.0
9606.ENSP00000377801	0.0
9606.ENSP00000487221	0.0
9606.ENSP00000378195	0.0
9606.ENSP00000416418	0.0
9606.ENSP00000387292	0.0
9606.ENSP00000378399	0.0
9606.ENSP00000378418	0.0
9606.ENSP00000378476	0.0
9606.ENSP00000379176	0.0
9606.ENSP00000499092	0.0
9606.ENSP00000378548	0.0
9606.ENSP00000392726	0.0
9606.ENSP00000388731	0.0
9606.ENSP00000379030	0.0
9606.ENSP00000498217	0.0
9606.ENSP00000393631	0.0
9606.ENSP00000479679	0.0
9606.ENSP00000384615	0.0
9606.ENSP00000379458	0.0
9606.ENSP00000442291	0.0
9606.ENSP00000379621	0.0
9606.ENSP00000387091	0.0
9606.ENSP00000498976	0.0
9606.ENSP00000379684	0.0
9606.ENSP00000379738	0.0
9606.ENSP00000384887	0.0
9606.ENSP00000379934	0.0
9606.ENSP00000385939	0.0
9606.ENSP00000432456	0.0
9606.ENSP00000380352	0.0
9606.ENSP00000500986	0.0
9606.ENSP00000403323	0.0
9606.ENSP00000386810	0.0
9606.ENSP00000453170	0.0
9606.ENSP00000483494	0.0
9606.ENSP00000385714	0.0
9606.ENSP00000381436	0.0
9606.ENSP00000493351	0.0
9606.ENSP00000381541	0.0
9606.ENSP00000381542	0.0
9606.ENSP00000416037	0.0
9606.ENSP00000381605	0.0
9606.ENSP00000460274	0.0
9606.ENSP00000429834	0.0
9606.ENSP00000381628	0.0
9606.ENSP00000420840	0.0
9606.ENSP00000429808	0.0
9606.ENSP00000435300	0.0
9606.ENSP00000498136	0.0
9606.ENSP00000485467	0.0
9606.ENSP00000463650	0.0
9606.ENSP00000381758	0.0
9606.ENSP00000382026	0.0
9606.ENSP00000463361	0.0
9606.ENSP00000382120	0.0
9606.ENSP00000447211	0.0
9606.ENSP00000382508	0.0
9606.ENSP00000400041	0.0
9606.ENSP00000382675	0.0
9606.ENSP00000425786	0.0
9606.ENSP00000382777	0.0
9606.ENSP00000382815	0.0
9606.ENSP00000382856	0.0
9606.ENSP00000437910	0.0
9606.ENSP00000439985	0.0
9606.ENSP00000442159	0.0
9606.ENSP00000473686	0.0
9606.ENSP00000474570	0.0
9606.ENSP00000414921	0.0
9606.ENSP00000383421	0.0
9606.ENSP00000441365	0.0
9606.ENSP00000438209	0.0
9606.ENSP00000384222	0.0
9606.ENSP00000482180	0.0
9606.ENSP00000423933	0.0
9606.ENSP00000384766	0.0
9606.ENSP00000385443	0.0
9606.ENSP00000414022	0.0
9606.ENSP00000386588	0.0
9606.ENSP00000481937	0.0
9606.ENSP00000478645	0.0
9606.ENSP00000386502	0.0
9606.ENSP00000444411	0.0
9606.ENSP00000481321	0.0
9606.ENSP00000394163	0.0
9606.ENSP00000410584	0.0
9606.ENSP00000401498	0.0
9606.ENSP00000386499	0.0
9606.ENSP00000410858	0.0
9606.ENSP00000386503	0.0
9606.ENSP00000404304	0.0
9606.ENSP00000386895	0.0
9606.ENSP00000386902	0.0
9606.ENSP00000493467	0.0
9606.ENSP00000387128	0.0
9606.ENSP00000387187	0.0
9606.ENSP00000427130	0.0
9606.ENSP00000415434	0.0
9606.ENSP00000490086	0.0
9606.ENSP00000388895	0.0
9606.ENSP00000501191	0.0
9606.ENSP00000389237	0.0
9606.ENSP00000417277	0.0
9606.ENSP00000411909	0.0
9606.ENSP00000398559	0.0
9606.ENSP00000408204	0.0
9606.ENSP00000414253	0.0
9606.ENSP00000390070	0.0
9606.ENSP00000400046	0.0
9606.ENSP00000390630	0.0
9606.ENSP00000479326	0.0
9606.ENSP00000391121	0.0
9606.ENSP00000484618	0.0
9606.ENSP00000447879	0.0
9606.ENSP00000392024	0.0
9606.ENSP00000405218	0.0
9606.ENSP00000392513	0.0
9606.ENSP00000500374	0.0
9606.ENSP00000478290	0.0
9606.ENSP00000392879	0.0
9606.ENSP00000423391	0.0
9606.ENSP00000393845	0.0
9606.ENSP00000478609	0.0
9606.ENSP00000470246	0.0
9606.ENSP00000394316	0.0
9606.ENSP00000397249	0.0
9606.ENSP00000457715	0.0
9606.ENSP00000475915	0.0
9606.ENSP00000499846	0.0
9606.ENSP00000455811	0.0
9606.ENSP00000395733	0.0
9606.ENSP00000468720	0.0
9606.ENSP00000397172	0.0
9606.ENSP00000397178	0.0
9606.ENSP00000397269	0.0
9606.ENSP00000480483	0.0
9606.ENSP00000397693	0.0
9606.ENSP00000405635	0.0
9606.ENSP00000478298	0.0
9606.ENSP00000437082	0.0
9606.ENSP00000399229	0.0
9606.ENSP00000489784	0.0
9606.ENSP00000431012	0.0
9606.ENSP00000412461	0.0
9606.ENSP00000400391	0.0
9606.ENSP00000498132	0.0
9606.ENSP00000400921	0.0
9606.ENSP00000401477	0.0
9606.ENSP00000485638	0.0
9606.ENSP00000439444	0.0
9606.ENSP00000463057	0.0
9606.ENSP00000485206	0.0
9606.ENSP00000464619	0.0
9606.ENSP00000463419	0.0
9606.ENSP00000420659	0.0
9606.ENSP00000417470	0.0
9606.ENSP00000470652	0.0
9606.ENSP00000497308	0.0
9606.ENSP00000402756	0.0
9606.ENSP00000403302	0.0
9606.ENSP00000481149	0.0
9606.ENSP00000498611	0.0
9606.ENSP00000404074	0.0
9606.ENSP00000405950	0.0
9606.ENSP00000407552	0.0
9606.ENSP00000483415	0.0
9606.ENSP00000409318	0.0
9606.ENSP00000409906	0.0
9606.ENSP00000410269	0.0
9606.ENSP00000417626	0.0
9606.ENSP00000498875	0.0
9606.ENSP00000430237	0.0
9606.ENSP00000482030	0.0
9606.ENSP00000492019	0.0
9606.ENSP00000412361	0.0
9606.ENSP00000470555	0.0
9606.ENSP00000433343	0.0
9606.ENSP00000415034	0.0
9606.ENSP00000425497	0.0
9606.ENSP00000416050	0.0
9606.ENSP00000475700	0.0
9606.ENSP00000416126	0.0
9606.ENSP00000416750	0.0
9606.ENSP00000417185	0.0
9606.ENSP00000480474	0.0
9606.ENSP00000455906	0.0
9606.ENSP00000457205	0.0
9606.ENSP00000419235	0.0
9606.ENSP00000419705	0.0
9606.ENSP00000490143	0.0
9606.ENSP00000420716	0.0
9606.ENSP00000454913	0.0
9606.ENSP00000428612	0.0
9606.ENSP00000425375	0.0
9606.ENSP00000427366	0.0
9606.ENSP00000422188	0.0
9606.ENSP00000422887	0.0
9606.ENSP00000423211	0.0
9606.ENSP00000423777	0.0
9606.ENSP00000422969	0.0
9606.ENSP00000424474	0.0
9606.ENSP00000444211	0.0
9606.ENSP00000424725	0.0
9606.ENSP00000426255	0.0
9606.ENSP00000427342	0.0
9606.ENSP00000470185	0.0
9606.ENSP00000484601	0.0
9606.ENSP00000481184	0.0
9606.ENSP00000427421	0.0
9606.ENSP00000439768	0.0
9606.ENSP00000428679	0.0
9606.ENSP00000428746	0.0
9606.ENSP00000429018	0.0
9606.ENSP00000461862	0.0
9606.ENSP00000429273	0.0
9606.ENSP00000429367	0.0
9606.ENSP00000429601	0.0
9606.ENSP00000429763	0.0
9606.ENSP00000431748	0.0
9606.ENSP00000489123	0.0
9606.ENSP00000431083	0.0
9606.ENSP00000429865	0.0
9606.ENSP00000436649	0.0
9606.ENSP00000430024	0.0
9606.ENSP00000493190	0.0
9606.ENSP00000479203	0.0
9606.ENSP00000450353	0.0
9606.ENSP00000440847	0.0
9606.ENSP00000431140	0.0
9606.ENSP00000434655	0.0
9606.ENSP00000459439	0.0
9606.ENSP00000455145	0.0
9606.ENSP00000432695	0.0
9606.ENSP00000433427	0.0
9606.ENSP00000433967	0.0
9606.ENSP00000434435	0.0
9606.ENSP00000434570	0.0
9606.ENSP00000435355	0.0
9606.ENSP00000489859	0.0
9606.ENSP00000436580	0.0
9606.ENSP00000436891	0.0
9606.ENSP00000436621	0.0
9606.ENSP00000437790	0.0
9606.ENSP00000493780	0.0
9606.ENSP00000439228	0.0
9606.ENSP00000474861	0.0
9606.ENSP00000485628	0.0
9606.ENSP00000498627	0.0
9606.ENSP00000441726	0.0
9606.ENSP00000441755	0.0
9606.ENSP00000442304	0.0
9606.ENSP00000442307	0.0
9606.ENSP00000479060	0.0
9606.ENSP00000464932	0.0
9606.ENSP00000470801	0.0
9606.ENSP00000482442	0.0
9606.ENSP00000445492	0.0
9606.ENSP00000450567	0.0
9606.ENSP00000466907	0.0
9606.ENSP00000481203	0.0
9606.ENSP00000455298	0.0
9606.ENSP00000456743	0.0
9606.ENSP00000458977	0.0
9606.ENSP00000500237	0.0
9606.ENSP00000462046	0.0
9606.ENSP00000462349	0.0
9606.ENSP00000461433	0.0
9606.ENSP00000478258	0.0
9606.ENSP00000498781	0.0
9606.ENSP00000478752	0.0
9606.ENSP00000479745	0.0
9606.ENSP00000466140	0.0
9606.ENSP00000471041	0.0
9606.ENSP00000472124	0.0
9606.ENSP00000493701	0.0
9606.ENSP00000492276	0.0
9606.ENSP00000496184	0.0
9606.ENSP00000473444	0.0
9606.ENSP00000490209	0.0
9606.ENSP00000490573	0.0
9606.ENSP00000497510	0.0
9606.ENSP00000475845	0.0
9606.ENSP00000477871	0.0
9606.ENSP00000478910	0.0
9606.ENSP00000493181	0.0
9606.ENSP00000480355	0.0
9606.ENSP00000482270	0.0
9606.ENSP00000483637	0.0
9606.ENSP00000500339	0.0
9606.ENSP00000483280	0.0
9606.ENSP00000484135	0.0
9606.ENSP00000489630	0.0
9606.ENSP00000484443	0.0
9606.ENSP00000485243	0.0
9606.ENSP00000497650	0.0
9606.ENSP00000485337	0.0
9606.ENSP00000493365	0.0
9606.ENSP00000486285	0.0
9606.ENSP00000489320	0.0
9606.ENSP00000497858	0.0
9606.ENSP00000490233	0.0
9606.ENSP00000490644	0.0
9606.ENSP00000489712	0.0
9606.ENSP00000489939	0.0
9606.ENSP00000490626	0.0
9606.ENSP00000493332	0.0
9606.ENSP00000493167	0.0
9606.ENSP00000489944	0.0
9606.ENSP00000490055	0.0
9606.ENSP00000493101	0.0
9606.ENSP00000493152	0.0
9606.ENSP00000490576	0.0
9606.ENSP00000490943	0.0
9606.ENSP00000490699	0.0
9606.ENSP00000493663	0.0
9606.ENSP00000493235	0.0
9606.ENSP00000493272	0.0
